time,r9i1p1f1,r8i1p1f1,r1i1p1f1,r11i1p1f1,r5i1p1f1,r7i1p1f1,r2i1p1f1,r3i1p1f1,r4i1p1f1,r6i1p1f1,r10i1p1f1
1979-01-15 12:00:00,21660705000000.0,20602186000000.0,20621690000000.0,22785074000000.0,25515591000000.0,21796350000000.0,19720602000000.0,21302004000000.0,20463663000000.0,18925660000000.0,22872990000000.0
1979-02-14 00:00:00,24375286000000.0,23755284000000.0,23752906000000.0,25501305000000.0,28488094000000.0,24318822000000.0,22990171000000.0,24293776000000.0,23347308000000.0,21604080000000.0,25905938000000.0
1979-03-15 12:00:00,26474570000000.0,26029507000000.0,25895040000000.0,27746307000000.0,30625472000000.0,26483888000000.0,25466986000000.0,26326710000000.0,25672743000000.0,23692570000000.0,28241641000000.0
1979-04-15 00:00:00,28167130000000.0,27501542000000.0,27511904000000.0,29123334000000.0,31759987000000.0,27973710000000.0,26724218000000.0,27706285000000.0,27282295000000.0,24940458000000.0,29590857000000.0
1979-05-15 12:00:00,28067026000000.0,27488510000000.0,27322372000000.0,29160056000000.0,31412908000000.0,27825550000000.0,26273624000000.0,27607500000000.0,27140913000000.0,24669864000000.0,29312644000000.0
1979-06-15 00:00:00,25240474000000.0,25106252000000.0,24660652000000.0,26312750000000.0,28458135000000.0,24902296000000.0,22945238000000.0,24889642000000.0,24332626000000.0,21740495000000.0,26837623000000.0
1979-07-15 12:00:00,18993610000000.0,20342680000000.0,18792575000000.0,20915400000000.0,22305936000000.0,19171310000000.0,15841345000000.0,18418038000000.0,18336008000000.0,15494885000000.0,21187760000000.0
1979-08-15 12:00:00,13599362000000.0,14801952000000.0,13107554000000.0,16067024000000.0,16433514000000.0,14528119000000.0,10361437000000.0,12875020000000.0,13522235000000.0,10558937000000.0,15448513000000.0
1979-09-15 00:00:00,11783272000000.0,12377531000000.0,10825362000000.0,14460977000000.0,14333866000000.0,12623651000000.0,8744619500000.0,11174553000000.0,11512466000000.0,8707059500000.0,13479248000000.0
1979-10-15 12:00:00,12938536000000.0,13122865000000.0,11973809000000.0,15383549000000.0,15267932000000.0,13295473000000.0,9627853000000.0,11667222000000.0,12111648000000.0,9535855000000.0,14639467000000.0
1979-11-15 00:00:00,15334168000000.0,15279694000000.0,14345252000000.0,17770807000000.0,17300376000000.0,15519275000000.0,12207000000000.0,13543416000000.0,14153768000000.0,11411331000000.0,17173746000000.0
1979-12-15 12:00:00,18613625000000.0,18371810000000.0,17604610000000.0,20944492000000.0,20335050000000.0,18380730000000.0,15978235000000.0,16653332000000.0,17226794000000.0,14898108000000.0,20405675000000.0
1980-01-15 12:00:00,22272287000000.0,22101027000000.0,21217969000000.0,24376938000000.0,24029470000000.0,22012555000000.0,19275106000000.0,19993436000000.0,20743870000000.0,18059255000000.0,24321624000000.0
1980-02-14 00:00:00,25152083000000.0,24965915000000.0,24200044000000.0,27205564000000.0,26764877000000.0,24784369000000.0,22409543000000.0,23367267000000.0,23583978000000.0,20785222000000.0,27433145000000.0
1980-03-15 12:00:00,26949773000000.0,26925945000000.0,26493042000000.0,29242250000000.0,28982687000000.0,26831630000000.0,25016008000000.0,25875192000000.0,26009705000000.0,23067140000000.0,29593919000000.0
1980-04-15 00:00:00,27966747000000.0,28277820000000.0,27523799000000.0,30430212000000.0,30319655000000.0,28310902000000.0,26821073000000.0,27323490000000.0,27467356000000.0,24497428000000.0,30925222000000.0
1980-05-15 12:00:00,27717735000000.0,27955435000000.0,27151693000000.0,30192215000000.0,30197227000000.0,28193782000000.0,26808443000000.0,27201844000000.0,27271704000000.0,24598536000000.0,30709392000000.0
1980-06-15 00:00:00,24756917000000.0,25039290000000.0,24537618000000.0,27587586000000.0,27155893000000.0,25636690000000.0,23632196000000.0,24496187000000.0,23820499000000.0,22022778000000.0,28141370000000.0
1980-07-15 12:00:00,18397140000000.0,18088376000000.0,18464056000000.0,23046107000000.0,21172016000000.0,19678726000000.0,17432045000000.0,18234342000000.0,16679298000000.0,16033346000000.0,21919238000000.0
1980-08-15 12:00:00,12743812000000.0,12252890000000.0,12670630000000.0,18911412000000.0,15717295000000.0,14275878000000.0,12190954000000.0,12544289000000.0,11315706000000.0,10529298000000.0,15972197000000.0
1980-09-15 00:00:00,10627066000000.0,10045566000000.0,10686990000000.0,17076314000000.0,13445376000000.0,12528596000000.0,9885862000000.0,10561554000000.0,9331883000000.0,8550734000000.0,13673805000000.0
1980-10-15 12:00:00,11735877000000.0,11386551000000.0,11579316000000.0,17761686000000.0,14071407000000.0,13200712000000.0,10922880000000.0,11675883000000.0,10533862000000.0,9634184000000.0,14376013000000.0
1980-11-15 00:00:00,14190024000000.0,13598680000000.0,13800645000000.0,19932184000000.0,16168589000000.0,15385238000000.0,13289234000000.0,13979873000000.0,13213676000000.0,12010589000000.0,16480550000000.0
1980-12-15 12:00:00,17672757000000.0,16909503000000.0,16947498000000.0,22801788000000.0,19049786000000.0,18746930000000.0,16834349000000.0,17469303000000.0,16631625000000.0,15745483000000.0,19284020000000.0
1981-01-15 12:00:00,21579698000000.0,20369868000000.0,20618429000000.0,26090500000000.0,22014455000000.0,22570282000000.0,21148878000000.0,21345786000000.0,20050986000000.0,19315655000000.0,22976408000000.0
1981-02-14 00:00:00,24631440000000.0,23324715000000.0,23550484000000.0,28777327000000.0,24666540000000.0,25705941000000.0,24233007000000.0,24396977000000.0,23115787000000.0,22323743000000.0,25695225000000.0
1981-03-15 12:00:00,26777260000000.0,25605420000000.0,25622712000000.0,30803010000000.0,26686419000000.0,27969104000000.0,26422463000000.0,26708527000000.0,25562995000000.0,24661864000000.0,27739960000000.0
1981-04-15 00:00:00,28166492000000.0,27169972000000.0,27053672000000.0,32329767000000.0,27776770000000.0,29410493000000.0,27669043000000.0,28112885000000.0,27056211000000.0,25778964000000.0,29113104000000.0
1981-05-15 12:00:00,27857661000000.0,26951530000000.0,26899043000000.0,32316678000000.0,27532393000000.0,29318040000000.0,27245544000000.0,27835303000000.0,26873724000000.0,25445527000000.0,28835957000000.0
1981-06-15 00:00:00,25005878000000.0,23791187000000.0,23928127000000.0,29675950000000.0,24516898000000.0,26344302000000.0,24347840000000.0,24677389000000.0,24057440000000.0,22922448000000.0,25889643000000.0
1981-07-15 12:00:00,19781743000000.0,16399699000000.0,17594543000000.0,24269690000000.0,18531997000000.0,19626558000000.0,17751030000000.0,18211170000000.0,18037621000000.0,17458088000000.0,20290399000000.0
1981-08-15 12:00:00,15326643000000.0,10325632000000.0,12250609000000.0,19124923000000.0,13551637000000.0,13854308000000.0,12241613000000.0,12857589000000.0,12405086000000.0,12049006000000.0,15518834000000.0
1981-09-15 00:00:00,13457709000000.0,7832382500000.0,10713220000000.0,17107468000000.0,11535060000000.0,11803097000000.0,10166595000000.0,11031198000000.0,10238791000000.0,10111154000000.0,13883786000000.0
1981-10-15 12:00:00,13978446000000.0,9482996000000.0,11868935000000.0,17740337000000.0,12180304000000.0,12922223000000.0,10876633000000.0,11860964000000.0,11285041000000.0,10749647000000.0,14537748000000.0
1981-11-15 00:00:00,16188549000000.0,11926506000000.0,14464374000000.0,19755709000000.0,14048849000000.0,15149276000000.0,12817751000000.0,13862826000000.0,13648346000000.0,12776639000000.0,16485756000000.0
1981-12-15 12:00:00,19419510000000.0,15429908000000.0,17870075000000.0,22804777000000.0,17267786000000.0,18079703000000.0,15572048000000.0,17157629000000.0,16358635000000.0,16105928000000.0,19621021000000.0
1982-01-15 12:00:00,22809770000000.0,19447763000000.0,21559861000000.0,26148780000000.0,20925704000000.0,21205306000000.0,19236043000000.0,20649278000000.0,19849382000000.0,19689646000000.0,23150423000000.0
1982-02-14 00:00:00,25902760000000.0,22600688000000.0,24373630000000.0,28755578000000.0,23789996000000.0,23852743000000.0,22411470000000.0,23518511000000.0,22656820000000.0,22453074000000.0,25818068000000.0
1982-03-15 12:00:00,28479430000000.0,24943276000000.0,26643217000000.0,30472560000000.0,25834012000000.0,26135585000000.0,24673966000000.0,25893573000000.0,24688700000000.0,24396392000000.0,27836685000000.0
1982-04-15 00:00:00,30068961000000.0,26289840000000.0,28049345000000.0,31692165000000.0,27196830000000.0,27165651000000.0,26210785000000.0,27239240000000.0,25589308000000.0,25829480000000.0,29441938000000.0
1982-05-15 12:00:00,29953160000000.0,25981092000000.0,27790422000000.0,31162236000000.0,26822243000000.0,26731453000000.0,25924123000000.0,27079437000000.0,24871591000000.0,25436210000000.0,29257233000000.0
1982-06-15 00:00:00,26931265000000.0,23254463000000.0,24631424000000.0,27818335000000.0,23924216000000.0,23690637000000.0,22571210000000.0,23995726000000.0,21344792000000.0,22492953000000.0,26623010000000.0
1982-07-15 12:00:00,20416639000000.0,17690211000000.0,18625060000000.0,21968852000000.0,18132150000000.0,18173110000000.0,15750853000000.0,17625805000000.0,14813604000000.0,16107054000000.0,20574238000000.0
1982-08-15 12:00:00,15184628000000.0,12091839000000.0,13317970000000.0,16966752000000.0,12994002000000.0,13638620000000.0,10243878000000.0,12583354000000.0,9642299000000.0,10792055000000.0,15320223000000.0
1982-09-15 00:00:00,13534394000000.0,9765862000000.0,11222383000000.0,14943607000000.0,11101916000000.0,12052034000000.0,8473889700000.0,10481467000000.0,7698735000000.0,9032790000000.0,13537536000000.0
1982-10-15 12:00:00,14352774000000.0,10856829000000.0,12079302000000.0,15339643000000.0,11662728000000.0,12730389000000.0,9527444000000.0,11124580000000.0,8970322000000.0,10027217000000.0,14316415000000.0
1982-11-15 00:00:00,16538651000000.0,12999391000000.0,14503794000000.0,17078179000000.0,13501527000000.0,14505782000000.0,11300473000000.0,13323459000000.0,11684700000000.0,12210350000000.0,16295102000000.0
1982-12-15 12:00:00,19708740000000.0,16490211000000.0,17585354000000.0,19853969000000.0,17039324000000.0,17528951000000.0,14095628000000.0,16718483000000.0,15124799000000.0,15584564000000.0,19134170000000.0
1983-01-15 12:00:00,23070799000000.0,20139781000000.0,20865845000000.0,23252127000000.0,20782869000000.0,20888546000000.0,17806943000000.0,20213668000000.0,18786829000000.0,19738873000000.0,22311541000000.0
1983-02-14 00:00:00,25743086000000.0,22805358000000.0,23897775000000.0,26224343000000.0,23870970000000.0,23897907000000.0,21047190000000.0,23307580000000.0,21614582000000.0,22591012000000.0,24874253000000.0
1983-03-15 12:00:00,28081629000000.0,25348582000000.0,26100346000000.0,28787375000000.0,26132040000000.0,26043046000000.0,23405202000000.0,25903365000000.0,23697864000000.0,24609051000000.0,26841612000000.0
1983-04-15 00:00:00,29338582000000.0,26911074000000.0,27582033000000.0,30092776000000.0,27214578000000.0,27037444000000.0,25096014000000.0,27511818000000.0,24916800000000.0,25830422000000.0,28103103000000.0
1983-05-15 12:00:00,29188564000000.0,26811540000000.0,27297176000000.0,29713769000000.0,26919618000000.0,26659994000000.0,24780380000000.0,27328590000000.0,24550213000000.0,25596059000000.0,27886266000000.0
1983-06-15 00:00:00,26569794000000.0,24209082000000.0,24186521000000.0,26643079000000.0,24183851000000.0,23498743000000.0,21594990000000.0,24403400000000.0,22030208000000.0,22511633000000.0,25381898000000.0
1983-07-15 12:00:00,21016450000000.0,18484760000000.0,18481592000000.0,20305310000000.0,18062636000000.0,17032957000000.0,15355731000000.0,17962763000000.0,16293032000000.0,15360071000000.0,19950136000000.0
1983-08-15 12:00:00,16210704000000.0,13294438000000.0,13407047000000.0,14956708000000.0,12942767000000.0,11730669000000.0,10233266000000.0,12277573000000.0,11052246000000.0,9502723000000.0,15089132000000.0
1983-09-15 00:00:00,14178465000000.0,11180492000000.0,11660784000000.0,13157414000000.0,10976852000000.0,10023552000000.0,8624789000000.0,10137893000000.0,8980816000000.0,7500091400000.0,13407930000000.0
1983-10-15 12:00:00,14778623000000.0,12097369000000.0,12795579000000.0,14027600000000.0,11616058000000.0,10960704000000.0,9739719000000.0,10895894000000.0,9974846000000.0,8901516000000.0,13793241000000.0
1983-11-15 00:00:00,16833988000000.0,14275576000000.0,15108617000000.0,16576772000000.0,14000937000000.0,12987084000000.0,12322739000000.0,12820299000000.0,12318738000000.0,11519238000000.0,15441915000000.0
1983-12-15 12:00:00,20170148000000.0,17533425000000.0,18109040000000.0,20045570000000.0,16886988000000.0,16224130000000.0,15602829000000.0,16241704000000.0,15369169000000.0,14890076000000.0,18655522000000.0
1984-01-15 12:00:00,23792844000000.0,21557362000000.0,21159112000000.0,23869683000000.0,19924817000000.0,19904745000000.0,19268850000000.0,19664785000000.0,18946068000000.0,18460527000000.0,21529828000000.0
1984-02-14 00:00:00,26838910000000.0,24743684000000.0,23841382000000.0,26536174000000.0,22750626000000.0,22738614000000.0,22207646000000.0,22246672000000.0,22047976000000.0,21201871000000.0,24239946000000.0
1984-03-15 12:00:00,28985757000000.0,26787996000000.0,26063665000000.0,28749400000000.0,25156517000000.0,24779210000000.0,24506895000000.0,24144510000000.0,24478940000000.0,23412513000000.0,26413262000000.0
1984-04-15 00:00:00,30813878000000.0,27988041000000.0,27382795000000.0,30117032000000.0,26541015000000.0,25969927000000.0,26105604000000.0,25398667000000.0,25566867000000.0,24808494000000.0,27902360000000.0
1984-05-15 12:00:00,30793989000000.0,27604694000000.0,26879461000000.0,30015576000000.0,26259841000000.0,25385404000000.0,25949815000000.0,25298821000000.0,25209948000000.0,24409054000000.0,27634784000000.0
1984-06-15 00:00:00,28443838000000.0,24938077000000.0,23824989000000.0,27403100000000.0,22848005000000.0,22415837000000.0,22931340000000.0,22718435000000.0,22342020000000.0,20926712000000.0,24184692000000.0
1984-07-15 12:00:00,23119200000000.0,19302644000000.0,17541672000000.0,20943011000000.0,15797062000000.0,16448238000000.0,16400600000000.0,16187048000000.0,16082525000000.0,13988800000000.0,17549926000000.0
1984-08-15 12:00:00,17660050000000.0,13395097000000.0,11933936000000.0,14823157000000.0,10688842000000.0,11514354000000.0,10568460000000.0,10365614000000.0,10472569000000.0,8258430400000.0,12761979000000.0
1984-09-15 00:00:00,15671025000000.0,11255886000000.0,10068957000000.0,12611785000000.0,8990225000000.0,9613724000000.0,8544654000000.0,8411508000000.0,8302687700000.0,6315644600000.0,11054664000000.0
1984-10-15 12:00:00,16655350000000.0,12058393000000.0,11052666000000.0,13138006000000.0,9745496000000.0,10287665000000.0,9897315000000.0,9526409000000.0,8821387000000.0,7354854700000.0,11926885000000.0
1984-11-15 00:00:00,18994690000000.0,14207550000000.0,13540182000000.0,15320740000000.0,11769647000000.0,12378075000000.0,12659297000000.0,11671119000000.0,11015041000000.0,9458628000000.0,14083976000000.0
1984-12-15 12:00:00,22410670000000.0,17359067000000.0,16332406000000.0,18500194000000.0,14967915000000.0,15556445000000.0,15693100000000.0,14333329000000.0,14175148000000.0,12799867000000.0,17385855000000.0
1985-01-15 12:00:00,26048760000000.0,20751120000000.0,19818049000000.0,22158248000000.0,18533409000000.0,19701992000000.0,19195080000000.0,17641725000000.0,17761082000000.0,16712609000000.0,20835547000000.0
1985-02-14 00:00:00,28694014000000.0,23752121000000.0,22982920000000.0,24961893000000.0,21560623000000.0,22943325000000.0,22347933000000.0,20555219000000.0,20684570000000.0,19431145000000.0,24019540000000.0
1985-03-15 12:00:00,30593243000000.0,26041528000000.0,25215407000000.0,27156764000000.0,23928502000000.0,25199924000000.0,24847755000000.0,22956525000000.0,22432702000000.0,21765980000000.0,26421960000000.0
1985-04-15 00:00:00,31933721000000.0,27217890000000.0,26306670000000.0,28405265000000.0,25528384000000.0,26690921000000.0,26125250000000.0,24499870000000.0,23748426000000.0,23254568000000.0,27901299000000.0
1985-05-15 12:00:00,31742840000000.0,26879266000000.0,25944543000000.0,28246798000000.0,25399713000000.0,26241848000000.0,25934002000000.0,23908445000000.0,23560018000000.0,23049785000000.0,27990800000000.0
1985-06-15 00:00:00,28786823000000.0,24365450000000.0,22754030000000.0,25236780000000.0,22004705000000.0,23379440000000.0,23216775000000.0,20226012000000.0,20668900000000.0,19749710000000.0,25469573000000.0
1985-07-15 12:00:00,22030326000000.0,18668799000000.0,16034954000000.0,18814463000000.0,15573751000000.0,16498836000000.0,16772465000000.0,13221556000000.0,14458775000000.0,13298959000000.0,19353129000000.0
1985-08-15 12:00:00,16718018000000.0,13219633000000.0,10817674000000.0,13632732000000.0,10291658000000.0,10532358000000.0,10743777000000.0,7976665500000.0,9295159000000.0,7691968700000.0,13778803000000.0
1985-09-15 00:00:00,14737430000000.0,11389291000000.0,9125548000000.0,11682051000000.0,8290292000000.0,8457089400000.0,8693445000000.0,6305159300000.0,7468232500000.0,5508359500000.0,12067795000000.0
1985-10-15 12:00:00,15313691000000.0,12015687000000.0,10341138000000.0,12313346000000.0,9445911000000.0,9107798000000.0,9825969000000.0,7175179600000.0,8243173700000.0,6333613000000.0,12933178000000.0
1985-11-15 00:00:00,17509301000000.0,14179560000000.0,12785407000000.0,14776021000000.0,11784038000000.0,11169520000000.0,12162008000000.0,9056589000000.0,10238747000000.0,8721477400000.0,14821337000000.0
1985-12-15 12:00:00,20975073000000.0,17709260000000.0,15915077000000.0,18004526000000.0,15028284000000.0,14711559000000.0,15448323000000.0,12230166000000.0,13397020000000.0,12155412000000.0,17839839000000.0
1986-01-15 12:00:00,24840526000000.0,21597677000000.0,19749338000000.0,21814596000000.0,18706785000000.0,18226728000000.0,19122314000000.0,16405927000000.0,16957561000000.0,16042376000000.0,21458390000000.0
1986-02-14 00:00:00,27582976000000.0,24450808000000.0,22877785000000.0,24732557000000.0,21663073000000.0,21189510000000.0,21627890000000.0,19514990000000.0,19989984000000.0,19115041000000.0,24165190000000.0
1986-03-15 12:00:00,29577740000000.0,26654106000000.0,24981060000000.0,26878996000000.0,23890600000000.0,23513082000000.0,23685109000000.0,21621476000000.0,22401270000000.0,21677382000000.0,26483024000000.0
1986-04-15 00:00:00,30985882000000.0,27737218000000.0,26310187000000.0,28206602000000.0,24971015000000.0,24822659000000.0,25102000000000.0,23185045000000.0,24172089000000.0,23542448000000.0,28024636000000.0
1986-05-15 12:00:00,30863760000000.0,27234681000000.0,26078263000000.0,28103634000000.0,24632619000000.0,24401272000000.0,25095825000000.0,23135605000000.0,24043497000000.0,23366858000000.0,27910027000000.0
1986-06-15 00:00:00,27994916000000.0,24045337000000.0,23593543000000.0,25424990000000.0,21885130000000.0,21618087000000.0,22450889000000.0,19970673000000.0,21057033000000.0,20280253000000.0,25421828000000.0
1986-07-15 12:00:00,21294209000000.0,17866880000000.0,17130003000000.0,19764244000000.0,15571354000000.0,15493188000000.0,16155912000000.0,13290574000000.0,14274762000000.0,13662176000000.0,19885413000000.0
1986-08-15 12:00:00,15245418000000.0,12546747000000.0,11081394000000.0,14305731000000.0,10516883000000.0,9981971000000.0,10529972000000.0,7964455000000.0,8839868000000.0,7945540600000.0,15166079000000.0
1986-09-15 00:00:00,13371568000000.0,10547603000000.0,9342285000000.0,12446891000000.0,8607336000000.0,8247804700000.0,8394800000000.0,6118332400000.0,7095514600000.0,6294968000000.0,13282924000000.0
1986-10-15 12:00:00,14107906000000.0,11242947000000.0,10183915000000.0,13226803000000.0,9558893000000.0,8837185000000.0,9467825000000.0,7068399400000.0,8096999500000.0,7728487500000.0,13812264000000.0
1986-11-15 00:00:00,16543048000000.0,13560755000000.0,12069815000000.0,15330715000000.0,11721259000000.0,10810171000000.0,12057240000000.0,9205090000000.0,10035424000000.0,10175644000000.0,15822957000000.0
1986-12-15 12:00:00,19440444000000.0,16981853000000.0,15028105000000.0,18484608000000.0,14749467000000.0,14828117000000.0,15501862000000.0,12682984000000.0,13794523000000.0,13450497000000.0,19119026000000.0
1987-01-15 12:00:00,22940339000000.0,21286806000000.0,18229330000000.0,21887462000000.0,18272825000000.0,18893460000000.0,19006826000000.0,16804747000000.0,17429386000000.0,17216639000000.0,22919627000000.0
1987-02-14 00:00:00,26108207000000.0,24150224000000.0,21150803000000.0,24694097000000.0,21524233000000.0,22206743000000.0,22111945000000.0,19609567000000.0,20613945000000.0,20387310000000.0,25725415000000.0
1987-03-15 12:00:00,28331878000000.0,26396387000000.0,23759717000000.0,26754186000000.0,23876474000000.0,24462854000000.0,24536804000000.0,21891419000000.0,22937210000000.0,22880420000000.0,27901733000000.0
1987-04-15 00:00:00,29559127000000.0,28158133000000.0,25553059000000.0,27757308000000.0,25014750000000.0,25980295000000.0,26256505000000.0,23336262000000.0,24124260000000.0,24254130000000.0,29186148000000.0
1987-05-15 12:00:00,29119123000000.0,28033327000000.0,25541747000000.0,27571510000000.0,24801601000000.0,25611846000000.0,26168089000000.0,23252100000000.0,23875280000000.0,23920585000000.0,28753716000000.0
1987-06-15 00:00:00,25940411000000.0,24950182000000.0,22238225000000.0,24781584000000.0,21749454000000.0,22482241000000.0,22972425000000.0,20660580000000.0,21480730000000.0,20879057000000.0,25516397000000.0
1987-07-15 12:00:00,19384119000000.0,18470362000000.0,14938655000000.0,19264776000000.0,14745909000000.0,14974480000000.0,17459946000000.0,14708069000000.0,16188093000000.0,14498179000000.0,19307786000000.0
1987-08-15 12:00:00,13960299000000.0,12813330000000.0,9211628000000.0,14528165000000.0,9178490000000.0,8794574700000.0,12215369000000.0,9115674000000.0,10893912000000.0,9275817000000.0,14286366000000.0
1987-09-15 00:00:00,12224135000000.0,10752522000000.0,7292999000000.0,12605464000000.0,7440308400000.0,6765065300000.0,10193559000000.0,7242928000000.0,8908985000000.0,7514415400000.0,12337908000000.0
1987-10-15 12:00:00,13105791000000.0,11389945000000.0,8179368000000.0,13011537000000.0,8430085500000.0,8070349000000.0,11343968000000.0,8018016000000.0,9618622000000.0,8399721000000.0,12795846000000.0
1987-11-15 00:00:00,15469711000000.0,13243433000000.0,10267142000000.0,14917888000000.0,10546137000000.0,10388621000000.0,13501155000000.0,10513436000000.0,11480520000000.0,10816921000000.0,14706742000000.0
1987-12-15 12:00:00,18739188000000.0,16549629000000.0,13869634000000.0,17879412000000.0,13704801000000.0,13907991000000.0,16549295000000.0,13984365000000.0,14568050000000.0,14440794000000.0,17127531000000.0
1988-01-15 12:00:00,21929950000000.0,20345306000000.0,17413945000000.0,21674091000000.0,17465951000000.0,17522071000000.0,20103983000000.0,17359908000000.0,18258038000000.0,18163810000000.0,20543655000000.0
1988-02-14 00:00:00,25254592000000.0,23088115000000.0,20456684000000.0,24848932000000.0,20905336000000.0,20633850000000.0,23119868000000.0,20412071000000.0,21117670000000.0,21305535000000.0,23653199000000.0
1988-03-15 12:00:00,27396036000000.0,25185877000000.0,22723892000000.0,27092557000000.0,23135896000000.0,22618346000000.0,25669212000000.0,22783208000000.0,23528317000000.0,23519320000000.0,25643589000000.0
1988-04-15 00:00:00,28575600000000.0,26678770000000.0,23944833000000.0,28563508000000.0,24619734000000.0,24098573000000.0,27232454000000.0,24253458000000.0,25122912000000.0,24719910000000.0,27033740000000.0
1988-05-15 12:00:00,28013832000000.0,26319346000000.0,23555887000000.0,28346990000000.0,24067931000000.0,23843704000000.0,26930523000000.0,24001840000000.0,25009502000000.0,24469360000000.0,26505602000000.0
1988-06-15 00:00:00,24622007000000.0,22963517000000.0,20719317000000.0,25567257000000.0,20620470000000.0,20543332000000.0,23985593000000.0,20780272000000.0,22148899000000.0,21707943000000.0,23626865000000.0
1988-07-15 12:00:00,17910882000000.0,15915630000000.0,14057706000000.0,18680535000000.0,14157087000000.0,14109158000000.0,18089912000000.0,13752777000000.0,15065710000000.0,15982137000000.0,16783126000000.0
1988-08-15 12:00:00,12073358000000.0,10247207000000.0,8315278000000.0,13317213000000.0,9042718000000.0,8713992700000.0,12371305000000.0,8109080000000.0,9745105000000.0,10890100000000.0,11355302000000.0
1988-09-15 00:00:00,9894951000000.0,8024030700000.0,6527759000000.0,11048524000000.0,7207822000000.0,6836051000000.0,10312661000000.0,6380409300000.0,8170399000000.0,9104909000000.0,9899991000000.0
1988-10-15 12:00:00,10992827000000.0,9413394000000.0,7719741300000.0,11556400000000.0,7971942700000.0,7816681000000.0,11076240000000.0,7404337000000.0,9095436000000.0,9875341000000.0,10720240000000.0
1988-11-15 00:00:00,13595167000000.0,11672069000000.0,10469165000000.0,13623740000000.0,10305397000000.0,10255836000000.0,13221140000000.0,9791812000000.0,11042757000000.0,12013536000000.0,12687790000000.0
1988-12-15 12:00:00,17002255000000.0,14614251000000.0,14267099000000.0,16389352000000.0,14018905000000.0,13882878000000.0,16422518000000.0,12799617000000.0,14415955000000.0,15367393000000.0,15825115000000.0
1989-01-15 12:00:00,20582423000000.0,18623838000000.0,18351502000000.0,19494580000000.0,17877965000000.0,17698382000000.0,19965076000000.0,16618892000000.0,18351570000000.0,19346246000000.0,19589862000000.0
1989-02-14 00:00:00,23569640000000.0,21999129000000.0,21599583000000.0,22323256000000.0,20529717000000.0,21005880000000.0,22727633000000.0,19350608000000.0,21333883000000.0,22506585000000.0,22611189000000.0
1989-03-15 12:00:00,25627422000000.0,24542704000000.0,23907373000000.0,24498672000000.0,22705080000000.0,23415696000000.0,24683730000000.0,21740885000000.0,23771262000000.0,24750676000000.0,24862903000000.0
1989-04-15 00:00:00,27051858000000.0,25964336000000.0,25432053000000.0,26055052000000.0,23945320000000.0,25040720000000.0,26107674000000.0,23145184000000.0,25478240000000.0,26274053000000.0,26075535000000.0
1989-05-15 12:00:00,26820741000000.0,25608097000000.0,25208207000000.0,26035945000000.0,23741736000000.0,24724336000000.0,25919500000000.0,22769370000000.0,25213635000000.0,26181559000000.0,25733313000000.0
1989-06-15 00:00:00,23959297000000.0,22273805000000.0,21919454000000.0,23052654000000.0,20307239000000.0,21044455000000.0,23282324000000.0,19691406000000.0,21718520000000.0,22885305000000.0,22395927000000.0
1989-07-15 12:00:00,17086953000000.0,15091230000000.0,14899592000000.0,16763899000000.0,13262559000000.0,13673150000000.0,16742604000000.0,13113722000000.0,14534511000000.0,15562233000000.0,15986365000000.0
1989-08-15 12:00:00,11286792000000.0,9255818000000.0,9448065000000.0,11383708000000.0,7478870300000.0,7883393000000.0,11436269000000.0,7755848000000.0,8890259000000.0,9728911000000.0,10917183000000.0
1989-09-15 00:00:00,9776215000000.0,7313637000000.0,7859603500000.0,9715215000000.0,5408815000000.0,5873503000000.0,9438487000000.0,5809578700000.0,7298259000000.0,7407509000000.0,9210114000000.0
1989-10-15 12:00:00,10851161000000.0,8461353000000.0,8654650600000.0,10651822000000.0,6660444700000.0,6969566400000.0,10155169000000.0,6985988000000.0,8136612600000.0,8477171000000.0,9845240000000.0
1989-11-15 00:00:00,13645827000000.0,10422724000000.0,10903624000000.0,12943108000000.0,9095724000000.0,9111281000000.0,12414659000000.0,9611559000000.0,10321193000000.0,10580161000000.0,11657906000000.0
1989-12-15 12:00:00,17238306000000.0,13831133000000.0,14241368000000.0,16171141000000.0,12436648000000.0,12212497000000.0,15509288000000.0,12967453000000.0,13978302000000.0,14270868000000.0,14838303000000.0
1990-01-15 12:00:00,20837990000000.0,17902864000000.0,17866254000000.0,19558250000000.0,16266463000000.0,15919881000000.0,19228757000000.0,16500961000000.0,18127824000000.0,17825842000000.0,18407966000000.0
1990-02-14 00:00:00,23494335000000.0,20927901000000.0,20600312000000.0,22507071000000.0,19093942000000.0,19428524000000.0,22050765000000.0,19628628000000.0,21856879000000.0,20640841000000.0,21339012000000.0
1990-03-15 12:00:00,25871742000000.0,23314340000000.0,23217205000000.0,24610599000000.0,21226311000000.0,21978732000000.0,24239810000000.0,21852860000000.0,24472864000000.0,22702170000000.0,23629337000000.0
1990-04-15 00:00:00,27237403000000.0,24836819000000.0,24649710000000.0,26113103000000.0,22617503000000.0,23327387000000.0,25523676000000.0,23221477000000.0,26261162000000.0,23911605000000.0,25126813000000.0
1990-05-15 12:00:00,26873178000000.0,24702785000000.0,24486783000000.0,25801542000000.0,22739864000000.0,22883194000000.0,25221860000000.0,23088752000000.0,26252577000000.0,23676871000000.0,24938799000000.0
1990-06-15 00:00:00,23620129000000.0,21411597000000.0,21255602000000.0,22901118000000.0,20145657000000.0,19536925000000.0,22312080000000.0,20306008000000.0,23395900000000.0,20709238000000.0,21800463000000.0
1990-07-15 12:00:00,16573270000000.0,15137132000000.0,14747401000000.0,17647027000000.0,14072361000000.0,13236890000000.0,15557542000000.0,14078775000000.0,16255113000000.0,14518698000000.0,16065616000000.0
1990-08-15 12:00:00,10825727000000.0,10202609000000.0,9176118000000.0,12693786000000.0,8205168000000.0,8505202000000.0,10197186000000.0,9197169000000.0,9951638000000.0,8836499000000.0,11222359000000.0
1990-09-15 00:00:00,8756837000000.0,8365047000000.0,7350246000000.0,10712871000000.0,5970017000000.0,6759163000000.0,8245996400000.0,7363345500000.0,8017561000000.0,6846253400000.0,9324256000000.0
1990-10-15 12:00:00,9434758000000.0,9310556000000.0,8636634000000.0,11494228000000.0,6892756700000.0,7727911300000.0,8980184000000.0,8181031000000.0,9128567000000.0,7907196300000.0,9780630000000.0
1990-11-15 00:00:00,11536109000000.0,11365296000000.0,10914488000000.0,13810918000000.0,9095898000000.0,9748132000000.0,11393544000000.0,10158800000000.0,11907205000000.0,10528599000000.0,11356958000000.0
1990-12-15 12:00:00,14681675000000.0,14495812000000.0,14217959000000.0,16994208000000.0,12736635000000.0,12792222000000.0,14863231000000.0,13276639000000.0,15722904000000.0,13682841000000.0,14233733000000.0
1991-01-15 12:00:00,18231218000000.0,18315900000000.0,17985197000000.0,20829136000000.0,16975900000000.0,16414083000000.0,18453608000000.0,16943168000000.0,19373431000000.0,17317986000000.0,18013080000000.0
1991-02-14 00:00:00,21206220000000.0,21274479000000.0,21208650000000.0,23593929000000.0,19859394000000.0,19630395000000.0,21448110000000.0,19713883000000.0,22116440000000.0,20387966000000.0,20987198000000.0
1991-03-15 12:00:00,23406390000000.0,23832027000000.0,23673627000000.0,25737503000000.0,22179945000000.0,21992040000000.0,23710552000000.0,21952794000000.0,24083471000000.0,22686902000000.0,23435740000000.0
1991-04-15 00:00:00,24851979000000.0,25364814000000.0,25117241000000.0,27042918000000.0,23705480000000.0,23568069000000.0,25462439000000.0,23488702000000.0,25287941000000.0,24298436000000.0,24717346000000.0
1991-05-15 12:00:00,24786657000000.0,25073893000000.0,25010127000000.0,26821700000000.0,23727476000000.0,23373747000000.0,25223240000000.0,23509858000000.0,25085590000000.0,23895710000000.0,24310641000000.0
1991-06-15 00:00:00,22231700000000.0,21930363000000.0,21720312000000.0,24022293000000.0,20564150000000.0,20196341000000.0,22422732000000.0,20799163000000.0,22060846000000.0,21451281000000.0,21044847000000.0
1991-07-15 12:00:00,16246198000000.0,15223824000000.0,15011884000000.0,17732305000000.0,13647672000000.0,12671519000000.0,15571885000000.0,14526055000000.0,15147088000000.0,15874620000000.0,14442802000000.0
1991-08-15 12:00:00,11248377000000.0,9789083000000.0,9429360000000.0,12239434000000.0,8092537300000.0,7152575000000.0,9427283000000.0,9125386000000.0,9526132000000.0,10139657000000.0,9278006000000.0
1991-09-15 00:00:00,9221930000000.0,7817967700000.0,7373989000000.0,10529849000000.0,6119118300000.0,5246598000000.0,7521314000000.0,7257781700000.0,7972457000000.0,8330982000000.0,7585779400000.0
1991-10-15 12:00:00,9948459000000.0,8785873000000.0,8883062000000.0,11397659000000.0,7375621000000.0,6560255300000.0,8430256400000.0,8371511000000.0,8660163000000.0,9172203000000.0,8503798300000.0
1991-11-15 00:00:00,12167575000000.0,11377664000000.0,11378973000000.0,13505124000000.0,9862027000000.0,9137136000000.0,10780886000000.0,10970909000000.0,10907709000000.0,11307934000000.0,10588724000000.0
1991-12-15 12:00:00,15385403000000.0,14960275000000.0,14750283000000.0,16762946000000.0,12671779000000.0,12754366000000.0,14395314000000.0,14634647000000.0,14615223000000.0,14631467000000.0,14070166000000.0
1992-01-15 12:00:00,19081101000000.0,18930502000000.0,18910869000000.0,20553323000000.0,16425861000000.0,16860856000000.0,18450676000000.0,18543775000000.0,18149773000000.0,18043747000000.0,18463918000000.0
1992-02-14 00:00:00,22021524000000.0,22187998000000.0,22257347000000.0,23456041000000.0,19843160000000.0,20012014000000.0,21338283000000.0,21354275000000.0,21036058000000.0,20979326000000.0,21198927000000.0
1992-03-15 12:00:00,24352045000000.0,24322186000000.0,24753318000000.0,25857796000000.0,22351098000000.0,22178897000000.0,23672834000000.0,23854000000000.0,23324659000000.0,22945204000000.0,23186626000000.0
1992-04-15 00:00:00,25828020000000.0,25888142000000.0,26260997000000.0,27307423000000.0,23880171000000.0,23427012000000.0,25371697000000.0,25190013000000.0,24678470000000.0,24004123000000.0,24784306000000.0
1992-05-15 12:00:00,25761107000000.0,25931990000000.0,26235250000000.0,26975584000000.0,23790891000000.0,23114717000000.0,25086896000000.0,24793768000000.0,24231836000000.0,23627618000000.0,24978488000000.0
1992-06-15 00:00:00,22953710000000.0,23015572000000.0,23588103000000.0,24019395000000.0,20734716000000.0,20249924000000.0,22379443000000.0,21583515000000.0,21068041000000.0,20716787000000.0,22455993000000.0
1992-07-15 12:00:00,17003768000000.0,17069588000000.0,17048473000000.0,17782200000000.0,14905350000000.0,13638784000000.0,16965744000000.0,15341774000000.0,14928285000000.0,14830970000000.0,17034778000000.0
1992-08-15 12:00:00,12455703000000.0,11784257000000.0,10879884000000.0,12214082000000.0,10337888000000.0,8023457700000.0,12026446000000.0,10274837000000.0,10259638000000.0,9846252000000.0,12042428000000.0
1992-09-15 00:00:00,10954538000000.0,9770987000000.0,8332466700000.0,10505166000000.0,8699983700000.0,5993923600000.0,9977360000000.0,8333691500000.0,8739895600000.0,7878316400000.0,10390512000000.0
1992-10-15 12:00:00,11585181000000.0,10649376000000.0,9051870000000.0,11579544000000.0,9452036000000.0,7040893000000.0,10872269000000.0,9262800000000.0,9610521000000.0,8834158000000.0,11173437000000.0
1992-11-15 00:00:00,13695170000000.0,12841864000000.0,11590491000000.0,14174139000000.0,11335228000000.0,9523082000000.0,13238291000000.0,11500276000000.0,11982074000000.0,11110172000000.0,13498496000000.0
1992-12-15 12:00:00,16828015000000.0,16090592000000.0,15288322000000.0,17635268000000.0,14470682000000.0,13505451000000.0,16720809000000.0,14685498000000.0,15211835000000.0,14558391000000.0,16781455000000.0
1993-01-15 12:00:00,20854870000000.0,19604370000000.0,19358047000000.0,21320308000000.0,18118873000000.0,17362937000000.0,20696491000000.0,18388988000000.0,18667664000000.0,18705098000000.0,20394740000000.0
1993-02-14 00:00:00,24117156000000.0,22729848000000.0,22563548000000.0,24627090000000.0,21065445000000.0,20691718000000.0,23886268000000.0,21432510000000.0,21149556000000.0,22177437000000.0,23147910000000.0
1993-03-15 12:00:00,26492533000000.0,25064708000000.0,24776131000000.0,27058336000000.0,23502382000000.0,22682538000000.0,26261104000000.0,23606180000000.0,23251670000000.0,24604668000000.0,25526366000000.0
1993-04-15 00:00:00,28061578000000.0,26607312000000.0,25824320000000.0,28631204000000.0,25227925000000.0,23916802000000.0,27715955000000.0,24798223000000.0,24668984000000.0,26167946000000.0,27124710000000.0
1993-05-15 12:00:00,28102877000000.0,26572774000000.0,25434566000000.0,28607617000000.0,25118785000000.0,23743531000000.0,27478983000000.0,24440243000000.0,24479020000000.0,25934931000000.0,27128867000000.0
1993-06-15 00:00:00,25328664000000.0,23780470000000.0,22271096000000.0,25734030000000.0,22108592000000.0,21064988000000.0,24985645000000.0,21697405000000.0,21599520000000.0,22984362000000.0,24309339000000.0
1993-07-15 12:00:00,19312677000000.0,17213866000000.0,15984044000000.0,19803452000000.0,15632997000000.0,15516897000000.0,19230907000000.0,15487036000000.0,14637927000000.0,16943017000000.0,17431478000000.0
1993-08-15 12:00:00,13600163000000.0,11767026000000.0,10479592000000.0,14205057000000.0,10225143000000.0,9918225000000.0,13665434000000.0,9826611000000.0,9332576000000.0,11890065000000.0,11820005000000.0
1993-09-15 00:00:00,11531808000000.0,9717058000000.0,8646382600000.0,11820277000000.0,8379834600000.0,7681784000000.0,11875023000000.0,8092647400000.0,7677273000000.0,9860793000000.0,10127631000000.0
1993-10-15 12:00:00,12162669000000.0,10410286000000.0,9217080000000.0,12622506000000.0,9193404000000.0,8734577300000.0,12906254000000.0,9100083000000.0,8723030300000.0,10611979000000.0,11380283000000.0
1993-11-15 00:00:00,14721402000000.0,12936384000000.0,10772517000000.0,14902854000000.0,11526912000000.0,11120369000000.0,15403447000000.0,11536490000000.0,10765811000000.0,12641417000000.0,13791534000000.0
1993-12-15 12:00:00,18203124000000.0,16548511000000.0,13912915000000.0,18386294000000.0,14998832000000.0,14506665000000.0,18601310000000.0,14842872000000.0,14296210000000.0,15892584000000.0,17166131000000.0
1994-01-15 12:00:00,21424178000000.0,20291586000000.0,18027165000000.0,22144086000000.0,18733830000000.0,18353480000000.0,21912139000000.0,18451268000000.0,17923186000000.0,19424960000000.0,21090783000000.0
1994-02-14 00:00:00,24325904000000.0,23260847000000.0,21501315000000.0,25014043000000.0,21668544000000.0,21397440000000.0,24687686000000.0,21351020000000.0,20719410000000.0,22450940000000.0,24025928000000.0
1994-03-15 12:00:00,26416435000000.0,25580640000000.0,23930740000000.0,27191128000000.0,23654000000000.0,23857700000000.0,27078418000000.0,23278050000000.0,23456494000000.0,24817948000000.0,26190312000000.0
1994-04-15 00:00:00,27668040000000.0,27195947000000.0,25472800000000.0,28761452000000.0,25169645000000.0,25093206000000.0,28549161000000.0,24587640000000.0,24855513000000.0,26504550000000.0,27555490000000.0
1994-05-15 12:00:00,27384177000000.0,27316403000000.0,25452740000000.0,28539718000000.0,25107210000000.0,24662520000000.0,28652438000000.0,24454134000000.0,24504657000000.0,26280469000000.0,27279845000000.0
1994-06-15 00:00:00,24196445000000.0,24576447000000.0,22290330000000.0,25493544000000.0,22443561000000.0,21594974000000.0,25761642000000.0,21228199000000.0,21570018000000.0,22997935000000.0,24414196000000.0
1994-07-15 12:00:00,17408962000000.0,17904265000000.0,15103276000000.0,18743405000000.0,17127650000000.0,14168184000000.0,18426957000000.0,13875118000000.0,14962869000000.0,16271484000000.0,18407833000000.0
1994-08-15 12:00:00,12045400000000.0,12010329000000.0,8923675000000.0,13117552000000.0,11945162000000.0,8379360600000.0,11782020000000.0,7976355000000.0,9023036000000.0,10492703000000.0,13145064000000.0
1994-09-15 00:00:00,9999854000000.0,9853147000000.0,7194018300000.0,11186364000000.0,10174322000000.0,6365899700000.0,9315334000000.0,5964705600000.0,6994173400000.0,8603276700000.0,11187098000000.0
1994-10-15 12:00:00,10831505000000.0,10740524000000.0,8721351600000.0,11906432000000.0,10831658000000.0,7630968000000.0,10615144000000.0,7187702000000.0,7953116600000.0,9469775000000.0,11809094000000.0
1994-11-15 00:00:00,13163863000000.0,12925870000000.0,11514821000000.0,14006436000000.0,12811012000000.0,9954948000000.0,12799061000000.0,9432965000000.0,10223911000000.0,11544706000000.0,13867556000000.0
1994-12-15 12:00:00,16231262000000.0,16565003000000.0,15146248000000.0,17417940000000.0,16000221000000.0,13105625000000.0,16116972000000.0,13218370000000.0,13882125000000.0,14610324000000.0,17066010000000.0
1995-01-15 12:00:00,20047240000000.0,20115135000000.0,18779673000000.0,21234624000000.0,20262351000000.0,17045308000000.0,19971762000000.0,17741919000000.0,17676114000000.0,18417490000000.0,20717245000000.0
1995-02-14 00:00:00,23377775000000.0,22898966000000.0,21370702000000.0,24219312000000.0,23473350000000.0,20229413000000.0,23116944000000.0,20906596000000.0,20378756000000.0,21500388000000.0,23773466000000.0
1995-03-15 12:00:00,25731070000000.0,24928724000000.0,23775802000000.0,26547600000000.0,25621602000000.0,22536335000000.0,24996162000000.0,23145826000000.0,22692128000000.0,23856102000000.0,26114989000000.0
1995-04-15 00:00:00,27129979000000.0,26293882000000.0,25321343000000.0,28157778000000.0,26887523000000.0,24012160000000.0,26175225000000.0,24549836000000.0,24111997000000.0,25339363000000.0,27582366000000.0
1995-05-15 12:00:00,26980310000000.0,25985718000000.0,24867336000000.0,28145527000000.0,26726795000000.0,23733460000000.0,25524010000000.0,24208998000000.0,23603940000000.0,25294320000000.0,27400574000000.0
1995-06-15 00:00:00,23992962000000.0,22878385000000.0,21616501000000.0,25275344000000.0,23719645000000.0,20795024000000.0,21762998000000.0,20797247000000.0,20190058000000.0,22374934000000.0,24559464000000.0
1995-07-15 12:00:00,17530863000000.0,16357248000000.0,15301391000000.0,18842114000000.0,16583687000000.0,13944151000000.0,14533890000000.0,13815119000000.0,13243400000000.0,16253278000000.0,18488844000000.0
1995-08-15 12:00:00,12165948000000.0,10797789000000.0,9986614000000.0,12750915000000.0,10646517000000.0,8054316000000.0,8688797500000.0,8485336000000.0,8203306000000.0,11158728000000.0,13219584000000.0
1995-09-15 00:00:00,10391347000000.0,8945865000000.0,8071560600000.0,10498393000000.0,8559818400000.0,6128323000000.0,6848419000000.0,6904871000000.0,6652820500000.0,8901414000000.0,11495610000000.0
1995-10-15 12:00:00,11487786000000.0,10150661000000.0,8986233000000.0,11530387000000.0,9412965000000.0,7250172000000.0,8109631000000.0,7587844600000.0,7507426000000.0,9563082000000.0,12140816000000.0
1995-11-15 00:00:00,13673191000000.0,12673993000000.0,11047981000000.0,14170251000000.0,11557979000000.0,9833748000000.0,10556140000000.0,9558318000000.0,9472953000000.0,11640170000000.0,14211749000000.0
1995-12-15 12:00:00,16805504000000.0,15853163000000.0,14728389000000.0,17464696000000.0,14683031000000.0,13761711000000.0,13860061000000.0,13250900000000.0,12549286000000.0,14711813000000.0,17075308000000.0
1996-01-15 12:00:00,20338579000000.0,19770477000000.0,18465710000000.0,20918735000000.0,18324822000000.0,17543218000000.0,17470518000000.0,17427500000000.0,16091561000000.0,18147575000000.0,20760068000000.0
1996-02-14 00:00:00,23098443000000.0,23037164000000.0,21388409000000.0,23986115000000.0,21413218000000.0,20372376000000.0,20991800000000.0,20457263000000.0,19386810000000.0,21219714000000.0,23715757000000.0
1996-03-15 12:00:00,25306535000000.0,25433890000000.0,23748720000000.0,26009140000000.0,23788245000000.0,22612688000000.0,23229628000000.0,22586254000000.0,21827957000000.0,23634001000000.0,26186491000000.0
1996-04-15 00:00:00,26842013000000.0,26526253000000.0,25478662000000.0,27265017000000.0,24976896000000.0,23991777000000.0,24417359000000.0,24275461000000.0,23263950000000.0,25237350000000.0,27815764000000.0
1996-05-15 12:00:00,26331476000000.0,26219160000000.0,25472686000000.0,26904774000000.0,24666404000000.0,23380835000000.0,23931591000000.0,24106542000000.0,23229513000000.0,25084727000000.0,27645748000000.0
1996-06-15 00:00:00,22475717000000.0,23522875000000.0,22605088000000.0,23862301000000.0,21224193000000.0,20009418000000.0,20718800000000.0,21282595000000.0,20194643000000.0,22180134000000.0,24820524000000.0
1996-07-15 12:00:00,15505159000000.0,16881501000000.0,15654220000000.0,17052488000000.0,14196746000000.0,12906633000000.0,13809184000000.0,15106250000000.0,13068933000000.0,15424101000000.0,18781766000000.0
1996-08-15 12:00:00,10444958000000.0,11375716000000.0,9606917000000.0,11416266000000.0,8921922000000.0,7750155000000.0,8456049300000.0,9438330000000.0,7743804000000.0,9455156000000.0,13594470000000.0
1996-09-15 00:00:00,8556267400000.0,9027791000000.0,7295510500000.0,9333807000000.0,6897992000000.0,5935799000000.0,7071753300000.0,7716419400000.0,5901354000000.0,7600502500000.0,11944146000000.0
1996-10-15 12:00:00,9419685000000.0,9822387000000.0,8537629500000.0,10316111000000.0,7859385400000.0,6711966400000.0,7971043000000.0,8826963000000.0,6862905300000.0,8602043500000.0,12662014000000.0
1996-11-15 00:00:00,11406768000000.0,12312457000000.0,11111879000000.0,12805709000000.0,10111037000000.0,8947692000000.0,10103367000000.0,10949881000000.0,9129746000000.0,10821257000000.0,14295449000000.0
1996-12-15 12:00:00,14424612000000.0,15449076000000.0,14303976000000.0,16006009000000.0,13165716000000.0,12412112000000.0,13256244000000.0,14068054000000.0,12446504000000.0,14361771000000.0,17273104000000.0
1997-01-15 12:00:00,18227562000000.0,18923152000000.0,17604113000000.0,19316590000000.0,17090432000000.0,15782225000000.0,17075348000000.0,17531041000000.0,16257343000000.0,18555358000000.0,21070950000000.0
1997-02-14 00:00:00,21655380000000.0,22131434000000.0,20723950000000.0,22053764000000.0,20291942000000.0,18543412000000.0,20269758000000.0,20653739000000.0,19612276000000.0,21669452000000.0,24132576000000.0
1997-03-15 12:00:00,24212918000000.0,24474313000000.0,22895573000000.0,24478172000000.0,22745983000000.0,20694910000000.0,22585962000000.0,23052803000000.0,21807092000000.0,24100810000000.0,26456692000000.0
1997-04-15 00:00:00,25617462000000.0,26021215000000.0,24538318000000.0,26140920000000.0,24338544000000.0,22024018000000.0,23924100000000.0,24546745000000.0,23045261000000.0,25513060000000.0,27501082000000.0
1997-05-15 12:00:00,25326728000000.0,25814056000000.0,24355325000000.0,26146998000000.0,24103168000000.0,21763593000000.0,23658470000000.0,24333884000000.0,22869879000000.0,25258598000000.0,27098203000000.0
1997-06-15 00:00:00,22120210000000.0,22174630000000.0,21053523000000.0,23015417000000.0,20322275000000.0,18252034000000.0,20435849000000.0,21392018000000.0,19565870000000.0,21849000000000.0,24179840000000.0
1997-07-15 12:00:00,15156806000000.0,14461734000000.0,13963625000000.0,15333713000000.0,13075663000000.0,10923988000000.0,13626985000000.0,14947153000000.0,12499367000000.0,13952937000000.0,18391457000000.0
1997-08-15 12:00:00,9460727000000.0,8649454400000.0,8109730300000.0,9171362000000.0,7309205000000.0,5728601400000.0,7836707000000.0,9475378000000.0,6940567000000.0,7781416400000.0,13117545000000.0
1997-09-15 00:00:00,7686026000000.0,6673221600000.0,5956778000000.0,7719624000000.0,5522130000000.0,3828223800000.0,6060981000000.0,7331247600000.0,5266556000000.0,5655295400000.0,11416386000000.0
1997-10-15 12:00:00,8660102000000.0,7440329300000.0,7197523700000.0,8646453000000.0,6815794300000.0,4666267000000.0,6935328000000.0,8135628600000.0,6419971600000.0,6801684000000.0,11966561000000.0
1997-11-15 00:00:00,10940372000000.0,9397069000000.0,9468358000000.0,10820055000000.0,9041331000000.0,6677214500000.0,8897279000000.0,10295970000000.0,8565763300000.0,9493226000000.0,13680243000000.0
1997-12-15 12:00:00,14018314000000.0,12550073000000.0,13433307000000.0,14247971000000.0,11953279000000.0,9973638000000.0,12452897000000.0,13617697000000.0,11959494000000.0,12876073000000.0,16353328000000.0
1998-01-15 12:00:00,17547629000000.0,16381944000000.0,17141281000000.0,18520537000000.0,15724844000000.0,13570316000000.0,16712226000000.0,17595390000000.0,15962876000000.0,16691131000000.0,19933270000000.0
1998-02-14 00:00:00,20607677000000.0,19429455000000.0,20201788000000.0,21653807000000.0,18940390000000.0,16882949000000.0,19886716000000.0,20894857000000.0,19128673000000.0,19730073000000.0,22889693000000.0
1998-03-15 12:00:00,23060963000000.0,21930967000000.0,22440609000000.0,24221778000000.0,21493140000000.0,19392553000000.0,22163728000000.0,23482948000000.0,21685613000000.0,22122020000000.0,25090897000000.0
1998-04-15 00:00:00,24348304000000.0,23571837000000.0,24032366000000.0,25835310000000.0,23091848000000.0,20928130000000.0,23697390000000.0,25173535000000.0,23172470000000.0,23632084000000.0,26477383000000.0
1998-05-15 12:00:00,24107550000000.0,23132855000000.0,23702742000000.0,25681006000000.0,22895175000000.0,20689290000000.0,23178884000000.0,25244566000000.0,22924258000000.0,23287736000000.0,26004030000000.0
1998-06-15 00:00:00,21117587000000.0,19733169000000.0,20641638000000.0,22829110000000.0,19770733000000.0,17903068000000.0,19132012000000.0,22607594000000.0,19473359000000.0,19497930000000.0,22927492000000.0
1998-07-15 12:00:00,14480818000000.0,12958260000000.0,13895817000000.0,15814196000000.0,13857857000000.0,10970395000000.0,11772713000000.0,16674616000000.0,11280453000000.0,11692025000000.0,16920950000000.0
1998-08-15 12:00:00,9537190000000.0,7730947000000.0,8296516000000.0,9916760000000.0,9014155000000.0,5115021400000.0,6762297000000.0,11302583000000.0,5564469300000.0,6123937600000.0,12057602000000.0
1998-09-15 00:00:00,7970552300000.0,6012935300000.0,6802109000000.0,7944916700000.0,7308947000000.0,3050293400000.0,5038275600000.0,9421021000000.0,3507497700000.0,4396091400000.0,10376414000000.0
1998-10-15 12:00:00,8865678000000.0,7180471000000.0,8213330000000.0,9406289000000.0,8231143300000.0,4580685400000.0,5935847000000.0,10363913000000.0,5065945400000.0,5623054000000.0,10963501000000.0
1998-11-15 00:00:00,10987306000000.0,9376243000000.0,10474120000000.0,12040360000000.0,10688832000000.0,7380860400000.0,8132340000000.0,12456919000000.0,7675135000000.0,7775248000000.0,12787571000000.0
1998-12-15 12:00:00,14462515000000.0,12779287000000.0,13630896000000.0,15536312000000.0,13596372000000.0,11316370000000.0,11287044000000.0,15627381000000.0,11199276000000.0,11317674000000.0,15757785000000.0
1999-01-15 12:00:00,18070693000000.0,16419578000000.0,17364479000000.0,19125310000000.0,17046690000000.0,15585083000000.0,15275867000000.0,19353337000000.0,15613089000000.0,15199497000000.0,19206557000000.0
1999-02-14 00:00:00,20981560000000.0,19377183000000.0,20688149000000.0,22065273000000.0,20345117000000.0,18601875000000.0,18663816000000.0,22491292000000.0,19144286000000.0,18470335000000.0,22509924000000.0
1999-03-15 12:00:00,23097783000000.0,21650834000000.0,23161980000000.0,24412690000000.0,22976657000000.0,21051417000000.0,21303306000000.0,24746394000000.0,21605044000000.0,20797268000000.0,24944402000000.0
1999-04-15 00:00:00,24030720000000.0,23012095000000.0,24917781000000.0,25884287000000.0,24572900000000.0,22833648000000.0,22891328000000.0,26059362000000.0,23055743000000.0,22226793000000.0,26354077000000.0
1999-05-15 12:00:00,23297832000000.0,22708459000000.0,24847728000000.0,25880248000000.0,24365224000000.0,22638779000000.0,22506170000000.0,25900452000000.0,22759898000000.0,21864273000000.0,26250940000000.0
1999-06-15 00:00:00,19824416000000.0,19444642000000.0,21565589000000.0,22990176000000.0,21489108000000.0,19794212000000.0,18915825000000.0,23022627000000.0,19398960000000.0,18507484000000.0,22968850000000.0
1999-07-15 12:00:00,13335423000000.0,12474802000000.0,14744543000000.0,16221829000000.0,15408961000000.0,12941564000000.0,11772761000000.0,17148078000000.0,11923755000000.0,12154281000000.0,16545099000000.0
1999-08-15 12:00:00,8552456400000.0,6531343000000.0,9190440000000.0,10308213000000.0,9974663000000.0,7491679000000.0,6250818400000.0,11487203000000.0,6288617000000.0,6930929000000.0,11116220000000.0
1999-09-15 00:00:00,6857965000000.0,4269799000000.0,7090076600000.0,7832502000000.0,7718211000000.0,5866398000000.0,4385982000000.0,8974286000000.0,4703921400000.0,4944609400000.0,9008125000000.0
1999-10-15 12:00:00,7580564000000.0,5313938000000.0,7839171000000.0,8770785600000.0,8501502400000.0,6674064600000.0,5568655000000.0,9455607000000.0,5706738000000.0,5728360000000.0,9766053000000.0
1999-11-15 00:00:00,9376488000000.0,7371964300000.0,10109076000000.0,11142624000000.0,10999860000000.0,8785425000000.0,7691677700000.0,11305822000000.0,7966990000000.0,7769067400000.0,12091470000000.0
1999-12-15 12:00:00,12551828000000.0,11020799000000.0,13330407000000.0,14644054000000.0,13962637000000.0,12360171000000.0,10816426000000.0,14712732000000.0,11395037000000.0,11335864000000.0,15207204000000.0
2000-01-15 12:00:00,16123981000000.0,15051021000000.0,17329062000000.0,18101610000000.0,17311421000000.0,16619112000000.0,14666788000000.0,18273496000000.0,15405523000000.0,15319741000000.0,18729505000000.0
2000-02-14 00:00:00,18882618000000.0,18456752000000.0,20624798000000.0,21411100000000.0,20239597000000.0,19896738000000.0,17866600000000.0,21478607000000.0,18939070000000.0,18317155000000.0,21321065000000.0
2000-03-15 12:00:00,21089718000000.0,21058615000000.0,23014540000000.0,23602397000000.0,22435819000000.0,22119732000000.0,20015760000000.0,23765850000000.0,21111490000000.0,20488514000000.0,23683536000000.0
2000-04-15 00:00:00,22300544000000.0,22457973000000.0,24701754000000.0,24975583000000.0,23988180000000.0,23138826000000.0,21527156000000.0,24952305000000.0,22541666000000.0,22134902000000.0,25036734000000.0
2000-05-15 12:00:00,21599881000000.0,21921450000000.0,24744690000000.0,24877986000000.0,23841940000000.0,22792947000000.0,21384827000000.0,24574691000000.0,22272920000000.0,21649873000000.0,24722285000000.0
2000-06-15 00:00:00,17605908000000.0,18668753000000.0,21748288000000.0,21684577000000.0,20923931000000.0,19658258000000.0,18323442000000.0,21317290000000.0,19115660000000.0,17975858000000.0,21661208000000.0
2000-07-15 12:00:00,10832705000000.0,12240954000000.0,14457915000000.0,14807307000000.0,14177477000000.0,12566840000000.0,11410327000000.0,14277184000000.0,12241454000000.0,10099576000000.0,14667800000000.0
2000-08-15 12:00:00,6270899700000.0,7092090000000.0,8707225700000.0,9020896000000.0,8259613000000.0,6668008000000.0,6225330700000.0,8842180000000.0,6140526000000.0,4632553000000.0,9002369000000.0
2000-09-15 00:00:00,4657473000000.0,5254345000000.0,6706191000000.0,6897541000000.0,6005826500000.0,4960434500000.0,4461587600000.0,6871081000000.0,4058564300000.0,3480913200000.0,7118917000000.0
2000-10-15 12:00:00,5334107700000.0,6132315000000.0,7673108500000.0,7683863000000.0,6939415000000.0,5877833000000.0,5337218000000.0,7675674000000.0,5316008000000.0,4266893800000.0,8465540000000.0
2000-11-15 00:00:00,6925287700000.0,8217882000000.0,9731560000000.0,9948398000000.0,9053592000000.0,7863728600000.0,7610636000000.0,9739491000000.0,8053277600000.0,6187562000000.0,11032460000000.0
2000-12-15 12:00:00,9762842000000.0,11640370000000.0,13323448000000.0,13334840000000.0,11963724000000.0,11289053000000.0,10909815000000.0,12686341000000.0,11562499000000.0,9174486000000.0,13941825000000.0
2001-01-15 12:00:00,13523409000000.0,15524637000000.0,17230117000000.0,16800796000000.0,15827372000000.0,15334333000000.0,14443138000000.0,16472378000000.0,15434751000000.0,12460600000000.0,17642834000000.0
2001-02-14 00:00:00,16756022000000.0,18714445000000.0,20557391000000.0,19743247000000.0,19080745000000.0,18403432000000.0,17803590000000.0,19195647000000.0,18430443000000.0,15499350000000.0,20381088000000.0
2001-03-15 12:00:00,19092644000000.0,21313672000000.0,23227422000000.0,22005508000000.0,21199883000000.0,20576758000000.0,20269860000000.0,21355794000000.0,20653598000000.0,18062750000000.0,22604500000000.0
2001-04-15 00:00:00,20355444000000.0,22707950000000.0,24587622000000.0,23205247000000.0,22349506000000.0,21722665000000.0,21230619000000.0,22794258000000.0,22021096000000.0,19524565000000.0,23930850000000.0
2001-05-15 12:00:00,20067513000000.0,22102376000000.0,24264795000000.0,22734940000000.0,22137805000000.0,21490622000000.0,20927677000000.0,22401279000000.0,21725404000000.0,19361121000000.0,23730790000000.0
2001-06-15 00:00:00,16254985000000.0,18345045000000.0,21247240000000.0,19738185000000.0,18601529000000.0,18503850000000.0,17285278000000.0,18333437000000.0,18392870000000.0,16261463000000.0,20137971000000.0
2001-07-15 12:00:00,8882508000000.0,10726081000000.0,14524271000000.0,13284934000000.0,11039102000000.0,10771525000000.0,9617629000000.0,10500543000000.0,10833758000000.0,9459086000000.0,13160713000000.0
2001-08-15 12:00:00,3901114500000.0,5042258000000.0,8559160000000.0,7493875000000.0,5353962000000.0,4990799700000.0,4547029000000.0,5420662000000.0,5183403700000.0,4738894500000.0,8109958400000.0
2001-09-15 00:00:00,2921289700000.0,3293783500000.0,6370326000000.0,5777050000000.0,3298493000000.0,3268915000000.0,3042793500000.0,3895456000000.0,3212534300000.0,3457579700000.0,6160761500000.0
2001-10-15 12:00:00,3918812700000.0,4487635300000.0,7354444700000.0,6665844300000.0,4697190000000.0,4367947700000.0,3722269700000.0,4876470000000.0,4399688600000.0,4185978800000.0,6915043000000.0
2001-11-15 00:00:00,5729049000000.0,6353871400000.0,9629208000000.0,8973057000000.0,6846698500000.0,6553971700000.0,5654344400000.0,6787263600000.0,6616911400000.0,6159286700000.0,8802029000000.0
2001-12-15 12:00:00,8725414000000.0,9428653000000.0,13045699000000.0,12494896000000.0,10052704000000.0,9995926000000.0,8710977500000.0,10219149000000.0,10103466000000.0,9545860000000.0,12007640000000.0
2002-01-15 12:00:00,12722358000000.0,13085023000000.0,16845066000000.0,15979554000000.0,14158134000000.0,14130618000000.0,12971086000000.0,14145839000000.0,14181531000000.0,12885084000000.0,15420344000000.0
2002-02-14 00:00:00,16244790000000.0,16417029000000.0,20050023000000.0,19383870000000.0,17728537000000.0,17516302000000.0,16813620000000.0,17593922000000.0,17501269000000.0,15694823000000.0,18599070000000.0
2002-03-15 12:00:00,18750087000000.0,19010962000000.0,22290197000000.0,21986615000000.0,20805750000000.0,20057480000000.0,19264800000000.0,20461837000000.0,19871990000000.0,17786806000000.0,20968114000000.0
2002-04-15 00:00:00,20110337000000.0,20729257000000.0,23328029000000.0,23640318000000.0,22548452000000.0,21660227000000.0,20875665000000.0,21887790000000.0,21335410000000.0,19374421000000.0,22546836000000.0
2002-05-15 12:00:00,19821194000000.0,20655142000000.0,23035894000000.0,23419402000000.0,22310044000000.0,21657990000000.0,20559207000000.0,21533943000000.0,21183987000000.0,18877421000000.0,22081830000000.0
2002-06-15 00:00:00,16400765000000.0,17014400000000.0,19589627000000.0,20401800000000.0,19100554000000.0,18534235000000.0,17042940000000.0,18042063000000.0,17895359000000.0,16027157000000.0,18421144000000.0
2002-07-15 12:00:00,9241801000000.0,9433294000000.0,11731308000000.0,13379953000000.0,11519681000000.0,10869713000000.0,9967197000000.0,10329973000000.0,11359470000000.0,9389198000000.0,11465709000000.0
2002-08-15 12:00:00,4285749300000.0,4345440000000.0,6623962600000.0,7725639500000.0,5431721000000.0,4805847700000.0,4390697300000.0,4743563000000.0,6157266600000.0,4289848100000.0,6334594400000.0
2002-09-15 00:00:00,2845655400000.0,2858869300000.0,4972165000000.0,6025337400000.0,3668107300000.0,2809291000000.0,2333592800000.0,3254713800000.0,4245873000000.0,2514141600000.0,4947029500000.0
2002-10-15 12:00:00,3699333400000.0,4305931200000.0,5715597000000.0,7207153000000.0,5175819400000.0,4192514000000.0,3890012700000.0,4496267000000.0,5566015500000.0,3675884600000.0,5874297300000.0
2002-11-15 00:00:00,5615239000000.0,6827193000000.0,7839840500000.0,9505524000000.0,7449656400000.0,6611429000000.0,6258277000000.0,6479243000000.0,8437036500000.0,5992695700000.0,7322928700000.0
2002-12-15 12:00:00,8743821500000.0,10303964000000.0,10894288000000.0,12633078000000.0,10767464000000.0,10109468000000.0,10153498000000.0,9826311000000.0,12126674000000.0,9024077000000.0,10326685000000.0
2003-01-15 12:00:00,12510741000000.0,14051528000000.0,14344360000000.0,16542062000000.0,14959279000000.0,14100352000000.0,14668855000000.0,14014732000000.0,15945114000000.0,13106033000000.0,14192715000000.0
2003-02-14 00:00:00,15755387000000.0,17519507000000.0,17769794000000.0,19839280000000.0,18178023000000.0,17715526000000.0,18655767000000.0,17457945000000.0,19266684000000.0,16538636000000.0,17493182000000.0
2003-03-15 12:00:00,18078262000000.0,19913014000000.0,20321413000000.0,22271650000000.0,20998422000000.0,20349566000000.0,21416647000000.0,20099352000000.0,21747504000000.0,18987935000000.0,19991185000000.0
2003-04-15 00:00:00,19798230000000.0,21581183000000.0,21869040000000.0,23956354000000.0,22492940000000.0,21378963000000.0,22806419000000.0,21742280000000.0,23016587000000.0,20681970000000.0,21512424000000.0
2003-05-15 12:00:00,19690592000000.0,21302432000000.0,21590916000000.0,23995202000000.0,22521735000000.0,21098826000000.0,22407197000000.0,21320683000000.0,22392181000000.0,20420426000000.0,21213700000000.0
2003-06-15 00:00:00,16156266000000.0,18344479000000.0,17913750000000.0,21278710000000.0,19625276000000.0,17649675000000.0,19177092000000.0,17935769000000.0,18702865000000.0,17626357000000.0,17666648000000.0
2003-07-15 12:00:00,8596610400000.0,12275358000000.0,10053696000000.0,14651498000000.0,13183559000000.0,10285022000000.0,12500910000000.0,11112415000000.0,10996156000000.0,11518702000000.0,10681791000000.0
2003-08-15 12:00:00,3734650000000.0,6973972000000.0,5126070700000.0,8636021600000.0,7589331500000.0,4914521600000.0,6690844400000.0,5808419500000.0,5431733000000.0,5951278500000.0,5623821400000.0
2003-09-15 00:00:00,2333624200000.0,5059821700000.0,3827735500000.0,6466830300000.0,5409068000000.0,3122013000000.0,4657653500000.0,4436973000000.0,4053270000000.0,3970567800000.0,3831728200000.0
2003-10-15 12:00:00,3575069500000.0,6423423500000.0,4740833300000.0,7886394600000.0,6469631000000.0,4398505300000.0,5746156600000.0,5499321000000.0,5075606000000.0,4929193000000.0,4971285000000.0
2003-11-15 00:00:00,6065913000000.0,9003227000000.0,6300246000000.0,10502059000000.0,9136081000000.0,6757313000000.0,8074588300000.0,7496449000000.0,6971517300000.0,7201680000000.0,6793845000000.0
2003-12-15 12:00:00,9393385000000.0,12250137000000.0,9071394000000.0,13763240000000.0,12259097000000.0,9858141000000.0,11417644000000.0,10700466000000.0,10107324000000.0,10932655000000.0,10316316000000.0
2004-01-15 12:00:00,13418246000000.0,15892607000000.0,13033825000000.0,17629560000000.0,15915874000000.0,13454117000000.0,14548835000000.0,14656064000000.0,14262846000000.0,15088096000000.0,14341491000000.0
2004-02-14 00:00:00,16449653000000.0,18895050000000.0,16198940000000.0,20654615000000.0,19156737000000.0,16384514000000.0,17599030000000.0,18134984000000.0,17487602000000.0,18234350000000.0,17536167000000.0
2004-03-15 12:00:00,18494075000000.0,21416989000000.0,18446163000000.0,23075620000000.0,21671012000000.0,18780755000000.0,20326132000000.0,20391028000000.0,19658392000000.0,20876278000000.0,20011322000000.0
2004-04-15 00:00:00,20085134000000.0,23169704000000.0,19969954000000.0,24541892000000.0,22996308000000.0,19936760000000.0,22098643000000.0,21730190000000.0,21195573000000.0,22370127000000.0,21659650000000.0
2004-05-15 12:00:00,19719675000000.0,23346459000000.0,19618882000000.0,24090304000000.0,22779114000000.0,19482825000000.0,21745067000000.0,21084382000000.0,20831504000000.0,22067957000000.0,21744765000000.0
2004-06-15 00:00:00,16086714000000.0,19878730000000.0,15937145000000.0,20810110000000.0,19414701000000.0,16103903000000.0,18233904000000.0,17167688000000.0,17811687000000.0,18918735000000.0,18324874000000.0
2004-07-15 12:00:00,9137436000000.0,11936869000000.0,9189602000000.0,13714445000000.0,11730185000000.0,9398762000000.0,11148974000000.0,9522505000000.0,11583728000000.0,11836356000000.0,10437678000000.0
2004-08-15 12:00:00,4094627700000.0,5849657000000.0,4546812000000.0,7834797300000.0,5639326000000.0,4807935000000.0,5508984500000.0,4528983000000.0,6453378700000.0,5561543300000.0,4997822500000.0
2004-09-15 00:00:00,2683207400000.0,4119209400000.0,3005186000000.0,5362575500000.0,3450408500000.0,3400075800000.0,3866571300000.0,2958291000000.0,4736818300000.0,3711794400000.0,3062834100000.0
2004-10-15 12:00:00,3805695200000.0,5216562300000.0,3980119200000.0,6236890000000.0,4884894600000.0,4244469200000.0,4873689500000.0,4085084800000.0,5444030000000.0,4852524000000.0,4209647300000.0
2004-11-15 00:00:00,5607618000000.0,7164320000000.0,6024657400000.0,8249652000000.0,7324141000000.0,5975480000000.0,6930736600000.0,6219435600000.0,7500411000000.0,7423645500000.0,6458413400000.0
2004-12-15 12:00:00,8935212000000.0,9973162000000.0,9237568000000.0,11671975000000.0,11226104000000.0,9681794000000.0,9971827000000.0,9809760000000.0,10876118000000.0,10906844000000.0,9739709000000.0
2005-01-15 12:00:00,12841758000000.0,13698821000000.0,13109780000000.0,15189278000000.0,15384376000000.0,13593976000000.0,13487417000000.0,14362838000000.0,14455916000000.0,14940940000000.0,13513201000000.0
2005-02-14 00:00:00,15973438000000.0,16803873000000.0,16543076000000.0,18318658000000.0,18841002000000.0,16915225000000.0,16441202000000.0,17846854000000.0,17274826000000.0,18599893000000.0,16782123000000.0
2005-03-15 12:00:00,18576325000000.0,19185426000000.0,19049795000000.0,20881370000000.0,21685512000000.0,19242578000000.0,18747327000000.0,20480208000000.0,19515065000000.0,21174296000000.0,19291831000000.0
2005-04-15 00:00:00,19833040000000.0,20938203000000.0,20780704000000.0,22339580000000.0,23054567000000.0,20872654000000.0,20020166000000.0,21835459000000.0,20791809000000.0,22590135000000.0,20616116000000.0
2005-05-15 12:00:00,19715406000000.0,20679169000000.0,20635697000000.0,22248551000000.0,22850673000000.0,20941988000000.0,19616240000000.0,21400300000000.0,20343683000000.0,22567767000000.0,20276977000000.0
2005-06-15 00:00:00,16479544000000.0,17139052000000.0,17070924000000.0,19257203000000.0,19571692000000.0,17729482000000.0,15841340000000.0,17602961000000.0,17342271000000.0,19269478000000.0,16901835000000.0
2005-07-15 12:00:00,9726820000000.0,8998909000000.0,9941914000000.0,12322813000000.0,11810946000000.0,10399915000000.0,8346700600000.0,9937437000000.0,10701182000000.0,12292001000000.0,10351600000000.0
2005-08-15 12:00:00,4829384000000.0,3735470000000.0,5004271300000.0,6425623000000.0,5583367300000.0,5063188000000.0,3850282000000.0,4543825300000.0,5383514000000.0,6949838000000.0,5405540400000.0
2005-09-15 00:00:00,3648078200000.0,2707764500000.0,3620209700000.0,4368457300000.0,3890009300000.0,3298031600000.0,2545643700000.0,2926080700000.0,3452126400000.0,5180562600000.0,3835281000000.0
2005-10-15 12:00:00,4651473000000.0,3534788800000.0,4531359000000.0,5162753000000.0,5295553000000.0,4448186300000.0,3655095500000.0,4054923000000.0,4425055700000.0,6217438000000.0,5019141000000.0
2005-11-15 00:00:00,6678254700000.0,5517713000000.0,6506260500000.0,7464963000000.0,7821223000000.0,6596191000000.0,5421507000000.0,6133656000000.0,6747249000000.0,8302787000000.0,7381293500000.0
2005-12-15 12:00:00,10013032000000.0,9699299000000.0,9828999000000.0,10914752000000.0,11820767000000.0,9684311000000.0,8904849000000.0,9461247000000.0,10128394000000.0,12029865000000.0,10797697000000.0
2006-01-15 12:00:00,13922651000000.0,13916588000000.0,14264002000000.0,14547885000000.0,16020771000000.0,13247900000000.0,12620370000000.0,13580146000000.0,13766078000000.0,16006408000000.0,14567422000000.0
2006-02-14 00:00:00,17096240000000.0,16899647000000.0,17838534000000.0,17414872000000.0,19227912000000.0,16061432000000.0,15606665000000.0,17128098000000.0,16944500000000.0,19187156000000.0,17829240000000.0
2006-03-15 12:00:00,19211707000000.0,19287826000000.0,20205713000000.0,19836134000000.0,21686945000000.0,18261520000000.0,17804495000000.0,19831310000000.0,19216220000000.0,21396166000000.0,20224032000000.0
2006-04-15 00:00:00,20453930000000.0,20581276000000.0,21524134000000.0,21842950000000.0,23278693000000.0,19739898000000.0,19258692000000.0,21550516000000.0,20495662000000.0,22762947000000.0,21791605000000.0
2006-05-15 12:00:00,20183810000000.0,20154348000000.0,21087109000000.0,22005317000000.0,23284314000000.0,19406883000000.0,18980438000000.0,21454698000000.0,20040894000000.0,22472760000000.0,21530090000000.0
2006-06-15 00:00:00,16242710000000.0,17315450000000.0,17995148000000.0,18746196000000.0,20536267000000.0,15733713000000.0,15966086000000.0,18236576000000.0,16905597000000.0,19205185000000.0,18049580000000.0
2006-07-15 12:00:00,7950886000000.0,10304678000000.0,11960096000000.0,11602521000000.0,13843791000000.0,8335198000000.0,8684290700000.0,11319257000000.0,10538501000000.0,12164295000000.0,10000749000000.0
2006-08-15 12:00:00,2978153500000.0,4530107300000.0,6736379400000.0,5840606600000.0,7396627000000.0,3199251300000.0,4142160400000.0,5413825700000.0,5455155300000.0,6721309000000.0,4791100500000.0
2006-09-15 00:00:00,1918066500000.0,2611544600000.0,4813205500000.0,4120175200000.0,5013486700000.0,1592021100000.0,2698976400000.0,3797424800000.0,3825107200000.0,4638813000000.0,3009019000000.0
2006-10-15 12:00:00,2913018600000.0,3471770000000.0,5560692000000.0,5365109400000.0,6340339000000.0,2905709000000.0,3596869000000.0,4899128000000.0,4832256600000.0,5409863600000.0,4423748700000.0
2006-11-15 00:00:00,5119497000000.0,5441959000000.0,7504844600000.0,7926931500000.0,8574567700000.0,5275133000000.0,5451689000000.0,6967955300000.0,6506090000000.0,7115783000000.0,6710319000000.0
2006-12-15 12:00:00,9083637000000.0,8646107300000.0,10374877000000.0,11186144000000.0,11616024000000.0,9070542000000.0,8186890300000.0,10135372000000.0,9550051000000.0,10308209000000.0,10446453000000.0
2007-01-15 12:00:00,13050544000000.0,11821270000000.0,13634734000000.0,14652062000000.0,15119707000000.0,12937503000000.0,11739018000000.0,14170884000000.0,13172195000000.0,14132612000000.0,14172216000000.0
2007-02-14 00:00:00,16691839000000.0,14945878000000.0,16673092000000.0,17754548000000.0,18164973000000.0,16485128000000.0,14947735000000.0,17704872000000.0,16922313000000.0,17363151000000.0,17319315000000.0
2007-03-15 12:00:00,19331837000000.0,17700246000000.0,19608489000000.0,20117110000000.0,20236078000000.0,19032090000000.0,17421591000000.0,20208492000000.0,19437726000000.0,19853006000000.0,19555701000000.0
2007-04-15 00:00:00,20964843000000.0,19183440000000.0,21107675000000.0,21667827000000.0,21433334000000.0,20312624000000.0,18633617000000.0,21846957000000.0,20764527000000.0,21213278000000.0,20684393000000.0
2007-05-15 12:00:00,20857003000000.0,18873309000000.0,20775010000000.0,21293846000000.0,21139187000000.0,20051822000000.0,18189956000000.0,21517656000000.0,20192048000000.0,20806700000000.0,20440274000000.0
2007-06-15 00:00:00,17495098000000.0,15277777000000.0,17535650000000.0,18113320000000.0,17888616000000.0,16730150000000.0,14856688000000.0,17904255000000.0,16704355000000.0,16659252000000.0,16802168000000.0
2007-07-15 12:00:00,10126886000000.0,7724235500000.0,10835890000000.0,11266110000000.0,11326549000000.0,8780475500000.0,7643635600000.0,10302518000000.0,9304090000000.0,8538799700000.0,8939725000000.0
2007-08-15 12:00:00,4490703400000.0,2700243600000.0,5282279700000.0,5608273000000.0,6007506000000.0,3197328400000.0,3158829200000.0,4841900000000.0,4365929400000.0,3381349300000.0,4090669000000.0
2007-09-15 00:00:00,2634513000000.0,1496527700000.0,2915401700000.0,3399749700000.0,4205076500000.0,1459304400000.0,2098190400000.0,2703578600000.0,2719194000000.0,2319995600000.0,2996497800000.0
2007-10-15 12:00:00,3584372800000.0,2459661200000.0,3972703200000.0,4783846000000.0,5019890400000.0,2539348800000.0,2923852700000.0,3956207000000.0,3664728800000.0,3249827000000.0,3631338200000.0
2007-11-15 00:00:00,5674368000000.0,4730387400000.0,6072714700000.0,7035820700000.0,6827553000000.0,4764085000000.0,4535959000000.0,6160539700000.0,5694110600000.0,5481529000000.0,4960740000000.0
2007-12-15 12:00:00,8819106000000.0,8223705000000.0,9177413000000.0,10252730000000.0,9297786000000.0,7984871600000.0,7228310400000.0,9267094000000.0,8970650000000.0,8781390000000.0,8047653000000.0
2008-01-15 12:00:00,12306288000000.0,12008190000000.0,13064177000000.0,14055766000000.0,12665830000000.0,11869518000000.0,10940301000000.0,12470159000000.0,12642813000000.0,12138703000000.0,12114274000000.0
2008-02-14 00:00:00,15436769000000.0,15207647000000.0,16565669000000.0,17113144000000.0,16191050000000.0,15307676000000.0,13998527000000.0,15530814000000.0,16159385000000.0,15078223000000.0,15000362000000.0
2008-03-15 12:00:00,17967354000000.0,17977877000000.0,19286574000000.0,19600356000000.0,18553562000000.0,18059656000000.0,16679145000000.0,17633232000000.0,18837177000000.0,17407519000000.0,17207914000000.0
2008-04-15 00:00:00,19681510000000.0,19828912000000.0,20751348000000.0,21063824000000.0,20256116000000.0,19688489000000.0,18558403000000.0,18824280000000.0,20308872000000.0,19056606000000.0,18575562000000.0
2008-05-15 12:00:00,19686054000000.0,19632778000000.0,20573082000000.0,20737090000000.0,19979074000000.0,19533000000000.0,18449451000000.0,18624683000000.0,19885533000000.0,19053190000000.0,18169004000000.0
2008-06-15 00:00:00,16660494000000.0,16836434000000.0,16768221000000.0,17712600000000.0,16345230000000.0,16149858000000.0,14812667000000.0,15475189000000.0,16513439000000.0,16123989000000.0,14768417000000.0
2008-07-15 12:00:00,9276190000000.0,10091012000000.0,8994214000000.0,10543163000000.0,9270918000000.0,8695857500000.0,7247419000000.0,8499900700000.0,9509377000000.0,8964593000000.0,7828220700000.0
2008-08-15 12:00:00,3578715200000.0,4646396000000.0,3852613700000.0,4598956000000.0,4078716300000.0,3078696200000.0,2258890000000.0,3786054000000.0,3666573000000.0,3753276900000.0,3124715600000.0
2008-09-15 00:00:00,1966747200000.0,3033688700000.0,2562278800000.0,2841310400000.0,1817102500000.0,1591600300000.0,1306930300000.0,2275911000000.0,1664273400000.0,2452643400000.0,2351652400000.0
2008-10-15 12:00:00,3121735800000.0,3869243900000.0,3531424000000.0,3971330000000.0,3229899800000.0,2954376500000.0,2150019100000.0,3295394700000.0,3087188400000.0,3067881700000.0,2921373000000.0
2008-11-15 00:00:00,5561615600000.0,5888426400000.0,5540944000000.0,5869983000000.0,5288770000000.0,4984555400000.0,4333805000000.0,5389096000000.0,5316762700000.0,4735717300000.0,4729279000000.0
2008-12-15 12:00:00,9216379000000.0,9076692000000.0,8304206500000.0,8662935400000.0,8585934300000.0,7940042000000.0,7433887000000.0,8357214700000.0,8770125600000.0,8034262700000.0,7601567000000.0
2009-01-15 12:00:00,12924165000000.0,12859946000000.0,12709299000000.0,12147194000000.0,12486005000000.0,11564396000000.0,11129022000000.0,11776091000000.0,12439400000000.0,12082024000000.0,11412163000000.0
2009-02-14 00:00:00,16377421000000.0,15987655000000.0,16389312000000.0,15766984000000.0,15963219000000.0,14957737000000.0,14830778000000.0,15229616000000.0,15741043000000.0,15735993000000.0,15005330000000.0
2009-03-15 12:00:00,18683950000000.0,18463884000000.0,19172113000000.0,18609347000000.0,18648454000000.0,17653910000000.0,17512173000000.0,17826648000000.0,18336591000000.0,18199131000000.0,17681569000000.0
2009-04-15 00:00:00,19874672000000.0,19825560000000.0,20666825000000.0,20169238000000.0,20669025000000.0,19664050000000.0,18887924000000.0,19375042000000.0,19992165000000.0,19800777000000.0,19132293000000.0
2009-05-15 12:00:00,19334454000000.0,19745517000000.0,20457323000000.0,19972697000000.0,20440362000000.0,19720280000000.0,18703018000000.0,19157645000000.0,19787497000000.0,19966020000000.0,19035266000000.0
2009-06-15 00:00:00,15853418000000.0,16848446000000.0,16633999000000.0,16931665000000.0,17187203000000.0,16853635000000.0,15054693000000.0,15731345000000.0,16730043000000.0,16266679000000.0,15792830000000.0
2009-07-15 12:00:00,8161295000000.0,9717726000000.0,8609950000000.0,9814253000000.0,9871734000000.0,10039490000000.0,7706649000000.0,8458677000000.0,10174987000000.0,8543595400000.0,8203021000000.0
2009-08-15 12:00:00,2959252400000.0,4430589000000.0,3404474400000.0,4755025000000.0,4466729300000.0,4335001100000.0,3002795800000.0,3685184400000.0,4794726000000.0,3609719500000.0,3452477000000.0
2009-09-15 00:00:00,1682914400000.0,3097933600000.0,1794403200000.0,3352142800000.0,2571923600000.0,2755262400000.0,1869234700000.0,2505440800000.0,2781762600000.0,2145018400000.0,2053691700000.0
2009-10-15 12:00:00,2544990200000.0,4077682400000.0,3110077200000.0,4475009000000.0,3616868400000.0,3851299300000.0,2668450500000.0,3372050300000.0,3964566500000.0,3177550400000.0,2802137000000.0
2009-11-15 00:00:00,4251030000000.0,6367335000000.0,4822835700000.0,6849581500000.0,5558589000000.0,6523004600000.0,4546364400000.0,5488217400000.0,6143160000000.0,4970102400000.0,4307153600000.0
2009-12-15 12:00:00,7217506000000.0,9800956000000.0,7697610600000.0,10025129000000.0,8970763000000.0,10080071000000.0,8156246000000.0,8522295000000.0,9156461000000.0,7873812000000.0,7296660300000.0
2010-01-15 12:00:00,10751849000000.0,13507728000000.0,11256224000000.0,14101047000000.0,13062006000000.0,13397683000000.0,12348664000000.0,12586003000000.0,12929585000000.0,11099993000000.0,10874184000000.0
2010-02-14 00:00:00,14248179000000.0,16430430000000.0,14750340000000.0,17683874000000.0,16616793000000.0,16374424000000.0,16058098000000.0,15715006000000.0,16013182000000.0,13913428000000.0,14176330000000.0
2010-03-15 12:00:00,16733026000000.0,18948158000000.0,17583552000000.0,20330810000000.0,19015087000000.0,18811604000000.0,18404308000000.0,18126341000000.0,18608768000000.0,16300040000000.0,16857263000000.0
2010-04-15 00:00:00,18311782000000.0,20259460000000.0,19328582000000.0,22002940000000.0,20460991000000.0,20327518000000.0,19752626000000.0,19442707000000.0,20374406000000.0,17778541000000.0,18795800000000.0
2010-05-15 12:00:00,17824175000000.0,19923596000000.0,19212777000000.0,21851347000000.0,19986470000000.0,20266925000000.0,19735794000000.0,19105227000000.0,20188527000000.0,17568768000000.0,18945399000000.0
2010-06-15 00:00:00,13938362000000.0,16738630000000.0,16402321000000.0,18459550000000.0,17251814000000.0,17298358000000.0,16964214000000.0,15648053000000.0,16966680000000.0,13988748000000.0,16077763000000.0
2010-07-15 12:00:00,6716845500000.0,9711272000000.0,10300714000000.0,10755779000000.0,10876466000000.0,10757142000000.0,9488382000000.0,8300576000000.0,10176279000000.0,6707222700000.0,9528557000000.0
2010-08-15 12:00:00,2869336000000.0,4538564600000.0,5009941000000.0,5238000500000.0,5452855000000.0,5384840400000.0,3390558200000.0,3178986200000.0,4933566000000.0,2384191300000.0,4641682600000.0
2010-09-15 00:00:00,1855197500000.0,2901509700000.0,3081600800000.0,3733090000000.0,3677808200000.0,3885713300000.0,2216601000000.0,2060073400000.0,3141321400000.0,1483879500000.0,2903538000000.0
2010-10-15 12:00:00,2725881300000.0,3860537800000.0,4336602600000.0,4880790500000.0,4713659500000.0,4935142000000.0,3271732200000.0,3153468900000.0,4187167000000.0,2203905200000.0,3853305500000.0
2010-11-15 00:00:00,4495591300000.0,5894321500000.0,6564791500000.0,7278514700000.0,6686309000000.0,7322547500000.0,5645414700000.0,5124425000000.0,6236377400000.0,4124749000000.0,5859546500000.0
2010-12-15 12:00:00,7827872500000.0,9541490000000.0,9779320000000.0,10699009000000.0,9776451000000.0,10194625000000.0,8731116400000.0,8659324000000.0,9271436000000.0,7170831700000.0,9249960000000.0
2011-01-15 12:00:00,11732525000000.0,13304287000000.0,13388137000000.0,14878689000000.0,13714963000000.0,13587620000000.0,12779916000000.0,12272732000000.0,13173376000000.0,11184323000000.0,13201525000000.0
2011-02-14 00:00:00,15159771000000.0,16691092000000.0,16354291000000.0,18152530000000.0,17147597000000.0,16414547000000.0,16175980000000.0,15862806000000.0,16677469000000.0,14456770000000.0,16383976000000.0
2011-03-15 12:00:00,17532332000000.0,19561808000000.0,18692813000000.0,20512302000000.0,19557192000000.0,18300732000000.0,18612285000000.0,18534665000000.0,19128184000000.0,16767567000000.0,19002076000000.0
2011-04-15 00:00:00,19297169000000.0,21127603000000.0,20303443000000.0,22022088000000.0,20898027000000.0,19546920000000.0,20095913000000.0,20110459000000.0,20711846000000.0,18164220000000.0,20667028000000.0
2011-05-15 12:00:00,19247313000000.0,20718853000000.0,20270983000000.0,21671290000000.0,20572507000000.0,19152822000000.0,19752936000000.0,20005605000000.0,20716181000000.0,17992771000000.0,20221797000000.0
2011-06-15 00:00:00,15605260000000.0,17696758000000.0,17302195000000.0,18591078000000.0,17375028000000.0,15778089000000.0,16159767000000.0,17074108000000.0,17492366000000.0,14681913000000.0,16654348000000.0
2011-07-15 12:00:00,8284971000000.0,10564061000000.0,10501613000000.0,12222727000000.0,10538755000000.0,9409375000000.0,8237646600000.0,9723384000000.0,10326703000000.0,7467091600000.0,10321475000000.0
2011-08-15 12:00:00,3267749000000.0,4691491000000.0,5296234700000.0,6356787500000.0,4805095000000.0,4602877400000.0,3136148700000.0,4167147500000.0,4554435300000.0,2892801000000.0,4983341700000.0
2011-09-15 00:00:00,1699528800000.0,2779791500000.0,3747565800000.0,4466830500000.0,2701126500000.0,2823249700000.0,1699142800000.0,2705518000000.0,3017542200000.0,1703193200000.0,3114134100000.0
2011-10-15 12:00:00,2639874200000.0,3866024200000.0,4569652000000.0,5596880300000.0,4133864600000.0,3861151200000.0,2615525200000.0,3689742900000.0,4028079300000.0,2433260200000.0,4163315200000.0
2011-11-15 00:00:00,4338582300000.0,6142654000000.0,6500674000000.0,8096076300000.0,6587010000000.0,5916260000000.0,4629799000000.0,5686671400000.0,6103695400000.0,4329750700000.0,6600876600000.0
2011-12-15 12:00:00,7227152000000.0,9151688000000.0,10089391000000.0,11645363000000.0,9878340000000.0,8672236300000.0,7925384000000.0,9035729000000.0,9200784000000.0,7696936000000.0,10162943000000.0
2012-01-15 12:00:00,11134109000000.0,13121085000000.0,14172226000000.0,15328387000000.0,14087656000000.0,12004963000000.0,11661258000000.0,12938272000000.0,12653968000000.0,11566885000000.0,14098903000000.0
2012-02-14 00:00:00,14329063000000.0,16395990000000.0,17575619000000.0,18136846000000.0,17842435000000.0,15153754000000.0,14934188000000.0,16423308000000.0,15722390000000.0,14921988000000.0,17143318000000.0
2012-03-15 12:00:00,16836630000000.0,18959106000000.0,20348806000000.0,20666753000000.0,20410115000000.0,17349982000000.0,17774288000000.0,18852985000000.0,18181553000000.0,17654633000000.0,19730840000000.0
2012-04-15 00:00:00,18570782000000.0,20433980000000.0,21792301000000.0,22250350000000.0,21860872000000.0,18714850000000.0,19370570000000.0,20011054000000.0,19799023000000.0,19310370000000.0,21799211000000.0
2012-05-15 12:00:00,18314454000000.0,20441167000000.0,21469841000000.0,21997170000000.0,21503911000000.0,18153067000000.0,19106913000000.0,19475424000000.0,19852274000000.0,19243433000000.0,21726570000000.0
2012-06-15 00:00:00,14604961000000.0,17448241000000.0,18055380000000.0,19449057000000.0,18139855000000.0,14527159000000.0,15851657000000.0,16334475000000.0,16717533000000.0,16064631000000.0,18708817000000.0
2012-07-15 12:00:00,7586100000000.0,10640836000000.0,10991364000000.0,13759711000000.0,10639173000000.0,7823174000000.0,9021262000000.0,9800834000000.0,10225652000000.0,8731283700000.0,12619319000000.0
2012-08-15 12:00:00,3217054500000.0,5075265000000.0,6105633000000.0,8241920600000.0,5119506000000.0,3728463000000.0,3964120000000.0,4774449600000.0,4707010500000.0,3342614400000.0,6902227400000.0
2012-09-15 00:00:00,1715209200000.0,3342761700000.0,4672618000000.0,6142775000000.0,3458830200000.0,2733866700000.0,2546545700000.0,3500032700000.0,2807787700000.0,1722686600000.0,4878282000000.0
2012-10-15 12:00:00,2911467500000.0,4318334800000.0,5416970000000.0,7065128400000.0,4475837000000.0,3529308400000.0,3671319000000.0,4437878000000.0,4113177000000.0,2781485200000.0,6131189500000.0
2012-11-15 00:00:00,4425153000000.0,6740259000000.0,7055809000000.0,9091874000000.0,6754688600000.0,5001373000000.0,5663887000000.0,6577304600000.0,6660249600000.0,5026153500000.0,8768209300000.0
2012-12-15 12:00:00,7305612500000.0,9990163000000.0,10361766000000.0,12392994000000.0,9708996000000.0,7829269000000.0,9470973000000.0,9776075000000.0,10144271000000.0,9213852000000.0,11856765000000.0
2013-01-15 12:00:00,11383105000000.0,13724155000000.0,14079129000000.0,15967023000000.0,13339564000000.0,11453978000000.0,13908958000000.0,14194602000000.0,14133109000000.0,13712828000000.0,15542533000000.0
2013-02-14 00:00:00,14730134000000.0,17022878000000.0,17450484000000.0,19052976000000.0,17104228000000.0,14691344000000.0,17358354000000.0,17592593000000.0,17672730000000.0,16833984000000.0,18806215000000.0
2013-03-15 12:00:00,17326693000000.0,19598473000000.0,19757030000000.0,21741213000000.0,20048284000000.0,17138784000000.0,19576195000000.0,20215110000000.0,20442790000000.0,19261310000000.0,21438810000000.0
2013-04-15 00:00:00,19210273000000.0,21397460000000.0,20818057000000.0,22930000000000.0,21772175000000.0,18563803000000.0,21029460000000.0,21697797000000.0,21795420000000.0,20705840000000.0,22974732000000.0
2013-05-15 12:00:00,19066836000000.0,21027320000000.0,20328196000000.0,22666710000000.0,21318448000000.0,18317583000000.0,20871719000000.0,21327910000000.0,21532785000000.0,20536476000000.0,22708767000000.0
2013-06-15 00:00:00,15725633000000.0,17437583000000.0,16198262000000.0,18828742000000.0,17905723000000.0,15443291000000.0,17535930000000.0,17824697000000.0,17692663000000.0,17263829000000.0,19229747000000.0
2013-07-15 12:00:00,8453686300000.0,9226942000000.0,8958391000000.0,11006212000000.0,11072686000000.0,9718092000000.0,10187688000000.0,10035990000000.0,10002072000000.0,10217945000000.0,11860053000000.0
2013-08-15 12:00:00,3235397500000.0,3792228800000.0,4235297000000.0,5887874300000.0,5486766000000.0,4570403000000.0,4421642000000.0,4200220000000.0,4634255600000.0,4919931000000.0,5767886300000.0
2013-09-15 00:00:00,1965926500000.0,2511690000000.0,1967342500000.0,4193736700000.0,3625255000000.0,2704930200000.0,2713409600000.0,2678355400000.0,3060347200000.0,3396425000000.0,3856415900000.0
2013-10-15 12:00:00,3072662700000.0,3545543000000.0,3512483200000.0,5062498700000.0,4563935000000.0,3737928900000.0,3759738700000.0,3503106800000.0,4030221300000.0,4485287000000.0,5071901300000.0
2013-11-15 00:00:00,5319100000000.0,5608751000000.0,6092724600000.0,6975458000000.0,6775880000000.0,5769674600000.0,6148697000000.0,5779975300000.0,5909424600000.0,6547918000000.0,6941197700000.0
2013-12-15 12:00:00,8774946000000.0,8804048000000.0,9618663000000.0,10101071000000.0,10252200000000.0,9079150000000.0,9959277000000.0,9334140000000.0,9004702000000.0,10631158000000.0,10100924000000.0
2014-01-15 12:00:00,12740435000000.0,12313041000000.0,13432426000000.0,14380908000000.0,13921314000000.0,13022200000000.0,13758353000000.0,13349337000000.0,13423427000000.0,14491097000000.0,14185736000000.0
2014-02-14 00:00:00,15874455000000.0,15348223000000.0,16950184000000.0,17798005000000.0,17092471000000.0,16558157000000.0,17048359000000.0,16913581000000.0,16854659000000.0,17299608000000.0,17530457000000.0
2014-03-15 12:00:00,18282660000000.0,17615762000000.0,19401147000000.0,20512829000000.0,19417585000000.0,19333086000000.0,19436790000000.0,19405635000000.0,19311939000000.0,19735970000000.0,19792030000000.0
2014-04-15 00:00:00,19550780000000.0,18974847000000.0,20883742000000.0,21958771000000.0,20801970000000.0,21228492000000.0,20629135000000.0,20659560000000.0,21016217000000.0,21230490000000.0,21039120000000.0
2014-05-15 12:00:00,19345820000000.0,18808530000000.0,20645970000000.0,21762606000000.0,20290726000000.0,21301420000000.0,19899775000000.0,20320784000000.0,20786786000000.0,21075539000000.0,20615147000000.0
2014-06-15 00:00:00,15856922000000.0,15478153000000.0,17430323000000.0,18426836000000.0,16660262000000.0,18430502000000.0,16040417000000.0,17047071000000.0,17326324000000.0,17369131000000.0,16889290000000.0
2014-07-15 12:00:00,8216979000000.0,8510323600000.0,10121214000000.0,10535928000000.0,9725719000000.0,10770163000000.0,9179802000000.0,9472724000000.0,9891059000000.0,9490791000000.0,9606504000000.0
2014-08-15 12:00:00,3074421400000.0,3622743300000.0,4884889000000.0,4771549000000.0,4813368600000.0,4535025000000.0,4230155300000.0,3974432600000.0,4618744500000.0,3843400700000.0,4459856400000.0
2014-09-15 00:00:00,1881729100000.0,2472585200000.0,3463297600000.0,3181859000000.0,3457642100000.0,2724747300000.0,2396255200000.0,2380635600000.0,2813687000000.0,2176202300000.0,2958571000000.0
2014-10-15 12:00:00,2756791800000.0,3220383700000.0,4557189000000.0,4115512400000.0,4300766400000.0,4012525200000.0,3353550000000.0,3321722000000.0,3838881600000.0,3426629000000.0,3792387400000.0
2014-11-15 00:00:00,4982783000000.0,5173520400000.0,6506321000000.0,5881794700000.0,5807909000000.0,6558163400000.0,5387223000000.0,5417236000000.0,6040911300000.0,5706004600000.0,5777564600000.0
2014-12-15 12:00:00,8366362500000.0,8321963700000.0,9946349000000.0,9016082000000.0,8990021000000.0,10263745000000.0,8919140000000.0,8628506500000.0,9139271000000.0,8846645000000.0,9468652000000.0
