time,r1i1p1f1,r2i1p1f1,r3i1p1f1,r9i1p1f1,r4i1p1f1,r6i1p1f1,r8i1p1f1,r7i1p1f1,r5i1p1f1,r10i1p1f1,r19i1p1f1,r18i1p1f1,r17i1p1f1,r20i1p1f1,r16i1p1f1,r15i1p1f1,r14i1p1f1,r13i1p1f1,r11i1p1f1,r12i1p1f1,r29i1p1f1,r28i1p1f1,r30i1p1f1,r26i1p1f1,r25i1p1f1,r24i1p1f1,r22i1p1f1,r21i1p1f1,r23i1p1f1,r27i1p1f1
2000-01-16 12:00:00,7.1635375,5.957812,5.277986,5.8303022,6.402936,5.3126187,6.164187,5.480773,6.5092335,5.4869103,6.122584,6.0187254,6.4031296,6.8156095,6.037497,6.336188,7.0838623,5.5005417,5.770413,5.669402,5.6943617,5.936699,5.808881,6.246079,5.684384,6.284648,6.655442,6.050986,6.021389,5.488352
2000-02-15 12:00:00,6.3343706,6.085205,6.378261,5.581087,6.08009,6.3531065,6.014257,6.5617948,6.0343266,6.819835,6.2078347,6.835324,5.533333,6.34534,5.9267893,5.836918,5.4223757,6.0022397,6.378976,6.7397256,5.138572,5.9585824,5.206981,6.12269,6.2706323,5.5262356,5.6386075,5.7668285,6.207516,5.5341916
2000-03-16 12:00:00,6.1565113,5.6701856,5.924044,6.2201424,5.593383,5.601478,6.3244023,6.1712403,6.193768,5.873046,5.8643293,6.1822658,6.520035,5.5354214,5.7672744,5.9371424,5.6557207,6.5745273,5.73249,7.106566,5.767015,6.1968083,5.739429,5.962224,5.986089,6.2282434,5.5668783,5.553481,5.90493,5.731047
2000-04-16 00:00:00,6.4912963,5.7940845,5.240366,5.2730823,5.5042562,5.3408194,5.459486,6.2277126,5.365127,5.396412,5.005847,4.911764,5.1538267,5.0212207,5.396703,4.938204,6.399276,5.0280848,5.7773213,5.932998,4.6158423,5.3262753,5.627922,6.2784057,5.6730566,4.805904,4.9238906,5.4336014,6.2320924,6.2510624
2000-05-16 12:00:00,5.8460855,5.3269725,4.9581027,5.76051,5.387563,4.7360168,6.2724943,4.837229,5.4275126,5.991388,4.6443048,5.6361656,4.3585854,5.7696567,5.0311136,4.6985264,4.97887,4.9914236,4.433599,5.0404525,4.9173136,4.5423117,6.3103447,5.3267336,5.8120093,5.2300854,4.8236537,4.646854,5.498714,6.181593
2000-06-16 00:00:00,5.0821447,4.9010706,4.6149707,4.901593,4.614973,4.765208,4.6216116,5.212606,5.105166,5.3366513,4.465867,4.463389,4.654797,5.2654476,4.296045,4.5506325,4.2062855,4.592581,4.7267604,5.1709714,5.265789,4.964562,4.3691883,4.7953506,5.6769357,5.0554395,5.035303,4.8815966,5.2755713,5.380985
2000-07-16 12:00:00,4.8543105,4.448061,4.8167124,4.6092577,4.595923,4.8916173,5.1745877,5.2360888,5.107046,5.217435,4.482179,5.60627,5.0153956,4.9554615,4.773699,4.710921,4.4652576,4.2565064,4.5767064,4.8363657,5.234511,4.701656,4.2552137,4.9726367,4.9049582,4.302282,4.595923,4.66958,4.4230714,4.7169065
2000-08-16 12:00:00,4.889004,4.083814,4.670527,4.868282,5.170569,4.5264993,5.0072618,5.322412,4.8941636,5.874795,4.989327,4.7615037,4.814332,4.8341355,4.7880535,4.8649826,5.201768,5.0637617,4.9247727,4.9170914,4.9932194,5.3645263,5.290565,5.28941,4.917606,4.5304723,5.4135575,5.294827,5.2112074,4.9477224
2000-09-16 00:00:00,5.511301,4.769893,6.1865044,5.347158,5.5924973,5.1956778,5.5915384,5.497351,5.306035,5.153496,5.1860914,5.5719357,5.691972,5.4183526,5.7231736,5.3161263,5.858389,5.9886274,5.703155,5.300962,4.90997,5.8035107,5.9821954,5.580684,5.024453,5.690736,5.358964,5.2821994,5.4200535,5.7688646
2000-10-16 12:00:00,5.5249515,6.4641194,5.568757,5.369746,5.8516746,5.797278,5.3784494,6.13813,5.2221274,5.3279123,6.1857004,6.199017,6.1349425,5.519467,6.12518,5.2583838,5.9127746,5.338555,5.9327054,6.546478,5.233358,5.8560934,5.61425,6.2548447,5.342109,5.61146,5.5049543,5.763512,5.677347,5.798529
2000-11-16 00:00:00,5.9998918,5.6436353,5.4797277,6.6154337,5.6813254,6.4696093,5.8015504,6.017823,6.000276,5.3600154,6.2330966,6.306221,6.6286826,5.965825,5.889323,5.585421,5.8878617,5.8728538,6.068088,5.942153,5.545847,5.781922,5.6698046,6.0027337,5.3382664,5.2516775,6.0179024,5.5963893,5.558956,6.059834
2000-12-16 12:00:00,5.9312363,6.0425315,5.9819503,6.9481544,5.812367,5.601744,5.634414,5.199344,5.6846743,5.618614,5.477139,6.395435,6.651586,6.7861624,5.9726415,5.8164744,5.5203586,5.215262,5.177329,5.6584826,6.0749755,5.130639,5.764002,5.634127,6.2586384,6.246316,6.381394,6.147064,5.8753996,6.6922336
2001-01-16 12:00:00,7.2470345,6.046537,5.3112736,5.7553678,6.046113,5.303661,6.4637146,5.5276194,6.871615,5.452227,6.143946,6.019475,6.323919,5.892628,6.190751,6.139924,5.804365,5.4854064,5.6942787,5.296927,6.6254067,6.4803042,5.90375,5.2782507,5.7430663,6.555659,6.659785,6.688475,6.4196744,5.0708103
2001-02-15 00:00:00,6.099993,5.900104,5.238304,6.054451,6.276125,5.6023545,5.669252,6.313507,5.6428146,7.326787,7.0719056,6.0680833,5.949286,5.6287537,4.9014974,6.223765,5.94259,5.902162,6.8028893,6.399871,5.8477902,5.2212057,5.5856485,6.2964005,5.9588943,6.5271854,5.186787,6.205473,5.9962354,6.8568726
2001-03-16 12:00:00,6.434833,5.945248,6.4607143,6.0203185,6.684071,5.4326086,5.4747167,5.5894666,5.961551,5.97249,6.0297365,5.3808923,5.5171595,5.622295,5.2522926,5.364574,5.7040358,5.9439235,5.620945,5.8778415,6.35848,5.932651,5.868747,5.4132943,5.9419374,5.4501023,6.516394,6.2118344,5.0092273,6.2147765
2001-04-16 00:00:00,5.034817,6.898021,6.723107,5.8189063,5.7323084,5.650824,5.826113,6.211801,5.611593,5.5606594,5.2222886,6.7416224,5.3194113,5.7911215,4.881896,6.0391726,5.2152147,5.5716577,5.7487416,7.023602,6.0845294,4.62905,5.4158454,5.709844,4.9927244,5.762657,5.3368874,6.571881,5.9502006,7.484929
2001-05-16 12:00:00,5.857966,5.562748,6.2518587,5.653816,4.6777687,5.0860353,5.0135937,5.711921,5.324108,5.2178664,5.822452,5.5946503,4.5149536,4.9007683,4.22925,4.8840747,4.753497,5.8369923,4.861678,5.2558703,5.8096275,5.2275,5.6854057,5.5026717,5.1087203,4.724247,4.9908133,5.061539,5.117406,4.814889
2001-06-16 00:00:00,5.3668895,5.773152,5.613838,5.156588,3.9774287,4.5606346,4.5917325,5.04605,4.583231,4.985769,5.0404677,5.355138,5.3017797,4.940557,4.9501243,4.1914825,4.7944336,5.175028,4.710072,4.6639338,4.9128165,4.6711464,5.1744094,4.882019,4.208764,4.5477858,4.7488,4.3868933,4.9732876,5.075826
2001-07-16 12:00:00,4.8526664,4.9741187,4.269772,4.321059,5.048683,5.182561,4.809405,4.962957,4.7759576,5.2389274,4.7413816,4.167539,4.3696384,5.09025,4.4554677,4.970956,4.8884244,5.4527597,4.617058,4.4871874,4.879498,5.0069785,4.871153,5.0709105,4.382747,5.108242,4.824253,5.0998764,5.2766724,4.739959
2001-08-16 12:00:00,4.457863,4.2532263,4.4669476,4.8117404,5.2252464,4.767931,4.852877,5.762836,5.3439484,4.6445985,4.4356103,4.683414,5.110142,5.085662,5.0208006,4.7789993,5.258703,5.4656143,4.3659506,5.1199355,5.938132,5.4824624,4.8000026,5.6261,4.75148,5.053043,4.829883,4.967079,4.8254557,4.9081974
2001-09-16 00:00:00,5.918346,5.2478027,5.4382925,5.712638,6.2294235,5.609496,5.5838747,6.571493,5.2703013,5.653958,5.1253037,5.209358,4.894856,5.7303386,5.2076416,5.597091,6.2878366,5.235121,4.9776406,5.4759192,6.0647073,4.986315,5.1352067,5.863602,6.3942766,6.234663,5.4891386,5.114603,6.1901956,5.4573593
2001-10-16 12:00:00,6.154717,6.108323,5.494325,5.7052865,5.818922,5.6150827,6.3325453,5.747317,5.644418,5.8995585,5.4830985,5.9691763,5.4128914,5.980441,6.3524404,6.15056,5.428826,6.0655894,5.7957954,6.788618,6.564061,5.630967,5.909244,5.1714883,5.5414467,6.2487607,5.9684525,6.0154743,5.7075706,6.292264
2001-11-16 00:00:00,6.3312206,5.452824,5.9805384,5.8623514,5.487522,5.5099344,5.2876945,5.660737,6.226553,5.5378466,5.8414807,5.350211,5.4265366,5.5413694,5.7987185,5.355729,5.187861,5.595697,5.7277284,5.877212,6.0240784,6.170038,6.690433,5.7389317,5.253399,6.024277,6.3790445,5.4937596,5.1983104,5.8607006
2001-12-16 12:00:00,6.040552,6.224336,4.8636146,6.40033,5.3687344,5.7919445,5.480968,5.6709976,6.6821313,5.320695,5.464962,5.5974803,5.880537,5.862688,5.673055,6.108903,4.998,5.8512845,5.9035215,5.4451456,5.3438244,5.8798823,5.6467996,5.868901,6.0389323,6.236089,5.415604,6.0210752,5.713043,5.6876736
2002-01-16 12:00:00,6.019149,5.588053,6.238538,6.30775,6.468877,5.958112,5.5105557,6.6292453,5.9045706,6.27097,6.127177,6.709315,5.600724,5.5224123,6.116699,6.3248734,6.2872353,6.5574374,5.344915,5.8144894,5.590455,6.5959654,6.1075974,6.4746633,5.5890455,5.671172,6.642338,5.078584,7.090249,5.7480755
2002-02-15 00:00:00,6.3767,6.1890087,6.745989,6.1781697,6.7365127,5.853063,5.2652154,6.840925,6.044326,5.7183127,5.8995676,6.658867,6.4307685,5.3111215,6.2104177,6.3677053,5.5656643,5.9504776,6.1053467,6.696139,6.688788,6.0592012,5.412594,5.7729483,5.518791,5.994281,5.7373376,5.473647,5.321497,5.2977834
2002-03-16 12:00:00,5.465249,6.1026874,5.9152865,6.268656,6.155789,5.5125575,5.79468,6.1978173,5.399753,6.345555,6.4447937,5.5715346,5.998774,5.2406983,5.412511,5.946526,5.654274,5.3391047,5.830056,5.618449,5.957633,6.544514,5.6689878,5.9978604,4.955254,7.004518,5.6752415,5.1466775,6.2500877,5.3157816
2002-04-16 00:00:00,5.229064,5.5611753,4.801823,7.1175613,5.205986,5.269633,6.2373033,6.265277,5.8574667,5.9754763,5.597394,5.8905444,5.2083483,5.567809,5.4276233,6.048263,5.6933413,5.8305583,5.451976,6.5703483,6.161671,6.527386,5.7355323,5.472679,5.3194165,6.032285,5.908261,5.8612094,4.874406,6.543172
2002-05-16 12:00:00,4.765694,5.344011,5.04786,4.735503,4.6465883,5.6002645,4.2427554,5.9465976,4.8855357,5.667968,5.0143223,4.623024,5.487679,4.8865266,4.956338,4.756819,4.718983,5.324854,4.672448,4.331409,4.511133,5.06639,5.1837997,4.9023166,4.6153574,5.3668103,5.1248207,4.72386,5.1941185,5.280923
2002-06-16 00:00:00,5.5974894,4.735906,5.195388,4.75959,4.4669747,5.104838,5.0429454,5.348207,4.510233,4.627727,4.614102,4.9955287,5.531421,4.790818,5.524454,5.112406,5.4551597,4.635106,4.575203,5.051749,4.4575796,5.223722,4.8549576,4.9601097,4.9065576,4.7704983,4.8054843,5.035044,4.481228,3.9510212
2002-07-16 12:00:00,5.14987,4.630126,5.063197,5.092583,4.82774,4.757825,4.8482103,5.56484,4.4918714,4.465928,4.7596817,5.666553,4.8076835,4.8976126,4.822197,4.7888083,4.8900747,4.580005,4.5572686,5.335871,4.2909975,5.0153666,4.2964163,5.6009803,5.543452,5.0053477,4.8308535,5.3260274,4.793552,5.585786
2002-08-16 12:00:00,5.0415583,5.456932,5.51475,5.138995,5.336543,4.3698225,5.374805,5.521653,4.5454774,4.94322,5.1714535,5.394724,4.746956,5.0605826,4.963188,4.858124,5.0412564,5.097902,5.3508534,4.5406938,4.465482,5.0461893,5.421655,5.5727115,5.275617,5.095423,4.5664682,5.6301584,4.902915,5.4743285
2002-09-16 00:00:00,5.362426,5.621042,5.4077134,5.7276487,5.0669985,5.2685385,5.536881,5.7701693,5.5594406,5.5494814,5.54792,5.490987,5.677739,6.2876515,4.7458663,5.9340067,6.364697,5.0942554,5.7555814,5.41375,5.0270267,5.0470057,5.862945,6.2275634,5.5339823,5.8186426,5.103004,5.5767703,6.0115457,5.0393753
2002-10-16 12:00:00,5.838695,6.0913734,5.3324547,6.017243,5.7159824,5.8634925,5.811047,5.3670473,5.665531,6.09021,6.5381236,6.4621067,5.527406,5.586955,6.319013,5.5109887,5.8552365,5.8924866,6.011929,6.0842466,5.238202,5.8467555,6.423242,6.274675,5.738995,6.2790995,6.331174,6.055806,5.1992154,5.5186534
2002-11-16 00:00:00,6.483318,5.603762,5.0060477,6.4790688,5.649662,5.027165,5.8529215,6.080092,6.3132772,5.9274387,5.535023,5.982177,6.22122,5.6639895,5.44948,6.180298,6.1771336,5.1645246,6.2750387,6.6622143,5.7508492,6.022289,5.7844515,5.5906034,6.09619,6.563877,5.8874946,6.3595777,5.443473,5.4967184
2002-12-16 12:00:00,5.3670993,5.8375735,6.1792884,6.129703,6.652865,5.6648726,6.148921,5.8188314,5.5478964,6.0162706,5.984994,6.837412,5.8706584,5.9099793,4.714491,6.024342,5.909968,5.772027,6.899054,5.6826177,5.363254,6.29428,5.6130185,5.8397903,6.8216295,5.5684347,5.6808453,6.0468698,5.6506343,6.0889263
2003-01-16 12:00:00,5.4086046,5.383568,5.502584,5.999359,6.407257,5.4241543,5.354419,5.3967953,5.68191,6.4963326,5.1646004,6.298282,5.529362,6.0170727,5.7923293,5.767257,5.8736706,5.424375,6.3366504,5.6182117,5.7238455,6.138448,5.7591004,6.2611766,5.5539517,5.896665,7.5163355,5.3338547,6.9285765,5.362519
2003-02-15 00:00:00,5.021264,5.574581,4.950916,5.6985283,6.335417,5.36528,5.6455255,6.151443,6.1993923,5.549417,6.561477,5.4726005,5.148463,5.9594846,5.8454304,6.243668,5.740275,6.6429076,6.452422,6.560555,5.2553563,5.5559225,5.410419,6.384969,5.234203,5.920412,6.514556,6.408063,7.6713734,5.981816
2003-03-16 12:00:00,5.4779186,5.8294563,6.575088,5.6860023,5.8319497,6.232386,5.7264915,5.5744004,6.2187037,6.1730227,5.619208,5.993886,5.019402,5.938182,5.8538976,6.3178267,5.970371,5.2536073,6.221863,6.0401115,6.295345,6.2665443,6.407878,6.5463204,5.320646,6.1162467,5.599963,5.5885067,5.1685514,5.203148
2003-04-16 00:00:00,5.650878,5.5103106,5.229633,5.151105,6.010273,4.920756,5.3087316,5.923501,5.4710183,5.9923525,5.257504,5.70601,5.8844414,5.9570827,6.730939,6.251209,6.2583055,5.9118347,5.041853,5.8436294,6.1897635,5.7754307,5.2578955,5.284459,5.5831556,6.2457366,5.1375594,5.692842,5.670801,5.812155
2003-05-16 12:00:00,5.8377113,5.3109765,5.842265,4.6529016,5.7430687,5.0405436,4.8993726,5.476076,4.973629,4.7554846,4.272231,5.160909,4.243268,6.0566883,4.805554,5.8622327,5.4842734,6.6754203,4.7530847,4.4665165,5.311471,4.756144,5.0046124,4.3276324,5.5455937,5.270135,4.9649553,4.981727,4.169799,5.4327927
2003-06-16 00:00:00,4.193194,5.168698,5.626381,4.6395745,5.176514,4.362336,5.069493,5.2595005,5.2387905,4.1858897,4.9032645,5.26783,5.1900887,5.087423,4.2914004,6.276807,5.1782103,5.2425246,4.739357,4.406421,4.821026,5.145243,4.946925,4.7749496,4.4959507,4.796437,4.5538383,5.131435,4.4943323,4.6872373
2003-07-16 12:00:00,4.7954373,4.8086505,5.433045,4.5178943,4.860112,4.782654,4.972786,5.024679,5.012616,4.9379234,5.3145847,4.2417397,4.9516325,4.6883407,4.57844,5.2272778,4.6918063,4.5281997,4.7615123,4.515102,4.780717,5.2498064,4.9874606,4.530034,5.280458,4.8920765,5.1055923,4.7597446,5.1388564,5.134439
2003-08-16 12:00:00,4.721502,5.519088,5.6127415,4.495476,5.4242067,5.24106,5.3775425,5.065945,4.6533465,5.5358167,5.3518863,5.003494,5.169698,4.8901973,4.910369,5.544957,5.0961447,5.532734,4.2109447,4.9522085,4.7831063,5.1642222,4.4750104,4.7908807,4.804225,4.573718,5.121039,5.528677,4.708196,4.9422197
2003-09-16 00:00:00,5.3926187,4.912514,5.3312306,5.910453,5.8304067,5.35471,5.6810613,5.9792337,5.6005993,6.2517753,5.3932047,6.1172576,5.5011,5.146061,5.003617,5.380184,5.7540636,5.617742,5.5832067,5.3234286,5.4449573,5.324985,5.5531125,5.0021086,5.4920154,6.231523,5.600863,6.038492,5.8901806,5.4176946
2003-10-16 12:00:00,6.6275563,5.9834166,5.97833,6.389002,6.296398,5.3661985,5.766045,6.7581444,5.8300405,5.962449,6.0887675,5.8420105,5.596223,6.3992276,5.256179,5.780271,6.0686126,5.686315,6.0382547,5.2458925,5.484526,5.4950957,5.3585367,5.6068487,5.1433167,5.837546,5.97984,6.1191764,5.3369718,5.6587696
2003-11-16 00:00:00,5.9339743,5.3750615,5.2413893,6.4246926,6.245718,5.5439706,5.026218,6.260493,6.0015564,5.974064,5.8217564,5.985899,5.427415,5.894912,5.9731054,5.368531,6.6595383,5.5037184,6.062432,6.010129,5.567732,5.7609243,6.5602493,6.5973654,5.8240576,5.216882,5.9478006,5.788259,5.3089266,5.838302
2003-12-16 12:00:00,5.7036185,5.900907,5.7687488,6.5712657,6.0795236,5.5851254,5.057429,5.8080616,5.971683,6.0490522,5.5376678,5.7974057,5.584302,6.05501,6.685093,5.3742166,6.261221,5.3872237,6.241348,5.7812686,5.252585,6.5077686,6.0281687,6.322529,4.9803996,6.208508,5.2421894,6.11943,6.7308946,5.4997025
2004-01-16 12:00:00,5.9065266,5.93096,5.67083,5.648142,5.4852986,5.1765075,6.098676,5.5444674,5.83657,6.2790074,6.014161,6.755565,5.978858,6.8206553,5.918127,7.2950234,5.533736,5.5258555,5.4576187,6.166946,6.211311,5.9261055,6.931338,6.966656,5.885681,6.0060477,5.961277,5.640733,5.861818,5.9353356
2004-02-15 12:00:00,5.899003,5.7674756,6.1168203,5.502214,5.949556,5.6775537,6.101983,6.601291,6.4779325,7.428004,5.5402904,4.9030013,5.392497,6.501287,5.12436,5.71828,5.7062964,6.1674294,5.5921106,5.911946,6.6172314,5.4425697,5.4121113,6.113673,5.232426,5.4764056,5.997902,5.583577,6.7916727,5.422277
2004-03-16 12:00:00,6.1004066,6.5889907,5.4126377,6.22062,5.6592155,6.057724,5.002659,6.1852884,6.4961843,5.474233,6.509347,5.2687206,5.90068,5.60312,5.629845,5.8095694,5.468618,5.530313,5.791265,6.557537,5.4622273,4.945928,6.4009,6.2018256,5.2288356,5.4000807,6.3028016,5.444117,5.49817,5.703401
2004-04-16 00:00:00,6.121072,5.825284,5.2914157,6.1369305,5.2376723,5.4837136,5.646308,5.6409764,5.5028453,5.222903,4.9889426,6.410658,6.0345078,5.9501143,5.422356,5.8621206,6.495989,6.514784,5.788068,5.378821,6.175859,5.825678,4.9762545,5.202921,6.077987,6.2222867,5.089875,4.92962,5.2370496,5.5227365
2004-05-16 12:00:00,5.8721156,5.6960735,5.1639895,4.546224,5.5775876,5.273782,4.8858323,5.112417,4.4896083,5.0791116,5.6542435,5.371405,4.6826406,5.8230753,5.3291903,4.483772,5.4694242,4.800879,5.3503065,5.0949497,4.9104495,5.3309216,5.2300706,5.145464,4.893233,4.471554,4.3620567,5.8762255,4.723798,4.6500564
2004-06-16 00:00:00,5.0208006,4.855907,5.117101,5.370622,4.917284,4.782481,4.4372263,5.012265,4.6816916,5.365757,5.512824,5.028073,5.3465185,5.5551944,4.1188765,4.601264,5.341909,4.5850496,5.2032022,4.5061193,4.861105,4.142782,5.8910317,4.2995825,4.786445,5.1012244,4.647998,4.5098696,5.411121,5.772328
2004-07-16 12:00:00,4.1891737,4.5201325,4.7053013,5.2600136,4.7407403,4.6631517,4.6092987,4.9846745,4.484259,4.156388,4.8803306,4.5840135,4.563336,5.448884,4.742683,4.987574,4.4763465,4.8583913,4.606397,4.964458,4.5514307,5.235603,5.8041644,4.4772067,4.909258,5.0887403,4.631816,4.893687,4.632794,4.577849
2004-08-16 12:00:00,4.9617233,4.9430213,5.3855824,5.4350815,5.164296,5.146994,4.835159,4.4664426,5.037171,5.038273,5.0021696,4.96951,4.896697,4.7667637,4.7885137,4.629137,5.022339,5.127301,5.305563,5.132344,5.2005777,4.774413,4.5469065,4.6119614,5.324804,4.8407984,5.1750317,5.055903,4.7106404,5.455367
2004-09-16 00:00:00,5.966094,5.626813,5.5576982,6.0714636,5.7619243,5.7381883,5.8518763,5.6651692,6.046634,5.553267,5.889458,5.4981375,5.6761937,5.7205997,5.6893873,5.266792,5.8215027,5.8187766,5.795337,5.1861362,5.8485165,5.4507275,5.2863846,5.56576,5.8237977,5.088357,6.1630955,5.458302,5.430514,5.784252
2004-10-16 12:00:00,5.7036524,6.0463104,5.477011,6.3776116,6.1522756,5.6730237,5.5602713,6.34958,5.319812,6.1683383,5.9831,6.0189004,5.9676676,6.4333034,5.770873,5.983062,5.308965,5.985239,5.975936,4.91884,6.027927,5.3170886,6.6749535,5.793368,5.981111,5.7297006,5.5999694,6.3933163,5.7994833,7.102473
2004-11-16 00:00:00,5.8793936,5.852702,5.6339355,6.5982523,5.52203,5.807237,5.5012603,5.3174095,5.3739743,5.5971212,5.367921,5.6313987,5.3311696,6.3653646,5.9873166,5.3867407,5.906913,5.809772,6.1102357,5.0727158,5.8046865,5.9451184,5.588202,6.097614,5.467391,5.356934,5.6869144,5.982048,6.0013986,5.76623
2004-12-16 12:00:00,6.2279725,5.375234,6.166359,5.2033167,5.992038,5.7989993,5.958206,5.231497,5.4788866,6.0853934,5.9460764,6.0740104,5.670443,5.777917,6.0335326,6.2876096,5.829003,6.8326025,6.1737638,6.1887627,6.095287,6.302229,6.3707104,5.546146,5.423635,5.7446594,5.431196,6.7095323,5.2380795,5.2343087
2005-01-16 12:00:00,6.550372,6.3425226,6.631594,6.1692953,6.0604568,5.8785267,5.420211,5.4441414,6.536565,5.5774984,5.5779634,6.2275558,5.23748,5.638016,5.611497,6.0308065,5.5882955,6.3955183,5.924394,5.681272,5.3449945,5.578693,6.765355,5.8369617,6.054373,6.5549684,5.2336087,5.828661,6.1512733,5.4013133
2005-02-15 00:00:00,5.392998,6.5880566,5.71712,6.719359,6.1612253,5.825002,5.7648587,5.6096444,6.3086925,5.0061083,5.750435,5.7108665,5.6301436,5.5653105,6.0169744,6.059201,5.5917826,5.5870657,6.6819334,5.149966,6.154276,5.22306,5.7143607,5.9801254,5.141349,5.594866,5.789305,5.7773256,5.2217216,5.989927
2005-03-16 12:00:00,5.720869,5.4818263,5.7688355,6.638287,5.4671726,6.210365,6.1689577,6.441065,5.574213,5.655884,5.699312,5.7055874,6.0494313,4.9338346,6.6359925,6.1901083,6.0569777,5.970519,5.9106946,5.7837267,5.5762234,5.691426,6.0319223,6.4684153,5.469355,5.3371468,5.7708464,6.1717505,5.044515,5.3968844
2005-04-16 00:00:00,5.369471,4.9719753,5.2983546,6.3061533,5.2361417,5.179991,6.3914475,5.9304986,6.179569,5.267855,5.613123,5.248772,6.711753,5.274541,6.591968,5.7444882,6.5178146,5.265214,4.308467,5.44376,5.3351293,5.856888,5.6391854,6.6823606,5.7223372,5.754889,5.413976,5.673663,5.5305653,5.3258524
2005-05-16 12:00:00,4.7943506,5.215915,5.191752,5.346587,4.9082055,5.033447,6.582338,4.7405214,5.313971,5.71649,4.776985,4.5784683,5.8361864,4.5555844,5.205982,4.6111536,5.063149,5.7068763,5.0860786,5.774524,5.5552487,5.11674,5.841024,5.928058,5.282546,5.7480016,5.4482408,4.6841307,5.0441885,5.7825656
2005-06-16 00:00:00,5.1000557,4.4922285,5.1344123,5.668849,4.7327356,4.444624,5.234302,5.6446276,4.257081,5.0592737,4.713377,4.666468,4.578169,5.355258,4.4684834,4.836268,4.435969,5.0280166,4.2628384,4.6105714,5.7169814,4.7554116,5.1367087,4.966709,5.4847136,4.5044894,4.6494946,4.7346334,5.037858,4.9012113
2005-07-16 12:00:00,4.828917,4.8684144,4.2775354,4.9805474,5.2131257,4.5178723,4.6838264,5.2276244,4.9436326,4.9421287,5.216715,4.9478636,4.828865,4.5879335,5.099194,4.8748593,5.1064596,4.6807585,4.8984556,4.75277,4.705175,4.6775413,4.523118,5.0220814,4.2351513,4.4304905,4.725831,4.4952006,4.157738,4.2626767
2005-08-16 12:00:00,5.751409,4.6544256,4.593518,5.8955503,4.8601465,4.808666,4.7027273,5.0698013,5.0787363,5.064286,5.1408367,5.177441,5.079347,5.470526,4.7840524,5.079316,5.1327176,4.5909066,4.7137003,5.3432374,5.3373704,4.678092,5.0962515,4.7539463,5.170297,5.336561,4.619804,5.0392795,5.081639,5.1906
2005-09-16 00:00:00,5.509586,5.616531,5.313198,6.1351285,6.085313,5.767025,5.539496,5.632936,5.7851515,4.8882785,5.496943,5.6895437,5.7150955,5.192948,5.7800975,5.9863586,6.334442,5.5885324,6.1542406,5.5380564,5.430992,5.1675005,5.4249487,5.838317,5.819662,5.652262,5.490351,5.7257657,6.691512,5.9047823
2005-10-16 12:00:00,5.890264,6.3925223,5.622567,5.8948126,6.19093,5.461704,6.0808706,6.492371,5.5501313,5.9802384,6.5028887,5.4900312,5.618689,5.879644,5.3647885,5.353917,6.523855,5.2737923,5.728918,5.811648,6.1762514,5.714492,5.80955,6.6218715,5.426703,6.442299,5.4306235,6.190311,5.293352,5.3537736
2005-11-16 00:00:00,5.589808,5.643641,5.6908946,5.7785044,5.775894,5.9309244,5.1879077,6.2609324,5.647025,5.109451,6.299452,6.1413126,5.5072207,5.6103015,5.823239,5.6926174,5.4496317,6.005347,6.3290424,5.724128,5.3526773,6.1274877,5.650071,6.0003567,6.155241,5.6775064,5.445879,5.5487075,5.4208374,6.0272713
2005-12-16 12:00:00,5.8805795,5.2468286,6.5316157,5.6509085,5.937767,5.615103,6.035349,5.6520486,4.7315855,5.4321823,6.035319,5.5265694,6.2869577,6.2997503,5.53277,6.169249,5.937278,6.001797,6.1487427,6.4952817,6.005606,6.3203726,5.8624644,5.104504,5.544928,6.204575,5.9261394,5.792427,5.5629573,6.062639
2006-01-16 12:00:00,6.5112205,5.7888536,6.7886133,5.733897,5.819785,5.7636356,5.905045,6.098907,5.2495375,5.841397,5.452017,6.1150093,5.9075193,5.8640385,5.633126,5.9985147,5.628256,5.722483,6.193891,5.975973,6.8803053,6.4116335,6.276465,6.06371,6.663826,5.417414,5.863982,6.456288,5.5614896,5.900123
2006-02-15 00:00:00,5.669217,5.850878,5.979602,5.4697304,6.0191503,5.1482186,5.5946097,6.3456955,6.164388,5.9224257,5.743878,6.4164176,6.0110817,5.9681726,5.5442057,6.2734323,5.1412306,6.4278493,6.0899854,5.8302445,5.509077,5.573917,6.248096,5.749794,5.7270174,6.14662,5.352849,6.166901,6.447869,5.6444116
2006-03-16 12:00:00,5.643666,7.375923,6.211056,5.514397,5.656627,5.750839,5.684775,5.917958,6.1842966,5.737475,6.0378976,6.163885,5.4145384,6.641428,5.6756186,5.8057313,5.4252896,5.6668715,6.1815505,6.2591105,6.3700523,6.122397,6.101307,5.8787704,5.7668214,6.16097,5.1393557,6.850398,5.881925,5.825168
2006-04-16 00:00:00,5.6086264,5.2731576,5.3617187,5.175858,5.3993826,5.4553246,5.364521,6.233635,5.7767386,5.4619164,5.552139,5.721014,4.9654355,5.6084037,5.4319506,5.836615,6.583961,5.551742,5.546935,5.7231197,5.731626,6.3859034,5.794252,5.545483,6.0674667,5.404286,5.67498,5.7217326,5.0732017,6.0318484
2006-05-16 12:00:00,5.5919113,5.4498096,5.484481,4.2160215,5.1722684,4.7623963,4.6160226,5.2467837,5.0167246,6.231721,5.4155264,5.299407,4.5174704,5.422754,4.953527,5.360721,5.5607424,5.117057,6.15638,5.304398,4.4596047,5.5400033,4.5566564,5.3377533,4.8501315,4.7689037,4.884196,4.556563,4.705266,5.4211044
2006-06-16 00:00:00,4.6114316,4.7692976,5.625913,4.5529594,4.4114046,5.567272,5.037947,4.7948856,5.468522,4.1886926,5.3044686,4.567266,4.597707,4.651357,4.781532,4.2462196,4.6779175,4.457248,4.6886053,4.265927,4.8376536,5.0260015,4.779492,4.726435,4.5758996,4.5730705,4.610747,5.269234,4.550935,5.4315047
2006-07-16 12:00:00,4.7634645,4.5324802,5.141454,4.51253,4.8748107,5.221963,4.839066,4.9164577,4.289598,4.9691935,5.089025,5.282607,4.797269,4.7414446,4.2047596,5.1330843,4.9709654,5.0171046,4.94005,4.6571164,4.5300717,5.396162,4.9738607,5.1794553,4.8700137,5.0145535,5.1221,4.184336,4.6834335,4.1670117
2006-08-16 12:00:00,4.8853283,5.3801246,4.5928655,4.290735,4.8706093,5.2483106,5.046075,4.8241568,4.7873936,4.7910976,4.9565825,4.904512,5.0816026,4.8721943,5.6589494,5.221049,4.640042,5.648931,5.62579,4.84916,5.124672,4.9742556,4.727594,5.203992,5.587003,5.398091,5.087131,5.3003206,5.3418484,4.824189
2006-09-16 00:00:00,5.5239296,4.951973,5.555798,5.7334385,5.2525735,5.569829,5.4981494,5.462766,4.922048,5.4670844,5.996798,5.0660253,5.420029,5.058428,5.724183,5.952039,5.476522,5.6507316,5.432543,5.7110033,5.885979,6.081712,5.529387,6.183326,6.030995,5.8261676,5.367034,5.831251,5.506236,5.2349
2006-10-16 12:00:00,6.078669,6.7500863,5.806287,5.24766,6.2465086,6.336022,5.6601343,6.5698876,5.5895762,5.568269,5.028739,5.479055,5.8108616,5.5949855,5.433852,6.289273,5.657446,5.4433722,6.0535936,5.7836647,5.441488,6.805437,5.6252627,5.659637,6.2244554,6.169402,6.05296,5.470948,5.129644,5.4239736
2006-11-16 00:00:00,6.2612453,6.1909494,5.5964875,5.3362904,5.3649683,6.361584,5.8184133,6.004043,6.2139773,5.2148633,5.739783,6.3568883,5.858238,6.9500875,5.4787083,6.0635915,6.0462394,5.916976,5.173911,5.5283384,6.129652,6.165023,5.5749707,5.0206532,5.3780165,5.594401,6.284574,5.880155,5.7563477,5.7599025
2006-12-16 12:00:00,6.535261,6.361434,5.1061087,6.4716344,5.7966027,5.7657156,5.9786606,5.1833115,6.2616925,5.237284,5.754223,5.6599693,6.0559115,5.6786795,6.6341105,5.8176255,5.7817883,5.1923213,6.075128,5.7679358,5.4018216,6.5781894,6.2864246,5.765663,6.0897727,5.6910195,6.472646,6.2369094,5.7575235,5.547895
2007-01-16 12:00:00,5.5467257,5.676976,5.971332,5.1949286,5.389068,6.243505,6.254386,5.5549045,5.0985446,5.520239,6.0477567,6.0892367,7.229569,6.0731874,5.5398965,5.6541677,5.8844066,5.480409,6.221824,7.0683627,5.8216214,5.8334985,5.4602714,6.8113794,5.6073585,5.720755,5.9310045,6.1281824,5.9166903,5.4064713
2007-02-15 00:00:00,5.344732,5.756826,5.7218885,5.588506,6.384962,5.6448793,5.6429005,6.5566344,5.62262,6.2011294,5.978893,5.6121726,5.8242507,5.701122,6.3134923,6.4282928,5.5190244,5.8443394,6.475763,6.3655825,5.678086,5.4013886,5.8103013,5.8023534,6.38963,6.462623,5.810598,6.7133303,6.575453,5.8237944
2007-03-16 12:00:00,6.079881,5.762816,7.0543933,6.8394995,5.666072,6.228308,7.1459007,5.41446,6.281371,6.4783177,5.8288193,6.2559323,6.066329,6.699972,6.225539,5.7944407,6.1142783,6.055042,6.2469068,6.6057577,5.6508746,5.6471915,5.499568,5.848453,5.26359,5.213792,5.543551,5.9713254,6.737279,5.69746
2007-04-16 00:00:00,5.977051,5.273972,5.6848454,7.168872,5.485455,6.1907406,5.4797006,4.4495897,5.120928,7.0600686,5.555798,5.8721924,4.930303,6.162783,6.0857487,5.4906077,5.3949413,6.4063096,5.6356406,6.062638,5.075194,4.990314,5.3447566,5.0224657,5.9383764,5.092742,5.647732,4.9491935,6.243503,5.774624
2007-05-16 12:00:00,6.2307487,5.222882,4.8042374,4.598322,5.5261827,5.367508,5.3694897,5.069665,5.310507,5.5342264,4.9524913,5.17121,5.212064,4.999679,4.6785107,4.8037963,5.0324345,5.64663,4.816836,5.5015235,4.7550235,4.5618114,4.2884827,5.362722,4.737134,4.367147,5.721204,5.113757,5.2553024,4.7684927
2007-06-16 00:00:00,5.4843106,5.042803,4.5369673,4.9085097,4.4077444,4.981594,4.31744,4.723978,4.7339377,4.5984697,5.6028757,5.0155435,4.3641677,4.917079,5.0694175,4.7403097,4.450898,5.1081595,4.4401917,5.054416,5.589541,5.698677,4.974115,4.809325,4.6514816,4.6627336,4.5534945,4.9951773,5.1510835,4.7972555
2007-07-16 12:00:00,5.113784,4.7441077,4.534071,5.0794826,4.700309,4.4776206,5.0868506,5.0518746,5.274008,4.772802,5.2024426,4.9349184,4.9871726,4.779329,5.210987,5.3205004,4.183209,5.024668,5.1462474,4.2098603,4.507484,5.5102186,4.3676867,5.132185,4.5376225,4.518328,5.3092637,4.9433665,4.655303,4.735767
2007-08-16 12:00:00,4.7092447,5.2242446,4.4903007,5.3419657,5.1859703,4.419205,5.2795253,5.4723682,5.0470424,5.6373534,5.4332533,4.9679847,5.384366,5.5977054,5.098645,4.5367684,4.9284205,5.493342,4.500277,5.4630027,5.1354785,6.312368,4.330548,4.6157346,4.930709,4.5784507,5.3213744,5.187322,4.568535,4.7132883
2007-09-16 00:00:00,5.6037345,5.7263126,5.6248975,6.11158,5.422598,5.6034055,5.5083313,5.9963174,5.8434205,5.476371,6.3887243,5.745345,5.150242,5.6120176,5.9256797,5.50918,5.084902,5.6936917,5.348766,6.2362695,5.1871934,6.899696,5.387864,5.460831,5.1759086,5.646592,5.554868,5.8311024,5.4345064,6.037905
2007-10-16 12:00:00,6.2793994,6.6977553,5.8585534,7.259066,5.5041275,6.434988,5.6381226,5.3771787,6.460338,6.3386664,6.12583,5.376492,5.7159724,5.5629764,5.7130003,5.9250803,6.506248,6.31512,5.743805,6.6792026,5.3473525,6.7102246,5.5194516,6.2620015,5.704543,6.6866684,6.0146112,6.3588443,5.86523,6.397831
2007-11-16 00:00:00,5.067659,6.3518295,5.3726945,5.979127,5.6800613,6.687003,5.629487,5.506739,5.8890634,5.915015,5.982683,5.9063487,5.117338,6.040868,5.527755,5.868488,6.637246,6.3200235,6.134625,5.4975424,5.582344,5.5984116,6.923683,5.020474,6.2598276,5.5327992,5.9748316,5.9110513,5.4071884,5.911129
2007-12-16 12:00:00,6.146652,5.940712,5.406205,6.0960164,5.741643,4.949032,5.621354,5.700368,6.077693,5.704968,7.017616,6.433103,5.7608523,5.9893723,6.1827016,6.11937,5.5888743,5.7686534,6.067555,5.708346,6.284802,6.573655,6.0453773,5.449015,5.4932823,6.625729,6.129664,6.0827026,6.2178445,5.35306
2008-01-16 12:00:00,5.795734,5.5108194,7.2232933,6.153552,5.0818057,5.9772696,5.985542,6.288729,6.1732516,6.399457,5.7009244,5.5249634,6.309349,5.724961,5.3680434,6.201431,5.2337766,6.0947366,6.186155,5.952509,5.5549088,5.6974745,6.147735,5.6147194,5.326793,6.406754,5.5723443,5.799773,5.951175,6.332198
2008-02-15 12:00:00,5.954634,5.7082067,5.4393773,5.5535655,5.3372717,6.332381,5.831685,6.1708922,6.681215,5.3797793,5.756246,5.475591,6.3615074,5.2616735,6.2302804,5.5770407,5.7120104,6.849678,6.636945,6.0871754,5.7325897,6.186344,6.050386,5.9869065,6.2786307,6.767561,7.3038783,5.230232,6.48372,5.889897
2008-03-16 12:00:00,5.6082287,6.5544896,5.8329306,6.051483,5.881291,6.372463,6.6115103,6.7636685,5.5159583,5.3082447,5.725432,5.346756,5.8528514,5.799127,5.6848817,5.243954,5.594891,5.7259097,5.923578,5.585723,6.135447,6.274224,5.2408247,5.2786036,5.6043944,5.6457944,6.1732225,5.167054,6.670781,7.02063
2008-04-16 00:00:00,6.35548,6.0787573,5.9212675,5.3462305,5.0785575,5.5030794,7.150674,5.8037915,5.14105,5.441489,5.0688133,5.437728,5.704734,5.3847666,5.948887,5.4514756,5.926582,5.8151674,6.116857,5.794038,5.961905,5.8881373,5.488646,5.909925,6.296561,5.2256002,5.528293,5.1440487,5.8283167,5.799418
2008-05-16 12:00:00,5.210253,5.2344847,5.016955,5.089149,5.5704923,4.8982606,5.579496,4.367323,4.9420633,6.1891623,4.8018823,4.5274563,5.003402,4.8648143,5.4160256,5.496821,5.323751,5.2947683,4.6513176,6.2389297,4.415808,5.5382385,5.8102136,5.387633,4.8452153,4.694581,5.1765513,4.6271033,4.740414,5.159325
2008-06-16 00:00:00,5.267178,4.3204265,4.6021023,5.24061,4.880124,5.182628,5.33799,4.87392,5.9493113,5.655119,4.7965603,4.749118,4.6758676,5.3241005,4.5251584,4.907618,4.9428134,4.9706664,4.769603,4.948247,4.787941,4.7745895,4.7327566,5.7857056,4.9800673,4.7470775,5.082303,5.2910953,5.0648794,5.2642565
2008-07-16 12:00:00,4.551923,4.668328,4.468143,4.8817368,5.0469823,4.460601,5.6704664,5.72479,4.6847935,4.595456,4.810703,4.2850184,5.067565,5.7714033,5.1431937,4.470736,5.4977746,5.58729,4.967136,4.2795653,4.9575915,4.5864167,4.9496665,4.4456205,4.6352005,4.8094287,4.5460014,4.153772,5.278453,4.961926
2008-08-16 12:00:00,4.6187944,5.5752144,5.6707373,4.9236937,5.2516303,4.7628207,5.370044,4.9108033,4.8867373,5.104446,4.7751083,4.793101,4.75018,5.117142,5.2214265,4.930015,4.7640114,4.5995007,5.5839944,5.226212,5.2704935,6.231203,5.8248487,5.468607,5.0243683,4.994989,4.3378806,4.597581,4.7531605,5.6028748
2008-09-16 00:00:00,5.7741666,5.820839,5.7948294,5.739651,5.2125354,5.1454077,5.7198577,5.037612,6.207717,5.7158585,5.5123754,5.7046475,5.173751,5.6697254,5.7370615,5.4488273,5.114271,6.537094,5.0611196,5.854428,5.6282687,6.365776,5.4573364,5.3411813,6.6496396,6.3998785,5.631806,5.2244177,5.449469,5.6093554
2008-10-16 12:00:00,5.8577166,5.358494,5.8741336,6.5677037,6.7257395,5.701588,6.109241,6.3839626,5.7946243,5.8464913,6.1575093,6.685283,5.877024,6.157827,5.5139318,5.447589,6.1930385,6.250795,5.5471206,6.151787,5.5914187,5.876936,5.4159713,6.4548965,5.641247,6.182894,6.126356,6.2331743,5.7785025,6.0931406
2008-11-16 00:00:00,5.767934,5.4418545,5.871744,4.795504,5.489642,5.1879926,4.92561,5.766364,5.7309647,5.904785,5.515142,6.0159073,5.945756,5.173009,5.9256706,5.813597,5.6325336,5.571587,6.218871,5.670123,5.1552396,5.8017526,5.511159,5.9742813,5.256721,6.3343177,6.0038633,6.01702,6.3774185,5.7893257
2008-12-16 12:00:00,6.9692945,6.0451927,5.947651,5.7243032,5.843131,5.876117,5.662676,5.775721,6.1682706,5.996019,6.372653,5.6760983,5.4377418,7.0128393,5.867014,5.6515737,5.7437186,6.136733,5.589527,6.1793833,5.324239,6.0834665,6.6050973,6.1907325,5.3347635,6.175876,6.8629136,6.6442027,6.0549393,6.0235443
2009-01-16 12:00:00,5.4293423,6.501421,5.3821554,6.0061727,6.149999,6.475262,6.05027,6.211329,5.922591,7.028196,5.4720335,5.7414427,5.7638254,6.3281555,5.7814317,5.366096,6.083022,5.997419,6.1872864,6.489401,6.039252,6.284549,5.821869,5.8112574,5.7951565,5.5399117,5.3166847,5.5267506,5.2405596,7.3429894
2009-02-15 00:00:00,6.092685,6.1846924,5.9773917,5.2580705,6.0940976,5.5838575,6.2388563,5.6512294,6.1191106,6.471794,5.944293,6.463782,6.350554,5.8019238,5.5546494,6.2783375,5.615523,6.281979,6.2667103,5.925636,6.9117093,5.8842835,5.9191933,6.8197155,6.1100974,7.083296,6.1038485,6.465188,6.320854,7.0274267
2009-03-16 12:00:00,6.799518,5.9643726,5.954126,6.0194144,5.7664194,6.2842484,5.0419335,6.4468846,5.8483834,5.86906,5.3912516,5.718272,6.029171,6.408492,5.9060245,6.76968,6.128048,5.4977746,5.44692,4.676909,5.3666058,5.583188,5.7799454,6.636664,5.838899,6.169407,5.2394457,6.2002273,6.2106466,6.095351
2009-04-16 00:00:00,6.4159627,5.3109593,5.5166545,5.59149,4.8443775,5.4545846,5.655477,5.2106814,5.715624,5.7025046,5.775366,6.492822,5.296776,6.024871,5.1316867,5.8808603,4.8969436,5.9409103,4.805114,6.6424484,5.9666495,5.5998983,4.7921643,6.3770766,5.498258,5.3869944,5.1153545,5.3960314,5.816552,6.005588
2009-05-16 12:00:00,5.758913,4.931884,5.404191,5.455388,4.605303,4.986594,5.1707788,5.416555,5.5101147,5.0985785,4.4996367,5.135635,5.0788236,5.3647165,5.4815197,5.8371105,5.4094462,5.844045,6.074673,5.3052454,5.3933687,5.2041764,4.7798834,4.9383645,5.183381,4.7594094,4.7137837,4.4925303,6.0904565,4.6582994
2009-06-16 00:00:00,4.9787,4.5128827,4.5582237,5.5202665,4.8613563,5.195836,5.161559,4.9670467,5.9831734,5.3882065,4.6405663,4.8837013,4.896338,4.676231,4.590957,5.7413583,4.487404,5.439487,5.1332583,4.4425306,5.467284,5.2556577,4.6841383,4.557987,4.960523,5.068705,5.0031056,5.574009,4.8049254,4.9106574
2009-07-16 12:00:00,5.29522,4.727318,5.1286106,4.5778174,4.9387293,4.6911416,4.739369,4.914035,4.9421396,5.140266,4.9467406,4.6888037,4.8402667,4.639115,4.5736346,4.898166,4.787963,4.4958506,5.077415,5.286106,5.12202,4.80284,4.588937,4.54948,4.284739,4.9251075,4.9887247,4.5474367,5.0126457,5.291159
2009-08-16 12:00:00,4.5582266,5.017032,5.4176364,5.2954917,5.0299826,4.768564,5.3818264,5.8684897,4.966146,5.0213223,5.310514,4.6031394,4.389625,5.5532117,4.448374,4.8957896,4.6607876,4.584649,5.0292244,5.5008745,5.273295,4.4540286,4.7959847,5.023767,5.059154,4.4008474,5.1579704,4.4672885,4.922614,4.908381
2009-09-16 00:00:00,6.569084,6.1195803,5.332894,5.7644057,6.4867697,5.3803535,6.249813,5.9353747,5.6687837,6.261092,4.989091,5.1731772,5.619198,5.6613464,5.5450478,5.3641467,5.3220997,5.994575,5.7355294,5.0850353,5.919465,5.8292675,5.777379,5.8890386,5.173367,5.6885576,5.326311,5.6775002,5.594557,5.607908
2009-10-16 12:00:00,5.87965,5.562981,5.8116736,5.539074,5.627905,6.1081214,5.6419616,6.169353,6.324488,5.9234104,5.7662597,5.4428782,5.7953444,5.328542,6.242466,5.561886,5.664196,4.9900284,5.9848866,5.6911063,6.3374705,5.171808,5.9082546,5.44418,6.095881,5.7808084,5.77363,6.3467526,5.710385,5.967879
2009-11-16 00:00:00,5.902472,6.2762685,5.575139,6.376068,4.8327785,5.9653306,6.4938593,5.6197343,5.9726653,5.0514975,6.062259,6.370297,5.5488553,6.74705,5.6587,6.184288,5.580971,5.872439,5.9182434,5.921216,6.171869,5.86776,5.879181,6.1423774,5.245171,6.1011863,6.157001,6.1661353,6.148859,5.7294846
2009-12-16 12:00:00,6.66033,5.6089954,5.831505,5.45568,5.79647,6.398103,6.072258,5.776854,5.698229,6.284412,5.8752527,5.500302,5.705261,5.2043114,5.6755424,6.091207,6.2182593,5.5726743,5.791716,5.767294,5.9195127,5.7228646,6.735109,6.4589896,6.3675857,6.079262,6.4148636,7.164269,6.7379494,5.8739047
2010-01-16 12:00:00,5.5164123,6.520335,5.515794,6.439306,5.996776,5.942408,5.7960978,6.054461,5.46646,5.7202797,6.160494,6.496718,6.0939517,6.245336,7.1440525,6.1424875,6.6138735,6.3088975,6.766409,5.6673226,6.147667,5.8744226,5.693681,6.2438245,5.5900583,5.9410977,5.7255106,6.444833,6.2084303,6.7748804
2010-02-15 00:00:00,5.722827,5.8322263,6.5520067,5.692728,5.706618,6.2751474,7.1154575,5.468531,6.1992407,6.516193,6.8669214,5.518111,6.526367,5.290538,5.84851,6.428904,5.714143,4.99793,5.550019,5.956754,6.5138474,5.5262165,4.8134227,5.8628674,6.311405,5.7597666,6.075795,5.942493,6.5382504,6.4358773
2010-03-16 12:00:00,5.867733,6.711871,5.574174,6.8183985,5.9249063,5.391524,5.5063243,6.1852393,6.0488706,5.7622633,6.9106045,6.699386,6.150533,6.782295,5.47182,6.130989,5.757105,5.779148,5.233506,6.3007255,5.205671,5.882959,5.3463044,5.7651825,6.3795114,6.286531,5.639695,6.0107436,7.3059154,5.892882
2010-04-16 00:00:00,5.1816373,5.7365627,5.9195275,6.2536654,5.6528172,5.6295,5.725451,6.0602627,5.7333236,5.2204905,6.376962,5.2424636,6.58079,5.613207,4.710402,4.9474344,5.078539,5.3832464,5.2184467,5.1069055,5.1726074,5.493043,5.2360134,6.210808,5.9175057,5.459756,5.5381413,5.5507836,4.9736457,6.2508326
2010-05-16 12:00:00,4.809982,5.251635,4.7984915,7.1610227,4.9208813,5.1195946,4.828049,4.8640246,5.4038196,5.9487414,4.387775,4.8590374,5.3645544,5.239423,4.694714,4.719734,4.752896,5.404448,5.123388,5.5029445,5.0938587,5.453052,5.2744203,5.2567954,5.2298093,5.219454,4.714145,4.694152,6.331852,5.0552206
2010-06-16 00:00:00,4.783822,5.386383,4.68652,4.8214707,4.503818,4.3512626,5.1768637,4.731597,6.4069223,4.4906344,4.824645,5.349123,4.8094897,5.189505,4.5490437,5.7587852,5.3041725,4.935632,4.4072967,5.0757065,4.281646,4.876449,5.3115907,4.80831,4.717515,4.959252,4.570976,5.17193,5.1732965,4.281419
2010-07-16 12:00:00,5.16223,4.945334,5.6793265,4.5999446,4.629613,4.8204947,4.335486,4.456622,5.3254433,5.128036,4.864622,4.879524,4.7807193,5.6313033,4.753768,4.8962784,4.2507176,4.8113174,4.7132306,5.1414843,4.657557,4.7706313,5.4295416,4.9909577,4.483454,4.510675,4.9214854,4.957942,4.806553,4.8081374
2010-08-16 12:00:00,5.346671,4.9359446,4.5252447,4.6142282,4.8659015,4.6981907,4.9523034,4.862484,4.585682,5.3526783,5.424012,5.1304197,5.0426307,5.730591,5.351398,5.324695,5.1382136,4.8949986,5.6786637,4.5997458,4.744702,4.8875384,4.9451118,4.365718,4.827904,5.299268,5.248218,4.767975,5.063418,4.438589
2010-09-16 00:00:00,6.2876844,5.7910485,5.734452,5.344982,5.5642476,5.963522,5.297835,5.897755,4.8306155,5.2341814,5.3754067,5.657727,5.546575,5.6614556,5.4710245,5.9081197,5.8142996,5.3401303,6.6067786,5.4298463,6.256704,6.205333,4.9423704,5.107497,5.316738,5.0480776,5.8973465,5.7176766,6.14151,5.4864225
2010-10-16 12:00:00,5.6820416,6.4241858,6.0142016,6.340257,5.560625,5.959797,5.387059,5.4352145,5.875134,6.2486806,6.179961,6.4900227,5.8455677,5.46297,6.374762,5.729888,5.418889,6.5608172,5.1755915,5.5943656,6.2307763,5.7087,6.58615,6.012799,5.1615834,6.2354555,5.5202913,6.1210256,6.2446,6.096836
2010-11-16 00:00:00,5.821329,6.4149146,6.426081,5.8032455,6.5949244,5.4644327,5.7575755,5.613935,6.084657,6.028949,6.140192,6.093524,6.482046,5.4715686,5.785713,6.2120543,5.4908695,5.773075,6.235782,5.210762,5.4598722,5.699385,5.8744497,5.3962026,5.910216,5.8356824,5.5394044,5.56565,5.6888742,6.0446897
2010-12-16 12:00:00,6.360696,6.4555936,5.4480267,5.7500815,6.4911904,6.256239,5.8018136,5.5072427,5.483422,5.4608254,5.324476,5.9578633,5.5621905,5.9851117,5.926065,5.5192924,5.648667,5.811214,5.5786767,6.312752,6.175588,6.79464,6.454788,5.863865,5.5850143,5.951728,5.8511233,5.54156,6.3740053,5.7441807
2011-01-16 12:00:00,6.161914,5.866127,5.5376525,5.5813384,5.635492,6.517451,6.312726,5.5974264,6.3928137,6.1558666,5.950013,6.676913,6.0214787,6.5090384,5.8664703,6.145243,6.21312,5.660441,6.53717,6.506468,6.4130616,5.356018,5.8806405,5.4086313,5.8787484,7.99376,5.423175,5.7997193,6.249435,5.8824916
2011-02-15 00:00:00,7.04118,6.4538784,6.0585656,6.370755,5.9628763,7.0784397,5.9744525,6.557937,6.335725,6.414536,5.774843,7.0200343,5.8518267,5.819595,6.082981,6.1040487,6.2333984,5.6696386,5.9636645,6.167018,5.6581945,5.734897,4.9511595,5.516156,5.03487,5.504178,5.8099995,6.6073265,5.6519384,5.990675
2011-03-16 12:00:00,6.2507167,6.0268087,6.7841625,6.7218237,5.1286244,5.707313,5.47217,6.101389,5.644898,5.867394,5.932949,6.857228,5.60137,6.2157445,5.5944967,6.0901613,6.5749598,6.3824034,5.5489516,5.7938867,5.65969,5.524918,5.7992435,5.5733447,6.363853,6.4564443,5.636294,5.851589,6.2295275,5.5283103
2011-04-16 00:00:00,6.0630527,5.103185,5.995083,6.6451025,5.229205,5.5667458,4.9018064,5.5515394,4.897542,5.89631,5.272537,6.4244256,6.308866,5.5639625,6.542329,7.179519,5.671519,5.451155,5.583628,6.1709476,5.9684744,5.8886056,5.422801,4.723028,5.538146,6.6447644,5.9815345,5.6797957,5.298262,4.8625255
2011-05-16 12:00:00,5.136067,4.644967,5.693015,4.87228,4.9308805,4.685819,4.6335993,4.7533374,5.3517504,5.6488185,4.4530253,5.189444,5.204503,5.2122755,5.978872,4.9333262,5.51594,4.697897,5.062471,4.727847,5.489357,5.4969363,4.840601,5.0117784,4.872684,6.1379385,4.25745,4.3268886,5.782598,4.705762
2011-06-16 00:00:00,4.637191,4.681997,5.259296,5.9446898,4.857157,5.5046163,4.240761,4.7680826,4.894624,4.759357,5.041337,5.3468285,4.600516,4.6148643,4.251525,5.163612,4.604014,4.8126283,4.491149,5.9211826,4.886531,5.20725,4.1405945,4.230445,4.3597555,4.6943045,4.2803135,5.1864552,4.8511972,5.313434
2011-07-16 12:00:00,4.3809214,5.060635,4.657426,4.441154,4.9898105,4.5115085,4.1284976,4.894169,5.537056,4.9439344,5.0295753,4.8725758,5.1616373,4.7973514,4.986951,5.2950883,4.7932873,4.9007683,4.142207,4.52925,4.825386,4.930693,5.0389585,4.8618784,4.9940395,4.147999,4.490431,4.7326775,4.7234645,4.158052
2011-08-16 12:00:00,4.527343,4.8308005,4.6119213,5.311215,5.181505,4.914042,5.0526175,4.9153886,5.0587783,5.411677,4.8212976,5.3483386,5.4818225,5.053603,4.760011,5.12584,5.1114783,5.0418406,5.2652664,5.118959,5.169811,5.197828,4.818397,4.529458,4.8271337,5.0988126,4.714497,4.842672,5.451272,4.9359765
2011-09-16 00:00:00,5.974768,5.5022373,5.1647224,5.4781456,6.0536366,6.129181,5.320276,5.9684935,5.342963,6.2033715,6.115556,5.8730674,5.36995,5.369293,5.9822507,5.807388,6.4547524,6.025598,5.9287024,5.1994762,5.929601,6.1233616,6.255462,5.5055194,5.6443458,5.3758664,6.2552543,6.3797274,5.789259,6.088143
2011-10-16 12:00:00,6.310543,6.51887,6.959485,6.3364105,6.212856,5.432604,5.2659974,5.5883007,6.3660026,5.7191167,5.8512845,6.698149,6.299038,5.476747,6.3319054,6.1515174,5.692685,5.5639453,5.574372,6.926527,5.8493576,5.9468637,6.309219,5.66039,6.07468,5.865926,5.237977,5.8774476,6.137352,5.508103
2011-11-16 00:00:00,5.828754,6.1782846,5.798851,6.169306,6.1509976,5.7244906,5.4036856,5.582822,6.1489725,5.610847,6.6703634,6.1106677,6.2560883,5.8948984,5.8367233,6.266201,5.79113,6.2883973,5.617163,5.763218,5.695872,5.601766,6.4349117,6.0199704,6.148666,5.6473403,5.474383,6.2771297,5.615533,5.788579
2011-12-16 12:00:00,5.8113713,5.61945,5.8523374,6.0791397,5.6265683,5.169912,6.533546,5.224385,6.5328403,6.7804117,5.7351327,6.3550053,5.6603665,5.7899127,5.5544786,5.932679,5.2242208,5.2431397,5.7400093,6.0228796,5.5451584,5.8509083,5.450892,5.7389064,5.1461287,6.0657816,5.534595,6.011744,6.0988755,5.9889064
2012-01-16 12:00:00,5.8782372,5.5857973,5.7410984,5.930443,5.4509487,5.539177,6.084396,5.5909686,6.6913233,5.5843997,6.0899367,6.0498004,6.16946,6.1138077,5.4558644,5.92078,5.433938,6.1549125,5.554624,5.4798794,5.734653,6.547899,6.7334313,6.6479445,5.2755294,6.0524025,6.130381,6.4140835,5.568897,6.1596828
2012-02-15 12:00:00,6.721627,5.8217697,7.123959,5.448218,6.148,5.150858,5.6731315,5.268426,5.6672482,5.48432,6.219351,6.07316,5.779793,7.3942103,6.4812255,5.0773253,6.6304336,6.4350624,5.72435,5.6131372,5.81432,6.0113645,7.0191174,5.9908414,5.914744,5.637754,6.1449423,5.578832,5.985279,6.293734
2012-03-16 12:00:00,5.512492,5.9485865,5.883406,6.4167113,5.253025,5.3759055,5.809652,5.716864,5.055443,5.6032143,6.0472836,5.8215384,4.9161997,6.184906,5.2383294,5.5868325,6.626194,5.5850816,5.7295732,5.5709023,6.2563357,5.7461267,5.422256,6.1703863,5.4169755,6.882814,5.487774,5.8971577,5.62884,5.385848
2012-04-16 00:00:00,5.445475,5.9078164,5.178554,5.341745,5.8187985,5.7045937,4.985458,5.3780055,5.6986175,5.245575,5.298426,5.174608,5.4474316,5.636028,5.771257,5.4417887,4.5731225,5.5751867,6.052386,5.0851893,5.0027127,6.1872554,5.772937,7.010188,6.236774,6.70233,6.714203,5.0256553,5.7999277,5.5465617
2012-05-16 12:00:00,4.5517445,4.8947396,4.6332164,4.9309835,6.0788083,5.9600663,5.0812473,5.3674183,5.674307,4.736013,4.977407,5.2205606,5.721903,4.7771473,5.035794,4.847557,5.366007,5.948461,4.9138107,4.715425,4.928246,4.640483,5.084852,4.770294,4.4563284,5.276951,5.9024606,5.546038,5.053444,4.5578527
2012-06-16 00:00:00,4.946227,4.996034,5.0631137,4.7187314,4.985708,5.1369543,5.1221395,4.933355,4.94999,5.0486326,5.067345,4.856779,4.6383395,4.467317,4.6561284,4.875152,5.0079355,5.0001817,4.679752,5.476286,4.9528933,4.8447104,5.0811806,4.8233294,4.5648313,4.2853265,4.6119432,5.3064985,5.991245,4.92001
2012-07-16 12:00:00,4.710871,4.489689,4.260779,4.5619326,4.7837386,4.882725,4.8492684,5.065623,4.585194,4.6353807,4.993827,4.7452188,4.4661193,4.979721,4.2159963,4.503212,5.1411605,4.5761733,4.747706,4.254498,4.9406323,4.747787,4.995797,4.6523194,5.0497313,4.7058287,4.980536,4.741961,4.667207,4.8585963
2012-08-16 12:00:00,5.2162023,4.785977,5.684156,4.876492,5.0932,5.1333084,4.2987814,5.4569693,5.0129905,4.9881124,5.331364,4.9151955,4.4515734,5.476909,4.7773194,5.433618,5.251998,5.780189,5.0639052,4.5645146,5.4338117,4.9675426,4.3481827,5.174374,5.730784,5.523204,4.8276916,4.9923296,5.2001405,4.884963
2012-09-16 00:00:00,5.682703,5.069987,5.1697974,5.242819,5.7012777,5.3099937,5.7308884,5.5619106,5.111931,5.859722,5.2806687,5.485228,5.450152,5.271393,5.5474133,5.1646132,6.205032,5.6248965,4.8074245,5.358878,5.722062,5.791476,5.5410233,6.0820556,5.4191723,5.0984473,5.479047,5.8836594,5.7421155,5.508336
2012-10-16 12:00:00,6.2149715,5.8163157,5.210074,6.3710856,5.964183,5.9257817,5.615099,6.323217,5.9920936,5.5986347,5.2697263,5.453019,5.8990483,6.2773924,5.411801,5.0199866,5.7129626,5.7719703,6.3118424,6.3095984,5.2706895,5.887165,6.357048,6.7303405,5.84446,5.5105968,6.1878824,5.6648593,5.5999317,5.928195
2012-11-16 00:00:00,5.88082,5.492219,5.307749,5.87939,6.309076,5.822469,5.8198495,5.933331,6.344338,5.242379,6.137772,6.6037364,5.682466,5.409446,5.788319,6.3522677,5.648154,5.6838627,5.785854,5.393186,5.9910784,6.044882,5.239296,5.6862864,6.2795653,5.9991903,5.9614186,5.692235,6.0612903,6.270107
2012-12-16 12:00:00,6.3576484,6.079084,6.0214734,5.4777713,5.3736625,5.785503,5.658506,5.047386,6.0661025,6.094727,6.5652,5.878699,5.8733635,6.23495,6.239072,5.2463484,5.174339,6.0698233,5.5268216,6.8104105,6.363838,6.110406,5.8602896,6.029174,5.7547293,5.514875,6.707213,6.7347326,6.0149283,6.114471
2013-01-16 12:00:00,6.3660975,5.685989,6.358174,6.5051703,5.775054,5.8317943,5.5894876,5.8213987,5.9600515,5.984447,6.4881854,6.0405364,6.323981,5.9384995,5.4844837,6.376933,6.585325,5.676328,5.4987144,5.6428246,5.8599544,5.5326233,6.0250983,6.475608,6.5019355,5.9114833,5.235953,5.921159,6.8249717,6.0138016
2013-02-15 00:00:00,6.74194,5.228036,6.450453,6.395165,5.417483,5.6950126,5.797817,5.8952575,5.0494914,6.0457773,6.502789,6.1121173,5.682045,6.32599,6.060835,6.2394686,6.482876,6.078353,5.6689215,6.161829,7.0465746,5.5193143,5.7287498,6.349824,6.129925,5.578263,5.465275,6.0925655,6.4931283,5.927732
2013-03-16 12:00:00,7.1714773,5.516661,6.522352,5.160605,6.68415,6.4349966,5.775775,6.785325,5.9489636,6.843066,6.040709,5.3440676,5.7582397,5.2537284,5.9585714,5.662867,5.84381,6.2969337,5.821311,6.1116576,5.017192,6.0673256,5.9873734,6.0599413,5.818511,5.28239,5.5109262,5.8744717,6.6826015,5.8598356
2013-04-16 00:00:00,5.70053,5.1114206,6.3119297,5.199049,5.541723,5.2732706,5.8416295,5.5021863,5.3746686,6.389288,6.762722,5.234373,5.4274435,5.869031,6.083179,5.4034543,4.781368,5.482041,5.8015394,6.2174735,5.309016,5.470046,5.611807,5.0911,5.9561267,6.1184845,5.6398706,6.129012,6.1604056,5.378267
2013-05-16 12:00:00,4.7012625,4.608952,5.7588363,4.231691,5.257522,4.9611807,4.5538096,4.748899,4.749648,5.4438047,6.279149,5.285636,4.8089347,5.4806066,5.3728814,5.3413534,5.0171456,5.729092,5.6188607,4.8968887,6.0511017,4.7998476,4.61635,4.9411902,5.039182,5.5607557,5.4400196,5.675523,5.2197733,6.0587683
2013-06-16 00:00:00,4.5515356,5.4252396,5.247295,5.6941295,5.93368,4.860879,5.276793,4.639669,5.3598914,4.7132006,5.271289,4.671376,4.1715403,4.3769355,5.0197606,5.015323,4.8950443,4.968618,5.4147773,4.5201793,5.2822776,4.8288894,4.68041,4.778752,4.7850037,5.472306,4.3564334,4.8656588,4.3480334,4.822344
2013-07-16 12:00:00,4.2859397,4.994329,4.698727,5.398112,5.7036667,4.772578,5.2739706,4.795221,4.4827895,4.731348,4.8080835,4.157812,4.6653266,4.6243896,5.299474,5.0518227,4.921837,4.5575304,5.15042,4.4807334,4.695775,5.3138366,4.458234,4.7202015,4.5094824,4.746213,4.344546,4.388542,4.8966947,4.481351
2013-08-16 12:00:00,5.2257943,5.492501,4.809486,4.8191247,5.086288,4.7158837,5.400735,4.5056276,5.0396924,4.5658975,5.8895593,4.9210877,5.172191,5.2096043,4.919642,4.955126,4.4048686,5.217876,5.5006337,4.872368,5.477959,5.064997,5.472293,5.2100296,5.270867,4.9329367,5.182039,5.6409535,5.436388,5.021893
2013-09-16 00:00:00,6.005389,5.203701,5.858258,5.4607606,6.15471,5.24311,6.1231556,6.126326,5.552002,5.369049,7.137582,6.528651,5.7169747,6.2709646,5.0462356,5.479418,5.3117,5.7088957,5.349384,5.727076,5.922548,5.488376,6.3614635,6.1336803,5.0352473,5.1527414,5.483249,5.577585,5.7584834,5.8029623
2013-10-16 12:00:00,6.3042116,5.9719315,6.0173955,6.086556,5.706075,6.213494,5.4856253,5.8049192,6.1702123,6.2172875,6.1552362,5.785628,5.5580664,6.0168276,5.8699827,6.9277053,6.110222,6.4282923,5.506744,5.815272,6.479521,6.101219,6.0189757,5.910403,5.9597654,6.309983,5.289153,5.8510065,5.850913,5.7158046
2013-11-16 00:00:00,6.0467205,6.2487674,5.595168,5.4530344,5.737206,6.378061,5.984958,5.670389,7.18157,5.8266897,6.716924,6.249399,6.3764114,6.2413063,6.1131997,5.2546034,5.2011557,5.889338,6.387446,5.782779,6.1473923,5.7016263,5.7542114,6.126303,6.6832557,6.1416945,5.8162465,6.3474545,6.182206,5.929495
2013-12-16 12:00:00,5.7178226,6.025744,5.7513905,5.203122,6.196862,5.8594995,5.7912674,6.4251018,5.6091003,5.7634788,5.975448,6.061154,5.654952,6.8522167,6.128925,6.2408347,6.1083946,6.173917,5.778825,5.3644586,5.6989202,5.70611,6.9831333,6.551671,5.910609,5.7205234,4.582921,5.730409,5.164475,5.0786037
2014-01-16 12:00:00,5.5905967,6.060842,6.627896,6.7417006,6.329437,6.3389993,5.651671,5.8903866,6.320797,5.4440284,6.1938915,6.0905066,5.4107223,5.9359336,7.410552,6.303575,6.1123796,5.9161143,6.11093,5.2434044,5.6711903,5.804214,5.2684937,6.5706396,6.638115,6.656757,6.2139173,6.4155164,6.085966,5.8097076
2014-02-15 00:00:00,6.0876484,5.9409127,5.414759,5.7966275,6.558247,6.3508263,5.7978024,6.7034225,5.031705,6.523107,5.401987,5.7470818,6.0486755,5.258324,5.725283,6.121243,5.7796617,6.326806,5.7744617,6.77947,5.3267813,6.6566687,6.5150266,6.1252065,5.639641,6.9880543,7.27188,6.126101,5.532809,6.218314
2014-03-16 12:00:00,5.4619555,5.5470924,5.1678286,4.984707,5.854158,5.3150697,5.5420156,6.436914,5.4959154,5.942591,5.713857,5.593529,5.8394923,5.117679,6.336154,5.59338,5.9567795,5.614418,5.660226,6.260123,5.5257063,6.6804466,6.3685217,6.908671,5.6260977,5.6913958,5.75496,5.686184,5.3431993,5.7708397
2014-04-16 00:00:00,5.7275686,5.280466,5.543423,6.133049,5.198319,5.661023,5.06062,5.9137726,5.706908,5.707334,5.4351654,5.2847667,4.9367495,5.80296,5.7316384,5.9221873,5.3922124,6.2715616,6.2339845,6.4552746,5.7463694,6.5269036,6.54901,5.9083586,5.616705,5.991857,5.6067905,6.0019774,5.4855494,5.9415493
2014-05-16 12:00:00,4.7359643,4.5889735,5.137531,5.347657,5.480143,5.413864,5.2670493,5.529765,5.1106644,4.9712124,4.4859786,4.290269,5.3817873,5.0122986,5.087116,4.9123054,3.9868665,5.558458,4.440611,5.617219,4.7675138,4.6711483,5.5217295,5.400453,4.712195,4.5923085,5.564197,5.33616,4.2937684,5.894266
2014-06-16 00:00:00,4.5752387,4.576143,4.8624144,4.791995,6.1568723,4.873482,5.28696,5.725033,5.3056655,4.94644,4.695124,4.350781,5.053254,4.7075353,4.837955,5.3883896,5.1290684,5.2369533,4.7270617,4.8868814,4.7073355,5.64407,5.05678,5.098104,4.568504,5.01584,4.5544305,5.711129,4.674667,4.92671
2014-07-16 12:00:00,4.187521,4.7294602,4.6643014,4.7557287,5.093444,4.668327,4.501993,5.136367,4.444381,3.5947957,4.694365,4.1543264,6.04916,4.840598,4.7989726,4.635783,5.2504315,4.463598,4.896671,4.501642,5.768882,4.8724756,4.991705,5.011862,4.761872,4.8264823,4.4037538,4.8772182,4.8064704,4.965642
2014-08-16 12:00:00,4.8391867,4.9735947,4.8750215,5.226019,5.9093204,5.679523,4.7886877,4.7971516,4.6899843,5.2438293,4.6179085,4.997104,5.5893555,5.0946326,4.650492,5.2880306,5.6586843,5.124015,4.717201,5.1884274,4.984708,4.812771,5.299465,5.3288956,5.2553945,4.9936,5.3341494,5.0721292,5.043691,5.2646194
2014-09-16 00:00:00,6.032013,5.1435122,5.0382175,5.018184,5.9778156,5.2347593,5.0750833,5.9816766,6.261132,5.956372,6.0440316,6.0669236,5.9594336,5.648832,5.1912875,5.901022,5.8164406,5.0558753,6.094409,5.818467,6.798958,6.2904654,5.0435133,6.254276,4.922666,5.718869,5.994689,5.4795237,5.8384376,4.9394197
2014-10-16 12:00:00,5.95327,5.9081497,5.956884,5.699584,6.06763,5.749572,5.796259,5.5054874,5.8693414,5.7402186,6.2469854,5.4019656,5.1826377,5.4036217,5.775974,5.4901567,6.57352,5.651301,5.880564,6.7635226,5.7420654,5.503389,5.67533,5.9510694,5.971945,5.225442,6.4191604,5.8112636,6.216408,6.2310667
2014-11-16 00:00:00,5.8274655,5.4597573,5.3376136,5.873716,6.3375206,5.738163,5.5643177,5.156066,6.417022,6.4777493,5.770729,5.9690943,5.8518143,5.2685075,5.8952427,5.6212034,5.469673,6.0097585,5.5619116,6.132296,5.799606,5.6798563,5.952542,6.3420067,6.010899,5.6745496,5.563859,5.977687,6.3639483,6.1698604
2014-12-16 12:00:00,5.4527097,6.424235,5.622898,4.932734,6.0460563,6.7144933,5.549529,6.0867276,6.2210383,5.5689096,5.99981,5.308439,6.2502646,5.8638315,6.443193,6.0853877,6.845847,5.905649,5.911362,5.9653015,5.376414,5.726376,5.3310037,6.5287294,5.1965294,6.544588,6.2917013,5.5882773,4.891533,5.1684556
