time,r1i1p1f2,r2i1p1f2,r7i1p1f2,r9i1p1f2,r6i1p1f2,r5i1p1f2,r4i1p1f2,r8i1p1f2,r3i1p1f2,r10i1p1f2,r22i1p1f2,r14i1p1f2,r18i1p1f2,r21i1p1f2,r23i1p1f2,r26i1p1f2,r17i1p1f2,r16i1p1f2,r15i1p1f2,r13i1p1f2,r30i1p1f2,r19i1p1f2,r27i1p1f2,r20i1p1f2,r25i1p1f2,r28i1p1f2,r12i1p1f2,r11i1p1f2,r24i1p1f2,r29i1p1f2
2000-01-16 12:00:00,5.7939425,6.5391693,5.5904107,5.273364,5.6673207,6.265587,6.6652536,6.049479,5.1944838,5.441143,6.616046,5.230378,5.05196,5.5805616,4.754546,6.003395,5.9152517,5.7834167,6.6018476,5.6795835,6.505572,5.3784027,5.934708,5.9892874,5.694588,5.854627,5.366039,5.7874904,5.806529,5.955146
2000-02-15 12:00:00,6.086718,5.9953966,5.997899,5.7237244,5.3533287,6.0193205,6.145331,5.907735,5.283032,5.52087,6.853827,5.5194616,4.889432,5.5882177,5.2748914,5.222519,4.900428,6.264172,5.334497,4.7819953,5.4294724,5.9041815,6.3701925,6.5737696,6.1789374,6.7694674,5.4040613,4.9365897,5.6088243,5.9513335
2000-03-16 12:00:00,4.56499,6.246314,6.219482,5.3793364,5.5764017,5.670705,6.1422205,5.520433,5.340491,5.7763968,5.170511,6.490252,5.4321275,5.459684,5.5643854,6.918485,6.6505938,4.401777,5.772555,5.192977,6.6831255,6.3172445,5.579043,4.985147,5.6970863,5.2093916,5.0807104,5.217019,5.4212327,5.4432306
2000-04-16 00:00:00,5.8409743,5.196435,4.8071365,5.519458,5.797699,6.4153686,4.8134236,5.245394,4.5489955,5.535553,5.114276,6.5327697,4.440236,6.0802407,5.9871826,5.592327,5.780092,5.2341604,5.2826014,5.614109,5.5606437,5.058524,4.786763,5.4189606,6.14729,5.505118,5.0181117,4.726219,4.7096815,4.6381264
2000-05-16 12:00:00,4.8689275,4.481389,5.7999654,4.750942,4.915288,4.609124,4.9930096,5.131943,4.469632,5.3270407,4.5660467,6.1119866,4.4713964,6.2014337,5.4577374,5.2853174,6.1489625,4.9302034,4.5501547,5.1355133,4.962924,4.7196264,5.762438,5.2102265,5.0167904,4.8179474,4.9260564,4.5729737,5.1894846,5.390985
2000-06-16 00:00:00,4.0675774,4.1760926,5.522785,5.285336,4.7328043,4.366765,5.002777,4.4793344,4.481305,5.138255,4.9707565,4.9697695,4.12811,5.127685,4.517888,5.1552324,4.682059,4.424526,4.246043,5.5110545,5.077544,5.2259064,5.2297544,4.8189154,4.6950607,4.8491817,4.0413027,4.648533,4.673118,4.7201514
2000-07-16 12:00:00,5.184708,4.754674,4.679483,4.9823813,4.518444,4.935555,4.894841,6.073278,4.976081,5.629263,4.337643,4.3361297,3.7873428,4.9724975,4.3543844,4.5870533,4.3733687,5.0299134,4.7320085,5.6763897,4.9035387,4.913414,5.5034666,4.5372243,4.8099823,4.520883,4.905578,4.54152,5.8867235,4.3807597
2000-08-16 12:00:00,5.74535,4.9755754,5.2484355,5.146483,4.7734942,4.7651854,4.9841866,5.5497203,4.5180273,5.9550543,5.4827547,5.605544,4.614608,6.105571,5.3099165,5.2707705,4.684661,4.875539,5.1878786,4.8423066,5.013121,5.701213,5.5031204,5.565589,4.535937,4.962176,5.0343494,5.7702436,6.488223,5.0642786
2000-09-16 00:00:00,5.602767,5.9077334,5.941224,5.059026,5.487872,6.124059,5.6528807,6.193,4.9422674,5.202792,5.099002,5.5472803,5.380828,5.1472216,6.272018,6.154662,5.4137564,5.3607287,6.079937,5.3403883,5.8844995,5.828369,5.8850245,5.2800927,5.605426,5.8843613,5.5002418,5.516618,5.903614,6.209399
2000-10-16 12:00:00,6.1749496,5.9395814,6.240959,5.367246,5.389913,6.0550013,5.410836,6.076603,5.115298,5.266195,5.7050276,5.696387,5.688098,5.4615602,5.6566634,6.5826187,5.4803953,6.012347,6.1045,5.2503395,6.044307,5.8648787,6.266874,5.4038057,5.983509,5.8320527,5.159758,5.2569947,6.4536843,6.005536
2000-11-16 00:00:00,5.228976,5.860635,5.2883806,5.173777,4.829713,6.014263,5.1819916,5.9176235,5.032748,6.1533713,5.173677,5.5340276,5.753064,5.285306,5.3660626,5.743165,5.4453015,5.5667834,5.304782,5.4451265,5.522233,5.223407,5.808217,5.7147293,6.2529564,6.2830696,5.7688093,5.165575,6.208751,5.504171
2000-12-16 12:00:00,6.584531,5.3383794,6.1562905,5.518743,5.530017,4.7269807,6.8871217,5.6515055,5.6114607,5.501474,5.7360067,6.105593,5.1681066,5.4905705,5.658564,5.458066,5.6053457,5.1415606,6.5218925,5.7573624,4.8521276,5.455525,6.601842,5.837119,4.9763155,5.5647326,4.8114834,5.7901325,5.8564453,5.455409
2001-01-16 12:00:00,5.8203325,6.3693304,5.4917808,5.084918,6.521356,6.380691,6.4818444,4.9266057,6.8670363,5.6627865,5.269573,5.838857,5.279354,6.601268,5.2748046,5.03909,5.626469,6.497346,5.269623,5.220643,6.6101484,4.8068147,5.2901583,5.4780602,6.6128197,5.829625,5.2140026,5.331606,5.450743,6.2935905
2001-02-15 00:00:00,4.7287226,5.3537674,5.7089095,5.6161175,5.2196627,5.5661073,5.973943,4.9950247,5.583588,5.7545595,4.834013,5.820706,5.577053,5.396756,5.7365413,5.450179,5.9551806,5.5843554,4.9447794,7.1856003,4.959272,5.576872,4.938669,4.3250084,5.2162576,5.726267,4.837208,6.146094,4.978575,5.9744534
2001-03-16 12:00:00,5.5030313,4.97088,5.0565467,5.1849313,5.730194,4.8050284,5.6845603,5.6873307,5.3490353,6.3213596,5.127575,5.5382957,5.33654,5.5434647,6.0753546,4.95719,5.828368,5.8962603,5.179145,6.098008,5.1146545,5.1498694,5.1647515,5.010742,6.2588115,5.9497795,4.9577193,5.662907,5.66886,6.2566347
2001-04-16 00:00:00,4.97872,6.513429,4.936448,5.0599413,5.539456,5.2447853,6.309375,5.2122993,4.231705,5.9952803,5.404067,5.609,4.3879485,5.4351516,5.8714905,5.9693985,5.0058537,4.964796,5.2613535,5.4480777,5.639206,5.052479,4.6977534,5.4090767,5.5471177,6.654319,5.1883745,6.2775307,6.167836,5.3686385
2001-05-16 12:00:00,5.859221,6.720823,5.4550333,4.5220833,4.9171267,4.897544,5.7757425,4.6056037,4.6556215,4.414332,4.933363,4.5354896,5.3648157,4.564056,5.6360326,4.675836,5.003235,5.313833,4.4168234,4.5436006,4.513475,5.324299,4.627848,4.8158445,5.08332,5.233287,5.664228,5.42558,5.2950993,4.818427
2001-06-16 00:00:00,4.3400474,5.2526145,5.2796974,4.482577,5.1770835,4.825095,5.228305,5.092452,4.508257,4.91241,4.8956814,4.550035,4.7150526,5.289642,4.1584487,4.607163,5.4753733,4.108996,4.734382,4.2761064,4.5195475,4.5342836,5.090599,4.567998,4.808692,4.8392625,4.663226,4.6680384,5.832676,4.3572817
2001-07-16 12:00:00,5.036151,5.2329187,4.4856744,4.1366234,4.6851053,4.9029746,5.1795807,4.7986984,4.734837,4.572613,5.672709,4.264529,5.5915184,5.3084207,4.5251646,4.96515,4.4619856,4.8270135,4.9400144,4.7895737,4.5161295,4.8175774,4.7023764,4.426749,4.957299,5.150335,4.3988037,5.0150065,4.532933,4.8067627
2001-08-16 12:00:00,5.76607,5.248717,5.159372,5.129187,5.176757,5.6882415,6.3731866,4.7748146,5.065818,4.7705016,5.124543,5.0460167,4.793166,4.91207,6.172227,4.9004908,5.1177483,5.802555,6.1518965,4.949164,5.7396917,4.988051,4.880805,5.636487,4.4992533,4.565544,5.3087416,5.843009,4.8472986,5.0840354
2001-09-16 00:00:00,5.391716,5.561007,5.9431033,5.2502985,6.356974,5.3800035,5.6330447,5.0571837,5.3131266,5.8500547,5.558609,5.05892,5.502507,5.7100286,6.0225,5.3487654,5.294254,5.5689716,6.0070524,5.430847,5.3608885,5.9540763,5.6641927,5.5417395,5.9768286,6.084176,5.7369127,5.893363,6.3388734,5.6156793
2001-10-16 12:00:00,6.21033,6.0175424,5.5986323,6.4290285,5.917799,5.7587404,5.4313745,5.5528603,5.0599675,5.7574596,5.612765,5.975693,5.675241,5.3429947,5.8677855,4.7124996,6.18867,6.252406,7.092322,6.178126,5.633586,5.9636254,6.0758405,5.632554,6.161497,5.2578874,6.099929,5.978354,6.0795374,5.997723
2001-11-16 00:00:00,5.979834,5.889443,5.3008375,5.3713493,6.232986,5.7884912,5.9214354,5.592704,5.591498,5.735394,5.4648333,5.168873,5.0811577,5.1031327,5.9728026,5.9898543,5.0605745,6.330088,5.655197,5.546444,5.485148,5.47547,5.5985193,4.7088323,5.4914136,6.0113087,5.8873887,5.9114003,5.551629,4.940343
2001-12-16 12:00:00,6.2758117,5.0846505,5.491825,5.7017317,5.7493467,5.7448034,5.4665155,5.224402,5.935375,5.5681944,5.241038,5.8641253,5.2120247,5.8057823,5.402109,5.8101897,6.079286,5.865749,5.569075,5.32702,5.6341715,5.7591414,6.190538,6.541317,5.8646073,5.2043314,5.5572195,5.9376903,5.141662,5.5105186
2002-01-16 12:00:00,6.0456185,5.8684607,5.5888023,5.2132864,5.2354445,5.790372,5.9157467,5.688775,5.5790396,6.0936456,5.561113,5.7390504,4.942201,4.7728505,5.575489,6.545775,5.527659,5.913143,5.5701346,5.7324767,5.817163,5.5271773,6.0372458,5.5350013,6.1504474,5.780717,5.1043878,6.099557,5.310453,5.34918
2002-02-15 00:00:00,4.8838563,5.555537,5.5858054,6.224477,6.1651163,5.6372976,6.2555532,5.6530457,6.0409517,6.330377,6.105709,6.338848,5.4991465,5.948576,4.763938,6.411895,5.5453863,5.679195,4.802101,5.610723,6.0980725,6.5162826,5.7805758,5.668648,6.3787713,6.33517,5.059153,5.092595,5.4070673,6.042408
2002-03-16 12:00:00,5.350712,4.8477044,4.5497837,5.691312,6.4591384,6.4593825,6.3764052,6.474046,5.2898536,5.6863036,6.2486815,5.6860948,5.767379,5.065985,4.951882,5.682121,5.235061,5.5368032,5.348625,6.4582305,6.3079596,5.9727263,5.2306566,5.6562476,5.696849,5.1366386,6.0281653,5.712209,5.988539,5.135516
2002-04-16 00:00:00,4.9349504,5.388973,4.1408515,5.4458303,4.9731092,5.6929035,5.4012895,4.8852797,5.066526,5.107702,5.0531397,5.0796366,5.6621056,5.2414155,5.11292,5.1778135,4.7907376,4.653153,4.7554364,5.9404097,5.8144274,5.366422,5.38021,5.426293,4.9011297,4.5794344,5.506797,5.9856977,6.188896,5.6063232
2002-05-16 12:00:00,5.078931,5.0716004,4.638138,5.33707,5.167722,4.804629,5.537118,5.399867,4.8243876,4.99535,5.56381,5.093936,4.8320823,4.8259096,4.7623873,5.0690937,4.479337,5.605426,4.669202,6.073644,4.586908,4.831872,4.9714127,5.2985578,4.2904153,4.702428,4.6824675,4.717909,5.506132,4.7953343
2002-06-16 00:00:00,4.955889,4.5684624,4.981868,4.6799936,4.9625688,4.279499,4.4592104,3.9194694,4.844884,5.2707167,4.6274934,4.51267,4.3888245,4.3001375,4.763604,5.2927694,4.3136835,5.4050665,4.7280135,4.3058434,4.8540087,5.0248237,5.0073094,5.0215077,4.515875,4.6399465,4.1514006,4.3398094,5.6993623,4.4349556
2002-07-16 12:00:00,4.8029943,4.603473,4.6019473,4.352361,4.361792,4.3072505,4.722477,4.526062,4.511741,5.1040077,4.9246283,5.0125146,4.3760223,4.5183716,4.564554,4.885994,4.35983,4.518216,4.6362906,5.008471,4.6580477,5.15761,4.265603,4.757894,4.4570293,4.6178937,4.2587395,4.5941806,4.650717,4.2805557
2002-08-16 12:00:00,5.156747,4.9454436,5.655958,4.821042,4.724187,5.509608,4.852894,5.334375,5.140958,4.917877,5.9074845,5.877491,4.916564,5.3830094,4.733399,5.0982046,5.0033584,5.3731737,5.9599752,5.3811507,4.833538,4.6730423,5.2973127,4.8788476,4.7408357,5.5744314,5.1632357,5.5209894,5.3719053,4.9679956
2002-09-16 00:00:00,5.5537863,5.419136,5.536069,5.8842173,5.670872,5.9106665,6.1966767,5.5186434,5.6440635,5.253683,4.9482827,6.281335,5.6975923,5.044581,5.8307395,5.9982324,5.8409276,5.241201,5.6631393,5.7684455,5.219651,5.599806,6.011174,5.488613,5.986345,5.68159,5.7276154,5.5553102,5.4820933,5.1854377
2002-10-16 12:00:00,5.613818,5.382109,5.846464,5.6768184,6.2012925,5.6950803,5.7552977,5.577716,5.798046,5.910258,5.4654856,5.759075,5.870036,6.582109,5.5727396,5.66901,5.466127,6.097096,6.2149777,5.018787,6.1352096,5.7754984,6.2801356,5.1747117,5.813965,5.635933,5.665721,5.281318,6.0150423,6.326337
2002-11-16 00:00:00,5.6141086,5.838014,5.7305627,5.699651,6.065995,5.462317,5.667936,5.7238646,5.7840776,5.544257,6.330321,5.780332,4.944197,5.4773684,5.006646,6.556736,5.6988482,5.800265,5.5054216,5.68169,5.3119173,5.451341,5.678823,5.935239,4.8817945,5.638135,5.9120398,5.8882556,6.0106134,6.087638
2002-12-16 12:00:00,5.574537,4.843461,5.0449514,5.4284067,5.5473123,5.642888,5.4827566,4.7721457,5.666434,5.3077116,5.6682153,5.663604,5.356147,6.4534836,5.3091087,5.0198545,5.644313,5.5538406,5.2372026,4.97912,5.4922266,4.865074,5.341666,6.2379622,5.4636173,6.019849,5.316436,5.4203606,5.2131777,5.1310487
2003-01-16 12:00:00,5.979167,5.2949805,5.2368164,5.938639,5.65993,5.1998944,5.5120053,5.596718,5.9212694,6.0399027,5.6895704,5.7176337,5.333225,4.8912597,5.1800766,5.3399124,5.940055,5.551218,5.3359623,5.96256,5.7271023,5.4282722,4.972697,5.706616,5.4718504,6.6684127,5.022752,5.6881914,5.4349117,5.4466257
2003-02-15 00:00:00,5.9540033,6.068631,5.218177,5.811877,5.931813,5.059405,5.9705453,5.8038054,6.409855,5.4672484,6.1978903,5.979113,6.5995393,5.847124,5.0666633,6.1771207,4.193181,5.77248,6.3864756,6.6194787,5.3860397,6.845549,5.686212,5.9162564,7.039777,6.2390594,6.438048,5.3418922,5.8322096,5.0604696
2003-03-16 12:00:00,5.670231,6.1283345,5.826049,6.997013,6.048995,4.908663,6.0877037,5.4077897,6.259633,4.7603846,5.3685355,5.656091,5.2735205,5.7040625,5.1253357,6.415961,4.9109735,5.093684,5.319505,5.220084,5.600109,6.55293,6.4941206,5.319989,5.399092,6.1570816,5.7987647,6.164584,5.081496,5.2877035
2003-04-16 00:00:00,5.4495,6.3059616,5.551033,5.5574484,5.5578165,4.7028837,5.3317285,6.11684,5.734225,5.0464067,5.2166605,5.4778457,4.887307,5.194378,5.0899787,6.627398,4.242379,7.268112,5.316334,4.938531,4.7195497,6.044589,5.5637283,5.1348095,5.708989,6.089195,5.1216574,5.296323,5.4585767,5.2304826
2003-05-16 12:00:00,5.5254445,4.274443,4.748912,5.168391,5.129142,5.010211,4.7490478,4.741974,4.782846,4.668929,5.8613634,6.189851,5.2437744,4.654911,5.393468,4.84114,4.9496365,6.5834684,5.007391,4.915235,5.1309276,5.491811,5.8869424,4.42788,4.4374113,5.3174367,5.167569,5.221134,4.5318766,4.6477904
2003-06-16 00:00:00,4.4134645,4.8223624,4.580246,4.3515368,4.781456,4.469639,5.524555,4.9067225,4.925505,4.5653715,4.8057604,4.5554686,4.969634,4.9361877,4.6234546,4.386399,4.943845,5.392041,4.5379395,5.5842247,4.736321,4.4307876,5.214404,4.582334,5.0727625,5.241153,4.865201,5.255913,5.1239347,4.580303
2003-07-16 12:00:00,4.22633,5.7654185,4.708945,4.800171,4.529541,5.553673,5.076477,4.630925,4.542598,5.213347,5.3759294,4.637282,4.579483,4.326017,4.806906,5.1778502,5.015165,4.4049788,4.226597,5.332396,4.65293,4.2980433,4.846423,4.9714174,5.269188,4.9371552,4.952526,5.1930876,4.402417,4.7205763
2003-08-16 12:00:00,4.6029415,4.8569293,5.912607,5.380677,4.9883747,5.792543,4.802905,4.539605,5.0867825,5.225063,5.252284,4.6316233,4.894435,4.8348613,5.228258,4.322175,5.4251823,5.398677,4.8973885,5.7057333,5.579118,5.2017527,4.5586576,4.5370307,5.356265,5.3135834,5.207447,5.711604,5.308839,4.6752768
2003-09-16 00:00:00,6.088667,5.350314,5.719762,5.6418304,5.5053015,5.5830617,6.1174335,5.494386,5.429367,5.75663,5.4364786,5.637786,5.3093653,5.981967,5.792906,5.8627253,5.948668,6.527383,5.0894938,6.338484,5.5405717,6.038334,5.5007005,5.1261454,6.080241,5.136827,5.6603994,5.7992563,5.2227244,6.636959
2003-10-16 12:00:00,6.443058,5.5709753,5.7223406,5.900838,5.698289,5.8274074,5.0793242,5.320479,5.8447304,5.3374796,6.101896,5.4756346,5.63989,5.8233266,6.0794806,5.523715,5.610237,5.583007,4.71969,5.8334885,5.1768727,5.1257524,5.7278523,4.9437075,5.7362885,5.930444,5.753998,5.483757,5.214826,5.179152
2003-11-16 00:00:00,5.936549,6.4929123,5.6011934,4.957753,5.5842505,5.4495745,5.2347007,5.3579254,5.6260023,5.9411263,5.7434797,5.2475142,5.2373304,5.5564756,5.2253737,5.4795046,5.4155817,5.4888525,6.349931,5.5003595,5.8311257,6.258179,5.4216185,5.5438476,5.61511,5.9106684,5.321776,6.02509,5.476943,5.273636
2003-12-16 12:00:00,5.6259484,5.3288527,5.751002,5.2657437,5.3303604,5.828928,5.4567804,5.7682505,5.9582915,5.476724,5.5570974,5.5886526,5.678726,5.3494062,6.0275035,5.055845,6.1644745,6.1299973,6.164933,5.122145,7.2280564,6.2294364,5.99114,5.0773325,6.0463343,5.8494363,5.16479,5.915642,5.5570593,5.0479345
2004-01-16 12:00:00,4.8954864,6.6398063,5.668565,5.242666,5.180791,6.315778,5.699543,5.3615556,5.229589,6.1010294,6.4748826,5.4003716,5.2622466,6.192583,4.8772593,5.6115813,5.2256575,6.1001425,6.751689,5.138256,5.999154,5.2302604,5.364473,4.954096,6.5970697,6.0197344,5.2432985,5.960654,6.1782427,5.796473
2004-02-15 12:00:00,5.8849707,5.5598464,5.2168875,6.4765778,4.9138703,5.363898,4.9723697,5.3396177,5.2606916,5.3280725,5.2428236,6.2150373,5.7680445,5.470666,5.347039,5.178916,5.266144,5.5002723,5.8133607,5.2915235,6.1213737,5.880297,5.766654,6.3002267,5.265279,6.3342457,4.957022,5.5964813,5.4945498,6.0216055
2004-03-16 12:00:00,5.699456,5.56331,5.3061314,5.5796466,5.624218,6.193885,6.037703,5.133015,5.468057,5.888857,6.2392097,5.466266,4.913367,5.3237734,5.5999575,4.9084725,5.1304455,6.039912,6.1508155,5.032988,5.604436,6.0496116,5.763272,5.7347913,6.798154,6.1831336,5.461409,4.757406,5.0033846,5.2801294
2004-04-16 00:00:00,4.826392,6.0349874,6.799001,5.2765236,5.4094825,4.888852,5.177169,4.8557444,5.158994,5.273036,5.455757,5.7124567,5.5481396,5.0218034,5.2075167,5.386709,5.928355,4.7778234,4.8798857,4.9601784,5.623309,4.8671365,5.6582847,5.672057,5.904912,5.427061,4.811797,5.288064,5.376171,5.3038006
2004-05-16 12:00:00,4.7543297,5.4687166,5.610139,5.5558987,5.6550245,4.277179,4.3929076,5.9302416,4.853054,4.5713167,6.02788,5.4428053,5.1110673,4.9593954,4.7232437,5.6125855,5.145231,4.9131355,5.128412,4.5673265,4.4574347,5.6122794,5.12176,4.7819033,6.426393,4.5184603,4.5785246,5.280777,6.0215464,5.051174
2004-06-16 00:00:00,4.739558,4.2040796,4.6059985,4.367505,4.677223,4.275073,4.2239847,4.1687417,4.7048225,4.9925184,4.8681936,5.545331,4.282182,4.6821237,4.2836905,5.1358857,4.176852,5.1761236,4.35133,5.344664,4.8690925,5.6743608,4.9032507,4.940321,4.785262,4.776615,4.8910847,4.4194703,5.2977285,4.9172406
2004-07-16 12:00:00,4.447217,5.1540475,4.729308,4.772399,4.8148108,4.1557145,4.9566245,4.605687,5.0055027,4.7777114,5.016048,4.8737736,4.0990443,4.793841,4.3735223,4.7777853,4.399747,4.6008706,4.424079,4.6257896,5.630399,4.717218,4.511053,4.7453256,4.72828,4.9314003,4.4982595,4.5949187,4.0705137,4.4370065
2004-08-16 12:00:00,5.0199594,4.8846955,5.174669,5.1875257,5.3281107,5.0388765,4.908348,4.7870946,5.1789145,5.412082,4.5741186,5.4292984,5.58497,5.2826133,4.5628777,4.4988184,4.797555,5.1209793,5.714878,4.2997255,5.161529,5.426208,4.9083605,4.75773,5.733798,4.9253206,4.878098,4.622079,5.660245,5.353316
2004-09-16 00:00:00,5.7435827,5.5294943,5.2808256,5.241479,5.471716,5.509726,5.3282104,5.0700927,6.306714,5.986422,6.018844,6.1533003,5.5336976,6.071513,5.7927732,5.248533,5.214077,5.8061414,6.0296555,6.4359217,5.692284,5.739741,5.4755955,5.50262,5.7938623,5.360919,5.887838,5.301416,5.2366304,5.486642
2004-10-16 12:00:00,6.1762056,5.7997727,5.4407434,5.695095,5.605165,5.2583475,6.0743117,5.192462,5.7223105,5.8205996,6.095974,5.6855154,5.4608417,5.6208878,5.3412232,5.315196,6.149808,5.6615725,5.7164454,5.7799673,5.657761,5.6804376,5.997445,5.6335897,5.327556,5.661744,5.414169,5.5170813,5.9876084,5.621749
2004-11-16 00:00:00,6.4087462,5.7936945,5.888896,6.01033,5.7314324,6.1023784,5.0724115,5.638076,5.795906,6.2370086,5.6041746,5.0975266,5.4024377,6.0061903,5.481917,5.428256,5.449064,5.6069365,5.6634836,6.233156,5.9702454,6.0582824,6.698056,5.155364,5.420907,5.5156693,5.838319,5.113543,5.3129845,5.3195214
2004-12-16 12:00:00,6.333392,5.2803383,5.779547,6.164106,5.4528456,5.55255,5.899232,5.197604,5.2346854,5.7193747,5.6778235,5.7024317,4.674404,5.5039005,5.6620564,6.1130767,5.9172506,5.4375963,5.6193514,4.824115,5.5458755,6.0295424,5.09841,5.300737,6.4080405,5.172858,5.718698,6.386796,5.735175,5.966016
2005-01-16 12:00:00,7.0703325,5.529119,5.8874702,5.4277816,6.213966,6.284282,4.8579664,5.9950967,7.032945,6.3605013,5.9126234,5.6085954,5.7456393,5.7740946,5.729192,6.343192,5.7916613,5.0847635,5.2299643,5.286353,5.654589,5.4847345,6.3356485,5.7976747,6.039669,5.5690827,5.429206,5.856775,5.629598,5.189055
2005-02-15 00:00:00,6.4232073,5.043978,5.3844633,6.343362,5.498301,6.0725007,4.823236,5.8956537,6.3336644,5.9328356,5.4743576,5.78411,4.6971903,5.391285,5.5318794,5.011126,4.855008,5.341754,5.55155,5.4004607,5.4982295,5.4554777,5.19421,5.4031167,7.1079087,5.992868,5.8258133,5.233938,6.780609,6.092658
2005-03-16 12:00:00,5.336577,6.3340235,5.83656,6.234297,5.2409577,5.4624662,5.3821864,4.9549727,5.6867905,5.9669333,5.1027,5.7983694,5.767952,5.016165,5.2226515,5.7432413,5.2259808,5.0368333,5.9481316,5.5702257,5.9539924,5.6541295,4.9188833,5.1357255,5.939466,5.4625196,5.780206,5.515999,5.632918,5.875183
2005-04-16 00:00:00,5.250554,5.222628,6.2046776,5.504871,5.0203896,5.206436,5.6271772,5.084845,5.3004494,5.8162565,5.614152,4.6545997,5.328765,5.979434,5.2813954,5.893866,4.9473233,5.013606,5.1661873,4.872919,5.8286834,5.827228,5.0137115,5.5349708,5.0114794,5.096022,4.909352,4.808982,5.2645583,6.125695
2005-05-16 12:00:00,5.579775,5.047481,4.6124277,5.79439,5.1489553,5.2547913,4.550821,4.670202,5.460432,5.4234514,5.0063543,4.4126616,4.275624,5.033256,4.828233,4.4063544,4.5980477,5.0215197,6.047102,4.54133,5.0524073,4.928251,5.201939,4.8272624,4.7327394,5.278594,4.7646775,4.8373766,5.6199327,5.080293
2005-06-16 00:00:00,5.8169584,4.472778,4.6665025,5.166464,4.4607763,4.734862,4.5780015,4.7935658,3.8187099,4.662919,5.0447083,4.4416037,4.978159,4.1783357,4.9662147,5.0006666,4.823667,5.3732285,5.187716,4.956693,5.364726,4.193625,4.3528814,4.4579635,4.503894,4.5995955,4.2038436,4.993453,4.882273,4.822066
2005-07-16 12:00:00,5.558546,5.895092,5.701437,4.8831434,4.070298,4.6328306,4.68592,4.9602194,5.0509424,4.2429748,4.3665104,4.740031,4.613478,4.6991305,5.190603,4.627948,5.0467477,4.911861,5.262922,5.7836885,4.971493,4.937088,4.621424,4.443695,4.776438,5.0009556,4.8859625,4.73302,4.3431325,4.809476
2005-08-16 12:00:00,5.8453064,5.0057783,5.757235,4.8144617,4.907557,4.9176273,4.637261,5.2937164,5.178841,5.023893,5.4202905,5.753527,5.2037253,5.3194404,4.7371173,4.8864365,6.1379676,4.9493494,5.034821,5.0464487,5.508205,5.154059,4.6984806,5.1953163,4.596752,5.4537845,5.1150613,4.650101,5.2498198,4.2700796
2005-09-16 00:00:00,5.8924913,5.1853733,5.461282,5.7676086,5.553953,5.5166726,5.428534,5.206021,5.7346487,5.8699007,5.5036154,5.3006277,5.184064,5.149953,5.328685,5.257446,5.766072,5.505147,5.561902,5.4506235,5.542485,6.0184507,6.2129784,5.547274,5.668707,5.748267,5.0501137,6.361843,5.9694004,5.7547426
2005-10-16 12:00:00,5.3405213,5.324407,5.9009943,6.048349,5.691827,6.033502,6.1438317,5.824876,5.2371492,5.695239,6.0150895,5.770874,5.8785276,5.473886,6.6102433,6.741269,5.9322877,6.5293617,5.5832915,5.3664217,5.3682756,6.395905,5.6232605,5.5629373,6.4506254,5.5684166,6.636064,5.627331,5.9497175,5.9491816
2005-11-16 00:00:00,6.2497644,5.3224325,5.4670615,5.7351947,5.276877,5.22037,5.4551377,5.4856606,5.2698593,5.5092907,5.601945,5.586604,5.0794406,5.5213284,5.6443353,5.5891,5.010539,5.5086827,5.9244246,5.6475744,5.533362,5.5543656,4.6825666,5.4999037,5.5897174,5.9528475,6.1388083,5.6993756,5.762389,6.267431
2005-12-16 12:00:00,5.377553,5.8542166,6.113082,5.3890924,5.3679934,6.276815,5.994754,4.779723,4.737225,5.334186,5.337418,4.7616544,5.5379415,5.3366365,5.4673862,5.4124007,6.156123,4.994611,5.4891043,4.8142457,5.58651,5.0752764,5.5491896,5.6766844,5.8290534,6.124575,6.044427,5.759698,5.4756703,5.638266
2006-01-16 12:00:00,6.625407,4.8596444,6.22809,5.1848216,6.226451,6.4121084,5.7736506,6.0412884,5.4459157,4.666693,5.6374063,5.617723,5.8727837,5.4775476,4.992058,6.0420527,5.5217314,5.491521,6.1913133,5.6269035,6.988031,6.015235,5.5520487,5.3244843,5.3964286,5.7607603,5.7784233,6.196496,5.184168,6.2421
2006-02-15 00:00:00,6.8721266,5.247046,4.914183,5.5992494,5.680519,6.2175994,6.2205024,5.7036743,4.9026327,5.916726,5.137595,5.6883674,5.5669394,5.7135243,6.706215,5.749489,5.5155663,5.5359554,5.790875,5.750694,6.3645105,5.293905,6.0008826,6.497963,5.5216994,6.9198656,6.313534,7.116047,4.6354647,5.4742193
2006-03-16 12:00:00,5.985404,4.980693,5.4545474,5.646724,7.1825953,5.4865966,5.9181547,5.2736936,4.7897897,5.2389946,5.5383344,6.374692,6.654789,5.5423265,5.925203,5.2791953,6.389605,5.06244,6.397563,6.823423,6.1679525,5.009578,6.1193886,4.909494,5.407525,5.479419,6.464035,4.8549333,5.423853,5.1601324
2006-04-16 00:00:00,5.424671,5.4020104,5.681708,5.093672,5.095368,5.3088374,5.180131,5.4263144,5.121324,5.70673,5.714093,6.243661,5.346429,5.7303314,4.517886,6.04156,5.20883,5.1581793,6.188134,6.0829062,5.181388,5.217285,5.426772,6.1275654,5.5414734,4.7681684,5.5886807,5.3532286,5.0561724,6.024662
2006-05-16 12:00:00,4.8729773,4.384402,4.6321077,5.3409066,5.2044168,5.1635137,5.0966616,5.384163,5.0947294,5.060763,5.0697346,5.373306,4.576122,5.569496,5.0219574,4.4627523,4.994702,5.530969,5.7891417,5.059503,5.031839,5.210288,6.0266366,5.1055436,5.5305963,5.117031,4.884248,5.189538,5.154399,6.3019
2006-06-16 00:00:00,4.376817,5.6811304,5.518228,5.058942,4.7716966,4.792958,5.1016793,4.6246934,5.040566,4.7033243,4.5778275,4.4686446,5.233711,5.5960064,4.6081824,5.341851,4.5730276,4.508615,5.090577,4.017293,4.4414043,5.1246986,5.203854,4.9773636,5.1298804,4.9757586,4.810849,5.061703,4.7297325,5.0099277
2006-07-16 12:00:00,4.709966,4.7352324,4.862624,5.337714,4.689473,4.964031,4.5524797,5.514615,4.6301703,4.6100707,4.421573,4.777447,4.971602,4.3925185,4.407996,4.696254,4.610849,4.603497,5.00364,4.9352407,4.1638155,4.6950655,4.691797,4.8191557,4.588991,4.6813393,5.309153,5.2371225,5.0539455,4.6568766
2006-08-16 12:00:00,5.4049535,5.9604645,5.3617706,5.6415763,5.102665,5.0799356,4.8436747,5.3000727,4.6793666,5.1622543,4.8381333,5.2670865,5.3139915,5.2618494,5.2694955,5.061077,5.057765,5.4955087,5.537336,4.725021,5.3472633,4.777762,4.9337187,4.9678807,5.3621755,5.275313,5.1780653,5.628724,4.83255,5.0389433
2006-09-16 00:00:00,5.8506255,5.866775,5.8822083,5.635503,5.8436303,5.687065,5.8349524,5.687496,5.3916473,5.2295656,6.171154,6.0822268,5.5794816,5.152337,5.9284315,5.374031,5.849945,5.6465774,5.611327,5.860291,5.7461524,5.7359257,5.434484,5.6025085,5.4338303,5.056202,6.224366,5.5619035,5.7611084,5.8556714
2006-10-16 12:00:00,5.748343,4.9073687,5.8854804,5.337764,6.3270655,5.5131593,6.4348707,5.1275277,5.5923715,5.31069,5.8355527,5.9873323,5.6574564,5.850703,5.504496,6.1623826,6.124903,5.616995,5.6421356,5.933249,5.403552,6.001458,5.4854994,5.4314556,6.5703955,5.536241,6.0839896,5.589537,6.0731797,5.7049284
2006-11-16 00:00:00,5.5822973,5.3237944,6.1999273,6.00086,5.886706,4.962317,5.3051276,5.609294,5.4591355,6.075812,5.8227277,5.526553,6.0242896,5.656287,5.6215425,5.8471627,5.9600825,6.156812,6.02917,5.617139,7.5667305,6.0864882,5.61064,4.894688,5.679364,5.646722,7.1561875,5.956738,5.3806496,5.611619
2006-12-16 12:00:00,5.9832816,5.899681,5.185513,5.7712154,5.929266,5.565694,5.525125,5.0812063,5.3445215,4.741386,5.228997,5.837819,5.6582537,5.4736624,5.5029917,5.0976057,5.2376924,5.3970814,6.360533,5.2126546,5.4548373,5.0951686,4.8230877,5.5393167,5.1018276,6.1503572,5.5510774,6.3637285,6.511177,4.9288177
2007-01-16 12:00:00,6.4316225,6.35122,5.3899355,5.621704,5.9579487,6.015857,5.750933,6.191249,5.4426155,5.796477,6.3810897,5.7778463,5.738411,5.2896204,5.669904,6.7079697,6.3543744,5.8714266,5.6956625,6.547892,6.1417236,5.371488,5.411497,5.011783,4.982707,6.339306,6.462149,6.4496255,5.5610247,4.763181
2007-02-15 00:00:00,5.414075,6.023003,5.092666,5.834072,6.5227423,5.7676463,5.5532517,5.510562,5.0917053,4.843357,5.904105,6.2452574,6.10732,5.4328547,5.5092325,5.7610674,6.9577,5.5699396,5.7793264,5.3806624,5.883282,6.320855,5.5821037,5.2338743,5.568751,5.9832373,5.7104735,6.034667,5.930399,4.9803214
2007-03-16 12:00:00,6.1648645,5.9305444,5.0065403,6.039097,6.3427515,5.6536455,5.714322,5.8709116,4.872122,5.214544,5.1231275,5.335035,6.1043825,6.2796926,6.6677284,6.3147216,5.242733,5.5487947,5.9483023,6.5550675,6.277284,5.468897,6.7741485,6.328063,5.2679935,6.0023966,5.2522507,5.3110747,5.172839,4.7657766
2007-04-16 00:00:00,6.113807,6.5055985,6.2346706,5.9199157,4.8228326,5.434172,5.386041,5.100557,5.1873064,5.6424327,4.8404403,5.146827,6.475133,4.9977593,5.4221764,5.1066265,4.6089354,5.5097733,4.849411,5.4100676,6.019965,5.751643,6.0041504,5.5704765,5.444659,5.4366665,6.472215,5.4259286,5.263458,5.1038604
2007-05-16 12:00:00,5.6764727,5.4644837,5.0972834,4.738673,5.2462144,5.2308526,6.6060057,5.037375,4.987179,4.1055365,4.799635,5.321911,5.2093587,4.879921,4.53834,5.02647,4.8640947,4.574441,5.006241,4.6829853,5.049051,4.5323954,5.082607,4.696763,6.8389688,5.124485,5.264453,4.5996904,4.984435,4.8943515
2007-06-16 00:00:00,4.539866,5.1175766,4.9631567,5.0708666,4.5985327,4.768812,5.2158647,4.314715,4.5127397,4.5807753,4.472368,4.7291527,4.6922884,4.8055053,4.9533834,4.9390345,5.7968955,5.5431724,5.176091,5.443269,4.4158745,4.3113604,5.0165625,5.055402,5.770079,5.0636415,5.417451,4.9186244,4.556719,5.1791353
2007-07-16 12:00:00,5.3025618,4.9392157,4.47095,4.8987403,4.3987036,5.514491,4.369813,4.7022557,4.0645237,4.9039397,4.9579644,5.389891,4.719062,4.6832495,4.402498,4.3363934,5.00019,5.1491776,5.302926,5.774764,4.832135,4.6745095,4.6663895,4.949256,5.3102474,4.868514,4.8355646,4.5134516,4.98534,5.147602
2007-08-16 12:00:00,5.139741,5.730042,5.528072,4.763964,5.05269,5.172679,5.7989798,5.2384543,4.7569413,4.531478,4.88351,5.4009833,4.622534,5.1100516,4.5744567,5.219611,4.988879,5.592595,5.2239676,5.7807765,4.996784,5.4973187,5.0374455,5.08181,4.985362,5.2494745,5.3690033,5.194518,5.510188,5.563035
2007-09-16 00:00:00,5.5383444,6.212794,5.7550125,5.7904754,5.813945,5.749195,5.433337,5.6504006,5.3849707,5.45778,5.407256,5.6480136,5.522949,5.5503964,5.846835,5.220647,6.0053225,4.9317946,5.659765,5.005923,6.05322,5.822385,6.106856,5.3721256,6.3888874,5.5381308,5.9028006,6.023694,5.79445,5.223999
2007-10-16 12:00:00,5.2842226,5.6696234,5.300578,6.294016,5.2559233,5.6577654,6.5936155,5.50832,5.1567554,6.2688193,5.914504,6.3767595,6.162104,5.7798414,5.5639753,6.294628,6.1106405,6.408483,6.0222564,5.491301,5.6682243,6.0564017,5.7384653,4.8686275,6.136889,5.8962016,6.402793,6.367262,5.720718,5.601783
2007-11-16 00:00:00,5.5787573,5.838543,5.5670266,5.741903,6.3801155,5.522232,5.627784,5.1429424,5.8850274,5.474534,5.8677206,5.6399775,5.9286942,5.679389,5.906331,5.404032,5.721429,5.8717537,5.9914513,5.2536726,5.5051804,6.17669,5.735844,5.60007,5.391154,5.967028,5.0703917,5.6252427,5.732772,5.1742816
2007-12-16 12:00:00,6.0928097,5.566157,5.1147943,6.1568274,6.625758,5.979618,5.342126,6.0000696,5.9169035,6.2084694,5.3736897,5.4229875,5.165269,5.83899,5.175947,5.5553627,6.1495643,5.5879264,5.9566307,5.313442,6.431699,5.8856435,5.0733156,5.5698824,4.8860574,5.9582696,5.4554687,5.373749,5.8452926,6.049834
2008-01-16 12:00:00,4.9919004,5.544702,5.805258,5.9993253,5.3195863,6.622912,5.4426713,5.4505463,5.212156,6.337372,5.0613985,6.0657835,6.7416687,5.7664943,5.974202,5.0158067,5.469676,5.8562946,5.3335075,5.7106504,6.4781585,5.500949,5.697171,5.268013,6.159466,5.687978,5.3931665,6.3046274,5.7785745,5.283228
2008-02-15 12:00:00,5.2669687,5.5421834,5.296586,5.0967245,5.976886,6.2934704,6.179008,5.705083,5.1812067,6.0312285,6.349679,5.4536805,5.496194,5.8102937,6.8324594,5.884005,5.8092813,6.5645094,5.382857,5.066973,6.340611,6.044215,4.834929,4.9024935,5.253137,5.2125864,5.7048583,5.833402,6.4362106,5.295189
2008-03-16 12:00:00,6.9745073,5.9554696,5.6981244,5.21392,5.6198845,6.2488294,5.4944253,6.347498,5.5884295,6.009696,5.580245,5.732699,6.840336,6.2098722,5.8536534,5.5227594,5.611558,6.2514753,4.8511496,6.3429427,5.8019533,5.090342,5.063943,6.0900507,6.3645678,5.216485,6.0897517,6.1342015,6.9418745,4.998805
2008-04-16 00:00:00,6.460578,5.8995476,5.8669868,5.3068714,4.8576035,6.136299,5.915339,6.7990446,5.7262497,5.8325486,5.239731,5.9912057,5.9721503,5.3127546,5.9444513,5.010051,5.968978,5.622966,5.5072403,6.3399324,4.697417,5.54607,4.8965087,5.394042,5.234044,5.4580407,5.8987203,5.197796,6.3020144,5.003786
2008-05-16 12:00:00,5.287017,5.818719,5.583715,4.7286773,4.66442,5.6494455,4.8377814,6.067746,4.939685,5.2646203,5.149755,5.266735,4.9822617,4.7225256,4.393437,4.84913,5.632258,5.7432733,5.031318,5.10126,4.6752677,4.8120756,5.3646226,5.9269376,5.105672,4.649331,5.160546,4.691489,5.626075,4.5597177
2008-06-16 00:00:00,5.0709977,4.659416,4.44197,4.7106466,4.5862203,4.309605,4.9645433,5.3287745,5.008836,4.6761613,4.5542207,4.716798,4.5087824,4.5169463,4.6831584,4.548748,4.29541,4.4843073,5.5478334,4.2571163,4.8795714,4.183104,4.5915384,4.9085326,5.471687,4.6930923,4.3389907,4.9375978,5.1439257,4.9358544
2008-07-16 12:00:00,4.511561,4.6943154,4.7923074,4.5401697,4.532328,4.7643,4.9839087,4.5462637,4.8736343,4.5624704,5.070882,4.4008765,5.1481466,4.751461,4.3770723,4.358733,4.9928293,4.159052,5.421237,4.5526977,5.1950426,4.75181,4.660797,4.793036,4.7971334,4.9250383,4.332537,4.7935653,4.4782057,4.304475
2008-08-16 12:00:00,5.2709336,5.725381,5.4321885,5.3558874,5.0771117,5.883553,5.068134,5.0520415,5.2483335,5.4935865,4.697299,4.907841,5.339644,5.3172264,4.8774443,4.9355865,4.9270716,4.5192122,5.3641806,5.0800605,5.315949,5.0873857,4.795059,5.138467,5.508759,5.2442293,5.370373,5.549097,5.46709,5.169408
2008-09-16 00:00:00,5.990682,5.761241,5.413838,5.449479,5.7707496,6.715223,5.281915,5.43675,6.125438,5.7150245,5.1494117,5.632015,5.2198534,5.9031324,5.761967,6.233573,5.361954,5.272105,5.0370865,5.528783,5.909415,5.6164107,5.5958624,5.841729,5.6138415,5.488015,5.332602,5.023919,5.4753485,5.45136
2008-10-16 12:00:00,5.9128222,6.225,6.0793633,5.6683035,5.3856554,5.959487,5.685712,5.6683965,5.1600213,6.095691,6.5534806,6.371699,5.6115274,5.5228267,6.418517,6.2325296,5.9543166,6.1553473,5.757688,5.7696657,5.5623198,5.999161,6.1587887,4.978939,5.9695597,6.4708834,5.420402,5.6601152,5.794286,5.4363694
2008-11-16 00:00:00,5.2198057,5.9007254,6.044919,5.1393213,5.657357,5.839305,5.873393,5.7536187,5.100007,5.615528,5.441798,5.4079323,5.7942476,5.648782,5.3082504,5.526024,5.532712,5.432855,5.512127,5.555175,5.1743875,6.150571,5.930538,5.1356974,5.3577957,5.184606,6.0866933,5.266528,5.394633,5.7202764
2008-12-16 12:00:00,5.9995527,6.2597213,5.184731,5.622059,5.7303047,5.589065,5.6996384,5.9102964,6.6860247,5.699197,5.0719366,5.6935973,5.2717085,6.0164003,6.4374084,6.408374,5.486978,4.8038607,4.969722,6.0164447,5.097573,6.1613603,5.3884535,5.752248,6.0664644,5.455194,5.7879972,5.9410634,5.7891135,5.449037
2009-01-16 12:00:00,5.2856836,5.9264274,5.1889076,5.774133,6.833913,5.607264,5.766034,6.1980715,5.6605253,5.3695555,5.678365,5.001218,6.1279225,6.1780276,5.5384836,5.1715193,6.0309324,6.237899,5.250726,6.1195235,5.6287255,5.955672,6.1382737,5.266645,6.0882864,5.507634,5.48186,6.4173226,5.249053,5.5345564
2009-02-15 00:00:00,4.893159,5.075594,5.819247,5.605885,5.119976,5.7997565,5.301571,6.246618,5.294339,5.2673593,4.8448396,6.2506113,5.4669356,5.7127676,5.7941637,6.0757985,5.676485,5.6215105,6.1946507,6.1991935,5.533512,5.762361,5.526382,5.4897046,5.255735,5.895261,5.730935,6.6622467,5.81818,5.4199514
2009-03-16 12:00:00,4.752706,5.9429913,4.9212813,4.7647805,4.961087,5.7802057,5.078283,5.0559525,5.168351,5.448424,5.1687527,5.463223,5.7702837,5.538412,5.2966065,5.999909,6.362092,6.3377995,5.566037,5.1774874,6.996044,5.8880644,6.2180233,5.352044,5.5044937,5.968561,5.792105,4.9644785,5.7174234,5.794326
2009-04-16 00:00:00,4.800435,5.1435537,5.7329836,4.7722726,5.9693193,6.3900514,5.366534,5.857239,4.9915743,4.6183243,4.486331,5.6110573,6.3482156,6.3306937,5.523511,5.542282,5.644946,5.2004824,5.341352,4.4522333,6.9591064,5.7603106,5.43734,5.590321,5.3779106,6.800087,5.894446,4.676652,5.4839487,5.3102484
2009-05-16 12:00:00,5.216482,4.677741,5.316246,5.6229577,5.0382943,5.1757402,5.0875664,4.474458,4.3453383,4.74496,5.100356,5.247197,5.8222804,5.196648,4.899023,4.889997,4.567073,4.7928324,5.151519,4.8101926,6.041806,5.3610716,5.138302,4.5937705,4.469011,5.3998733,4.4112635,5.618716,4.6299334,4.916166
2009-06-16 00:00:00,4.523385,5.291972,4.5371656,4.7637444,5.0283303,4.757558,4.7491426,4.565193,4.843271,4.697811,5.202858,4.9657574,5.0039825,5.755947,4.14357,4.586113,5.140615,4.436343,5.3193207,4.3181977,4.712119,4.4584985,4.5791173,4.4469995,4.2319894,5.5799775,4.975446,5.49611,4.702072,4.6477127
2009-07-16 12:00:00,4.8001814,5.2062163,5.110239,4.730897,5.336577,4.602353,4.9148383,5.05941,4.6137905,4.773011,4.745254,4.761386,4.4953985,4.7032804,5.10045,5.168629,4.531091,4.237264,4.9456873,5.009266,4.4597487,4.732529,4.8452396,4.653651,4.913488,5.067511,4.3551025,4.9811964,6.105235,4.7935586
2009-08-16 12:00:00,4.946028,4.897193,5.211864,5.1834345,5.00492,5.360974,5.2284384,5.061638,4.8105583,4.3734884,5.1104913,5.5577173,5.2590375,5.0021925,4.9960456,5.220298,5.6265745,4.880691,5.442803,4.8550286,5.0412755,5.037953,5.1797585,4.804766,5.201821,5.4588814,5.232236,5.1495705,5.981445,5.163129
2009-09-16 00:00:00,6.247082,5.3985868,5.646418,5.5932727,5.6871924,5.4921656,5.2516084,5.6365466,5.525064,5.4246716,5.462035,6.4716187,5.6212225,5.760774,5.676493,5.4145284,6.1489716,5.864563,5.9335012,5.581276,5.56797,6.2871842,5.9202375,6.1730776,5.3563185,5.964093,6.105134,5.7586527,5.3608074,5.7279835
2009-10-16 12:00:00,5.6115103,5.92603,5.6133556,5.713882,5.6200857,5.5591917,5.7619486,5.8546753,5.621749,6.5859513,6.1068926,5.842143,5.840893,5.980585,5.17207,6.4231367,5.5117755,5.6986885,5.553316,5.516082,6.0133214,5.692031,5.793006,5.2783923,5.6780663,5.992398,6.477301,5.746635,5.645826,5.1156044
2009-11-16 00:00:00,5.8530045,6.7452064,5.08319,5.1345,5.518225,5.7874365,6.0295844,6.0184174,5.943396,5.37465,5.1013365,5.338761,5.8095098,5.1759467,5.9461107,5.949882,5.4135537,5.9875116,5.207982,5.929693,5.052615,5.667556,5.767743,5.149563,5.0094223,5.8278437,5.6771507,5.499307,5.250268,5.4313
2009-12-16 12:00:00,5.597679,5.3748417,5.257028,5.6680555,5.4489107,5.5214496,5.567834,5.8944206,5.4817514,5.365983,5.727006,5.824614,5.555459,5.605033,6.238689,6.2051764,5.5421877,5.8499475,5.610797,5.089793,5.3453574,5.4829817,5.5426517,5.249396,5.3136644,5.90527,5.757959,5.341786,5.6573997,5.148007
2010-01-16 12:00:00,5.649345,5.266059,6.2563086,5.717477,6.1563063,6.333402,5.16314,5.202518,5.601869,5.764308,6.7946486,6.4877257,6.9101105,5.8670783,6.238241,5.8797746,5.94591,5.221223,5.693322,5.9788404,5.5113935,5.9458656,5.7436013,6.0771804,5.0342846,6.150312,5.0762835,5.778595,5.2832103,5.9658594
2010-02-15 00:00:00,5.3983016,5.625302,5.427751,5.3863697,5.9580584,5.288108,5.831324,4.6375527,5.634361,5.0203667,5.743329,4.7264624,5.908927,5.4811087,5.6424527,5.379926,5.9108424,5.576804,5.629952,6.2028346,6.4862456,5.2186956,6.0926433,5.3787146,6.3594985,4.798739,4.750936,5.9488173,5.11201,5.612713
2010-03-16 12:00:00,5.182772,4.124339,5.645314,6.3609505,5.8578525,5.891932,5.9508257,5.4890466,5.967087,5.2842703,6.259742,5.7555,4.953085,5.7027655,6.288105,5.539672,5.857223,5.146146,5.3429003,6.551863,6.465539,6.214196,4.885382,5.0652094,6.2476206,5.878708,4.8781424,5.2828493,5.704047,5.528697
2010-04-16 00:00:00,4.706929,4.464045,6.1463666,5.993064,6.0304832,5.3723245,5.0240507,4.850886,5.3865685,5.290866,5.2815857,4.90137,5.290942,5.641322,4.8490343,5.6325583,5.8848906,4.8523884,5.9393587,5.445734,5.8007574,6.481603,5.2098527,4.842469,6.3977804,5.234782,5.417981,5.610362,5.52394,4.8536477
2010-05-16 12:00:00,4.72769,5.1537743,5.4651694,5.293752,5.82208,5.516011,5.106647,4.9372683,4.335563,4.539186,5.400035,5.4485145,5.1837473,5.7652693,5.713904,4.8915653,5.33557,4.808448,5.397565,4.9287252,5.8221884,5.7098417,5.5165086,4.588318,5.854734,4.611806,5.1317887,4.5778184,5.181554,5.088136
2010-06-16 00:00:00,4.8685193,4.9373846,5.611727,5.0709133,5.871623,4.497262,4.6866503,4.7715383,4.7527533,4.526163,4.9804163,5.3747396,4.3641253,4.626626,4.6913686,4.952773,4.3539457,4.699555,4.6772676,5.9247217,4.2038093,5.7253075,5.009706,5.670756,4.6069274,4.5022135,4.7062316,4.671178,5.4337897,4.67467
2010-07-16 12:00:00,5.5867066,4.9261694,4.4489737,5.132632,4.8863993,5.336322,5.302771,4.6251044,4.7940617,4.7546043,4.9102926,4.7176743,4.669994,5.2650895,5.284556,5.1463814,5.5687017,4.536006,4.7270675,4.901226,4.4665337,5.24395,4.4084067,4.8161035,4.534949,4.5634995,5.306685,4.959725,5.164404,4.7068415
2010-08-16 12:00:00,5.717702,5.4212365,4.794332,4.9056025,4.814593,5.1631618,4.5864844,5.3207746,5.293867,5.3165846,4.6529064,5.339027,4.4654446,5.8362246,5.410516,4.9775047,5.065963,5.8853736,5.1563234,5.0607095,5.164603,4.7801924,5.3304434,5.4885745,5.98188,4.795452,5.1030574,5.2597685,5.269025,5.2096148
2010-09-16 00:00:00,6.6852555,5.3096714,5.3045106,6.274932,6.192775,5.820504,5.5969024,5.766078,5.6359396,5.974332,5.40438,5.8722243,5.410661,5.150301,5.4310904,5.731809,5.7432423,5.944065,5.648728,6.251548,6.5798416,5.437171,5.5771675,5.3025312,5.9341173,5.557044,5.67084,5.9259353,5.3660164,5.806737
2010-10-16 12:00:00,6.5951333,5.026475,5.8675804,5.960621,5.5692315,5.2351837,5.5069456,5.397114,5.9307003,6.0861697,5.8042536,5.8666854,5.9186106,5.4489946,5.8452415,5.563764,5.523937,6.0702033,5.8528795,5.82237,5.941518,5.682551,6.1619782,5.367521,5.726054,5.510417,5.579282,6.414401,6.2626123,6.1318536
2010-11-16 00:00:00,5.071248,5.571415,6.4827867,6.8661256,5.922315,5.5531883,5.2692513,5.644089,5.8917327,6.290887,5.260808,5.9144435,5.5202913,5.769139,5.83518,5.934963,5.3559995,5.647134,5.3783655,5.962394,6.4249854,6.3475647,5.6787834,5.319131,5.246481,5.6135645,5.45903,5.468682,5.7132874,5.2085943
2010-12-16 12:00:00,6.472749,5.114052,5.7015314,5.736452,5.7087784,5.22316,5.9189615,5.301506,5.9414473,5.836519,5.618983,4.915845,6.0346804,5.584485,4.8588934,5.8448877,5.209382,5.264482,6.1761436,5.435075,5.6621804,5.7491846,5.482918,4.8282685,5.0137987,6.284663,5.152621,5.908705,5.6545224,5.555551
2011-01-16 12:00:00,5.705079,5.0789227,5.3168745,6.107117,4.919041,5.7486787,6.2043014,4.877672,4.986283,5.1272116,5.172469,5.2232833,6.236734,6.7254953,4.7577653,5.713034,6.355429,6.2424483,5.2404356,5.0413566,6.5547953,5.575651,5.397637,6.2308946,5.095388,4.908828,5.1527658,4.82835,5.906133,5.236216
2011-02-15 00:00:00,5.9596486,5.676667,5.68629,6.5532675,5.456555,6.422412,5.1776075,5.1828246,5.604781,5.9343805,6.2906747,5.3852654,5.990082,6.273261,5.875708,5.858354,5.066575,5.2455244,5.7015862,5.5660925,5.396489,5.372819,6.4195023,5.0678034,5.694666,5.595631,5.376934,5.3417954,6.391818,6.2382445
2011-03-16 12:00:00,6.093826,4.934148,5.7241163,5.4615808,5.2260637,6.359848,5.874875,5.983691,5.877986,5.241269,5.0238504,4.995612,5.8608313,6.003066,5.727977,5.366405,5.5928564,6.0643525,5.6911936,5.2357535,5.8725677,6.4799156,6.338957,6.28965,5.0614357,6.0750647,6.725415,4.8700686,5.3903565,5.7955904
2011-04-16 00:00:00,6.657968,4.8797555,5.2646008,6.1316276,5.0677457,5.8179064,4.6820145,6.9039154,5.159219,5.857485,5.788011,4.5695386,5.9380827,5.985799,5.5426283,6.0262794,5.8754144,5.9815755,4.8147926,5.0580072,6.843528,4.6289005,4.7856574,5.5721655,5.274411,5.6880593,6.1424074,5.106351,4.9690413,6.753787
2011-05-16 12:00:00,4.9838285,4.988646,4.7491217,5.185532,4.5700073,5.5649905,4.728382,5.050963,4.7831306,4.651522,4.649446,5.081416,5.066319,4.7305794,4.9544325,4.924001,5.0842133,5.03203,4.2886033,4.6385055,6.013993,4.2666483,5.3734703,4.18915,5.2322836,5.3873763,5.1029463,5.445324,4.87028,5.1918883
2011-06-16 00:00:00,5.1842823,4.8722334,6.0224733,4.587451,4.4956684,4.9308014,5.046872,5.0498085,4.688098,4.619812,4.5103354,5.64512,4.8084235,4.798481,4.3092914,5.152311,4.3838506,4.556241,4.3469896,5.7790856,4.641729,4.7658105,4.6977854,4.5875635,5.193923,4.724406,4.366739,4.8944077,4.671318,4.7768464
2011-07-16 12:00:00,4.413166,4.850921,4.6375303,4.8648767,4.675441,4.2388015,4.990828,4.541726,5.147794,4.512366,5.2796392,4.4603186,4.4728017,5.139226,4.9590387,4.814753,4.986336,4.6630487,5.102467,5.4951477,4.8909326,4.521481,4.955388,4.4227095,4.2860055,4.397767,4.914872,5.083337,5.0212345,5.1800475
2011-08-16 12:00:00,4.953458,4.947272,5.0058823,5.225323,5.4049225,4.9440756,4.867132,4.7348833,4.6982384,5.4012733,4.641418,5.6524873,5.4828625,5.6321926,5.2641525,5.5433035,5.3589387,5.0647097,4.776081,4.7911286,4.9110236,5.0187006,5.315755,5.0949306,4.8724656,4.708104,5.3672395,4.769593,4.9073496,4.8474603
2011-09-16 00:00:00,5.7202787,6.2398567,5.2774262,5.2867746,4.9073114,5.8005896,5.6110163,5.865386,5.4131494,5.6219873,5.2670293,6.8844786,5.944845,5.588434,5.733243,5.2055984,6.2035074,5.3863497,5.088195,5.028274,5.850009,5.784945,5.497379,4.993109,5.730057,5.695499,5.905362,6.0600333,5.001439,5.6134086
2011-10-16 12:00:00,5.7844467,5.5298653,5.681605,5.665259,6.01214,5.976938,5.720561,5.908731,5.858844,5.8566084,5.855504,5.8932233,6.199663,5.115664,5.7734556,6.0008383,5.8421097,5.462495,5.787429,6.355676,6.294974,6.05823,6.457025,5.8053293,5.5826926,6.4647675,5.7199683,5.97338,5.6017094,6.42435
2011-11-16 00:00:00,5.9661713,5.556611,5.911189,5.964484,5.372742,5.6355133,5.9494123,5.602951,6.162099,5.5921655,5.1528716,5.754837,6.0539055,5.928632,5.637678,5.221438,5.379058,5.882028,6.048244,5.6371503,5.283143,5.976798,5.0713553,5.612573,6.2227564,5.601611,5.5971465,5.11941,6.0510254,5.4658875
2011-12-16 12:00:00,5.4940915,4.993276,5.980488,5.1377444,5.8745346,5.5503817,5.621263,4.613311,5.425563,5.4175467,5.485185,5.218053,4.6223693,5.6376295,5.5978975,5.787182,5.206069,6.38021,5.4173255,6.4018784,5.940189,5.439187,6.0074797,5.415847,5.552546,5.2377524,5.2440042,5.313852,4.7114143,4.7604012
2012-01-16 12:00:00,5.9077764,6.246404,6.5459647,5.5397773,5.454022,5.084346,4.999317,5.655327,5.1134925,5.3306036,6.1553836,5.8834405,6.048626,5.4368424,5.181962,6.397421,5.072468,5.609355,5.650369,5.340343,6.6997957,5.2643595,5.3263893,5.786983,6.99718,5.830691,5.945342,5.680193,6.0071344,5.648799
2012-02-15 12:00:00,5.6186166,6.617902,5.4543676,6.329701,6.01348,6.103318,4.847654,6.3063865,5.551045,5.275113,5.5464716,5.634017,6.196357,6.391595,5.9814878,5.0538974,6.0366297,5.488996,6.4611464,5.621399,4.8180923,6.1473384,4.918573,4.332432,5.2027707,4.748307,6.0780697,7.1021857,5.819925,5.8219786
2012-03-16 12:00:00,5.6833563,5.677263,5.357342,6.142725,5.4859824,5.8125157,5.8779473,5.708637,5.760329,5.595055,5.693341,6.329212,5.814894,6.4885483,6.425101,5.516783,4.8361225,5.079482,5.589167,5.1065307,6.208242,5.5208955,6.175153,5.381873,6.017345,6.6470017,6.5676613,5.113523,5.6607246,5.892825
2012-04-16 00:00:00,4.973977,5.6635094,5.3994927,5.8171396,5.253384,5.952641,4.98911,5.6430583,5.800673,5.422596,5.0712957,5.9338484,5.581767,6.0165796,6.2447586,4.846813,5.08385,5.368005,4.5760136,6.3389287,5.4810038,5.368154,6.640808,4.9550195,5.86731,5.6297336,5.9012623,6.5918717,4.9964767,4.5938644
2012-05-16 12:00:00,4.4464207,4.4327574,4.666449,4.8041677,4.8637023,6.430813,4.5727644,5.3908663,5.5904937,5.598069,5.217107,4.8912406,5.237909,4.62375,6.5884504,4.428465,4.7075515,5.20943,5.6710644,4.843485,6.046756,5.055716,4.936171,4.302909,5.0000315,4.5306525,5.0670695,5.229903,4.7160735,4.8065133
2012-06-16 00:00:00,4.641388,4.999127,4.8870683,4.6791444,4.7058206,5.3108225,4.617123,5.0748987,5.127551,4.991301,4.583382,4.837349,4.666175,4.636459,4.607583,4.893092,4.86062,4.840276,4.4223967,4.708392,5.3164945,4.9429917,5.4221926,4.428221,4.181597,4.4637766,5.0420713,4.4734726,4.467884,4.605474
2012-07-16 12:00:00,4.677577,5.2576017,4.8671827,5.3621407,4.766374,4.7392054,4.5192065,5.0305147,4.6662474,4.7810774,4.7101583,5.20084,4.775695,5.250531,4.372711,4.54905,4.189069,4.6409297,4.699323,4.3423815,4.576995,5.5137115,4.916508,4.4632883,4.8166375,4.811682,4.359783,5.610059,4.9421096,4.160484
2012-08-16 12:00:00,4.8973975,5.3229113,4.839865,5.20652,5.0525575,5.0811563,5.836779,5.899962,4.877026,5.110374,5.460107,4.7617555,5.3695383,4.7801123,4.9532776,5.098587,4.8612814,4.895047,5.074856,4.8180456,5.286737,5.0373054,5.022395,5.004917,5.5225897,5.117951,4.9567604,5.2267194,4.705488,5.0528307
2012-09-16 00:00:00,5.6166525,5.677382,5.270541,6.1077476,5.293082,5.971399,5.2999167,5.265751,5.059623,5.8448343,6.3843064,5.2543535,5.9199944,5.303939,5.5606585,6.4190965,5.218112,5.930314,5.5134625,5.5901666,6.036527,6.010849,4.963044,5.490776,5.9191117,5.6725054,6.1602035,5.4147453,5.333496,5.6415606
2012-10-16 12:00:00,5.5602255,5.805792,6.445913,6.1322317,6.2412853,5.657091,6.1878476,5.2472486,5.4333963,6.023591,6.2351937,6.053554,6.1277633,5.900434,5.2620473,5.7683268,5.164835,6.037244,5.5694323,5.3238883,6.2014837,5.6523137,5.376966,5.633531,5.387404,6.064382,5.3000684,6.1269674,5.37831,5.55329
2012-11-16 00:00:00,6.1362286,5.7144985,5.973783,6.4258337,5.4653955,6.2207465,5.945937,5.732282,4.7860146,5.215702,5.416897,6.6746073,5.884576,5.772972,5.522302,5.57429,5.452814,5.4126143,5.4445043,6.158713,5.907495,5.757413,5.00699,5.6868157,6.284335,5.904874,5.4632683,5.1491823,5.2694097,5.7467113
2012-12-16 12:00:00,5.493869,5.025714,5.2257876,5.54468,6.055353,5.563585,5.4540625,4.833008,5.73966,5.343684,5.3644433,5.178892,6.155713,4.968721,6.0221577,5.3118773,5.645657,5.4966407,5.801679,5.7817965,5.9523478,5.5266294,5.7605815,5.3638306,5.5228953,5.8858905,5.8625565,5.191044,5.0788126,4.840274
2013-01-16 12:00:00,5.159166,5.658765,5.3930807,5.627578,6.017441,5.6991997,5.225924,6.190094,5.3119674,6.0497646,5.3200936,5.2681246,5.3041553,6.0959516,5.766059,5.498675,5.7787423,6.2566576,6.0872254,5.6040792,6.3297033,6.285229,5.6107926,5.391828,4.93059,5.6060977,6.3307266,6.189147,5.5172644,5.792741
2013-02-15 00:00:00,5.391749,5.584409,5.829023,5.3037696,5.581513,4.7578835,5.6701007,5.968133,5.420314,5.6377654,5.5478363,5.680008,5.095659,5.0402174,5.740354,6.263509,6.670339,5.1096973,6.0888925,5.1657476,5.2469316,5.7363725,5.0502806,6.2850347,5.036128,5.9763947,5.217908,6.050782,5.637034,5.627465
2013-03-16 12:00:00,6.6412783,6.2717056,5.61661,5.9735284,6.0235987,5.413839,5.463485,5.529985,5.700529,5.8873177,5.120754,5.401146,4.8583307,5.268981,5.169448,4.851377,5.7717514,5.8236794,5.765791,6.078435,5.087759,4.6426306,4.8639593,6.371174,6.142997,5.575737,4.8288765,5.3762712,6.1831837,6.7183867
2013-04-16 00:00:00,6.6181426,5.9109116,5.5829687,5.3926945,6.968564,5.356101,5.179689,5.607141,5.7900834,5.6128373,5.354345,4.890382,5.34427,4.588477,4.9185457,4.572056,5.891916,4.945971,5.5816603,5.4053183,5.087988,4.883175,5.0434732,6.1625223,5.2966104,4.84167,4.924732,5.488011,6.6138215,6.438494
2013-05-16 12:00:00,5.028454,5.284196,4.782274,4.421818,6.270566,5.1666183,4.394723,4.4418707,4.516525,5.3809547,5.2273736,4.969011,5.0438447,4.856298,4.932222,5.2722735,5.6060753,4.750095,4.343083,5.312311,4.4259715,5.009855,4.9645934,4.7021494,4.630961,5.0219316,5.060984,5.0099516,5.845591,4.7967567
2013-06-16 00:00:00,4.9654393,4.8583117,5.487427,4.551763,4.6528573,4.4642653,4.5056562,4.4943633,4.452721,5.0589123,5.34595,5.0927186,5.0300455,5.890167,4.51074,4.912083,5.0276823,4.8562613,5.7774343,4.9539533,4.340923,4.879683,4.4195557,4.454309,4.588986,4.7511635,4.8904233,5.122939,4.682574,5.1723533
2013-07-16 12:00:00,4.936948,4.784429,4.611477,4.5062547,5.325882,4.590945,4.5813627,4.7712812,4.442708,4.7946825,5.461735,4.977197,5.1421714,5.023172,4.9624395,4.543933,4.5165887,5.397555,4.8331323,4.923539,4.324024,4.6630177,4.7393775,4.4686613,4.565396,5.2047415,4.8590612,4.800387,4.602989,4.3701673
2013-08-16 12:00:00,5.521426,4.4300995,4.869629,5.8849754,4.764582,4.9435577,5.3277264,5.084913,4.843951,5.742257,5.1622496,6.0355706,5.0000844,5.05433,5.432341,4.8045073,5.0290155,5.752242,4.731042,5.535455,5.009457,5.0361238,5.617357,4.4617286,4.952862,5.0318623,5.0670767,5.082677,5.3961196,5.2575808
2013-09-16 00:00:00,5.7479434,5.373067,5.5325403,5.936507,5.910299,6.120088,6.0513935,6.8246946,5.595285,6.4306703,6.0443006,6.66038,5.581908,5.6952124,5.0512695,5.6027427,5.653334,6.0765443,5.5428905,5.389476,5.933001,5.6453104,5.575124,6.2144613,6.764102,5.689389,6.335477,5.8709764,5.58681,6.4570465
2013-10-16 12:00:00,6.1864147,5.9630356,5.5993605,5.3059616,5.4323716,5.716597,5.637595,5.918111,5.7015,5.6702113,5.2979174,5.724996,6.210622,5.5499983,5.180201,5.7882347,5.481808,6.098489,5.7715545,5.6641426,6.163348,6.186447,5.8932242,5.8094726,6.3786345,5.940717,5.6579976,5.2847724,5.5011773,5.505511
2013-11-16 00:00:00,5.589677,5.15749,5.6726465,5.481963,5.4134946,5.8643885,4.535272,4.8115983,5.8675284,5.250436,6.5147104,6.04107,5.170869,5.471669,4.7460823,5.898988,5.3615117,5.4197936,6.1859665,5.4608774,5.347199,5.969261,5.6570663,5.0885077,5.607982,5.5725584,4.9274917,5.628554,5.591874,5.2222967
2013-12-16 12:00:00,5.2732553,4.982728,6.29035,5.8026724,5.381293,5.4399734,5.748523,4.901185,5.6344123,5.576398,5.5807166,5.7065263,5.366417,4.9205885,5.428673,5.5027366,5.7277784,5.720689,5.0535254,5.8674464,5.804454,5.925803,5.510689,5.086936,5.902148,5.348281,5.637723,6.2290745,5.5072274,5.7432175
2014-01-16 12:00:00,5.5071297,5.2892294,6.511873,5.928042,6.0989237,5.460643,5.448077,5.229438,5.229724,4.768757,5.1836333,6.5935125,6.493285,5.185153,4.312991,5.579631,5.851064,5.958092,5.4585876,6.1500816,6.115383,5.445032,5.9792395,6.3342767,6.733762,5.041354,6.007196,5.9304795,5.667585,5.7831244
2014-02-15 00:00:00,5.6353464,5.344548,6.3971496,5.4596124,7.468127,5.251547,6.3988647,5.3513536,6.5579424,4.6262755,4.921576,5.9320908,5.1019883,5.6979003,5.722429,5.205152,5.2430553,6.028079,5.2972045,5.9357877,6.137436,6.052236,6.2163954,5.673661,5.611827,6.107506,5.5868974,6.3070846,5.154867,5.475918
2014-03-16 12:00:00,6.070903,5.536704,6.0585203,6.2347937,6.3959684,5.231076,4.800111,5.0960193,4.688747,4.865275,5.4210434,6.089175,5.043366,5.392585,5.284334,5.0049524,5.316415,6.2560935,5.612733,5.889243,5.2426643,5.9803762,6.139909,6.101859,5.9164114,5.799143,6.5313387,5.179351,6.060912,5.3024006
2014-04-16 00:00:00,7.0207763,4.782827,4.4376745,4.8452654,5.8132567,5.0348396,6.0839863,5.381476,5.2471914,4.9779434,5.391291,5.636331,5.0490417,5.6420584,4.687436,5.035488,5.898567,6.5813494,5.003354,5.4473314,5.1380167,4.7812905,6.8919935,5.8461146,5.525191,6.2033305,5.5967317,5.7213993,5.568629,5.048729
2014-05-16 12:00:00,5.437677,5.212392,5.042796,4.488109,5.6410227,4.860539,5.7157106,4.7383637,4.6651373,5.266683,5.3670454,4.3439474,4.740638,4.7058043,4.6492934,5.1340094,4.542932,4.796478,5.056464,4.913653,5.333628,4.8428698,5.2484145,5.105092,5.9039955,5.589608,5.054302,4.8918037,4.453634,4.34904
2014-06-16 00:00:00,4.3343925,4.941289,4.6262937,4.7270374,5.5656586,4.681031,5.196183,4.7314863,4.823395,5.2580996,4.8787484,4.964057,4.036082,4.6773324,4.48518,4.681676,4.6705017,4.458374,4.5602937,4.725089,5.0050244,4.6086726,5.146323,4.8335595,4.6293745,4.715545,4.5051107,4.876335,4.5362515,5.183293
2014-07-16 12:00:00,4.658367,4.607008,5.1280293,4.567083,4.5652437,4.69831,4.3540936,4.585104,3.8891761,4.2170234,5.6232047,5.1707735,4.8369675,4.2572985,4.80254,5.74368,4.515898,4.9631066,4.978855,4.503999,4.3039927,4.3426085,4.2522078,4.7579846,5.234202,4.3760567,5.1301174,4.663099,4.7841353,4.892884
2014-08-16 12:00:00,5.3438606,5.7324057,5.155628,5.515213,5.424871,5.127716,5.767659,4.8224163,5.3679533,5.0231767,5.0694366,5.136448,4.2562866,4.6762285,5.4727507,5.7819633,6.078748,5.404537,5.1465874,4.9257402,5.3206434,4.9790993,4.531983,4.8573394,5.255192,4.5733004,4.5162816,5.0178328,5.2290506,5.582444
2014-09-16 00:00:00,6.3502455,5.3083086,5.337984,5.783708,6.248169,5.1348977,5.723395,6.006528,5.88342,6.7344513,5.5035396,5.7797546,6.360078,5.48153,5.908206,5.7446237,6.5584207,5.480529,5.682421,5.906552,5.4264107,5.7795615,5.935502,5.7335534,6.0401187,6.3341208,5.796149,6.2267995,5.3709846,5.54613
2014-10-16 12:00:00,6.106023,6.1092515,5.4105897,5.277188,5.9854946,6.3634477,5.7762747,6.1753836,5.863406,5.8116693,5.3110743,5.744036,5.3010073,5.458936,5.3769894,5.999545,5.2233286,6.0810485,5.4115458,6.094671,5.3277793,5.6054854,5.320646,5.822989,6.379063,6.3508043,6.0469522,5.3154593,5.068722,6.0122094
2014-11-16 00:00:00,6.3693633,5.329548,5.400064,5.5219083,5.7416325,5.5347342,5.8947687,5.818975,5.5213695,5.8308105,5.663419,5.8197546,5.3215766,5.8205185,5.662178,5.633395,5.7373123,5.7951365,5.210309,5.5157676,6.3427267,6.0014267,5.2640405,6.4440355,6.886855,6.2355094,5.571218,5.8620806,5.2086687,5.414541
2014-12-16 12:00:00,6.315182,5.667018,5.9817405,6.012336,6.1881332,5.782865,5.31893,5.3376884,5.078946,5.2853875,6.069631,5.2539034,5.810666,5.2017503,5.2586684,5.235129,5.563793,4.9905367,5.525921,5.5628257,5.929387,5.893325,5.2245207,5.7580714,5.180605,6.050294,5.933197,6.098647,5.602091,5.2783637
