time,r1i1p1f1,r2i1p1f1,r5i1p1f1,r4i1p1f1,r3i1p1f1,r7i1p1f1,r6i1p1f1,r9i1p1f1,r10i1p1f1,r8i1p1f1,r1i1p3f1,r10i1p3f1,r2i1p3f1,r3i1p3f1,r9i1p3f1,r8i1p3f1,r4i1p3f1,r5i1p3f1,r6i1p3f1,r102i1p1f1,r101i1p1f1,r3i1p1f3,r5i1p1f2,r10i1p1f2,r11i1p1f2,r4i1p1f2,r9i1p1f2,r6i1p1f2,r7i1p1f2,r8i1p1f2,r3i1p1f2,r2i1p1f3,r4i1p1f3,r5i1p1f3,r1i1p1f2,r2i1p1f2,r1i1p1f3,r3i1p5f1,r6i1p5f1,r10i1p5f1,r7i1p5f1,r8i1p5f1,r2i1p5f1,r4i1p5f1,r1i1p5f1,r9i1p5f1
2000-01-16 12:00:00,5.266599,5.87774,5.661197,5.881546,6.5404224,5.6406155,5.1696754,5.373569,5.1212506,5.6410336,5.193384,5.525713,5.900613,6.538671,5.3924856,5.632261,5.799122,4.8342953,5.900181,5.764925,5.9620385,5.8349433,5.487682,5.2208185,5.5695744,4.8424807,5.0261593,5.3978705,5.994378,5.6707587,5.7455273,5.5842996,6.2432795,6.2130084,5.8005657,5.463974,6.1977787,6.055274,6.346872,5.5485516,6.0539494,6.013745,5.908826,5.858881,5.721365,5.5131245
2000-02-15 00:00:00,5.3736954,5.710091,5.1742816,5.862533,5.696881,5.878788,4.6688647,4.918401,5.4299283,5.3447204,5.8961487,6.0508776,6.284672,5.8601475,5.3722577,5.50827,5.294674,5.6572614,5.80074,5.265653,6.033002,5.520479,5.553819,5.3655133,5.502364,5.3368845,5.2739277,5.1184716,6.0720096,5.711042,6.2314005,6.2666574,5.218407,6.276166,5.15111,5.3128643,5.248303,6.0065928,5.2109814,6.183075,5.336056,5.2314067,5.395724,6.3519797,6.027722,5.621598
2000-03-16 12:00:00,5.290205,4.9038424,5.218705,5.6444716,5.6956177,5.401764,5.2911587,6.82113,5.9204764,5.7827992,5.595324,5.5348597,4.904232,6.092186,5.020653,5.0201893,5.8993487,5.5028777,5.0150623,5.7691784,5.4024353,6.146292,5.7431283,5.162286,5.1798553,5.694016,5.5008016,5.395669,5.369084,5.3544736,6.608427,5.7152395,5.099334,5.3545184,4.8539104,5.886394,5.661169,6.2408667,6.0679607,4.748438,6.2405367,5.2696743,5.0983615,5.597207,5.459301,5.6598697
2000-04-16 00:00:00,5.3524384,5.212539,5.260808,6.601245,5.528216,5.44885,5.4080877,5.506098,4.9584737,5.2894983,5.665034,6.3088493,5.773673,5.429959,5.6157913,5.4137435,5.5489883,6.13597,5.801893,5.332758,5.5571647,5.847701,6.046402,5.208797,5.1735907,5.179139,5.335952,5.4579983,4.9138565,5.9675975,5.46739,5.7465854,5.594755,5.7024765,5.315857,5.29109,5.3748875,6.0051355,5.038012,5.3629227,5.3566933,5.2271457,5.6478114,5.354761,5.352512,5.598016
2000-05-16 12:00:00,4.9167876,4.5315714,5.3278666,5.5740576,5.2040796,5.2340198,5.063563,5.3012214,5.6447973,5.2241898,4.8958707,4.908112,5.064455,5.792735,5.3255825,5.668931,5.373405,5.380162,5.074518,4.9498425,5.910093,4.8463736,5.0097485,5.5371747,5.252458,4.830243,5.4950824,5.8755913,5.4933224,5.739662,5.678032,5.3884954,5.4694586,4.924735,6.037281,5.294367,5.563784,5.30381,4.998269,5.512125,5.5429263,5.698512,5.808546,5.346285,4.588518,6.008198
2000-06-16 00:00:00,4.5563893,4.6999283,5.804888,4.755563,5.2664814,4.1102085,4.908459,4.9073553,5.1442814,5.89715,4.8459973,4.9970627,4.4922647,5.3372536,4.8236837,4.637669,5.7353654,4.8970575,4.7759686,5.1051884,4.5136547,4.634338,4.963071,4.8734217,5.3303614,5.075746,5.4734316,4.6724854,5.6369686,5.033978,4.489323,4.6965766,4.9685874,5.029986,5.5790453,4.7117105,5.4509683,5.631714,4.6597304,4.3875675,5.0392737,5.003464,5.360807,5.0105195,4.627234,5.193384
2000-07-16 12:00:00,4.0887885,4.963017,5.132036,4.5586753,5.1307664,4.4981904,4.9205265,4.5245905,4.273532,4.645651,4.5014744,4.029042,5.0185623,5.0006275,4.9128027,4.671775,5.130756,5.0400515,5.353112,5.114416,5.5634108,4.7014675,5.086379,5.339413,4.521971,5.2136993,5.006574,5.044112,5.1167755,5.0605907,5.359001,4.7996926,4.852547,4.7026157,4.8069406,4.835818,4.6560006,5.263136,5.2385387,4.4862566,5.0108194,5.529268,4.7518344,4.6856112,4.473742,5.5665183
2000-08-16 12:00:00,4.756656,4.5123334,5.191398,4.7134686,4.6824417,4.874064,5.1008735,4.803377,5.3868365,5.725512,4.7649546,5.0588803,4.596807,5.316823,5.2175536,4.9978085,4.829883,4.9315333,4.6976833,5.3888803,4.732622,4.535105,4.799313,4.87518,5.352813,5.9406753,4.9923606,4.829496,4.9255204,5.110676,5.2959347,4.8833933,4.7646503,4.642893,5.218566,5.5571256,5.234476,5.063675,4.717581,5.287441,4.8704376,4.850746,4.7631664,4.954817,5.1732755,5.1344876
2000-09-16 00:00:00,5.871364,5.866139,5.265497,5.569131,5.9284377,5.3768287,5.8684254,6.036861,4.9607224,6.3147893,5.2992654,5.1651382,5.3305545,5.3858976,5.3876166,5.3331475,5.3318634,5.3512964,5.0466,5.354586,4.8250723,5.2589283,5.0881033,5.091709,5.870987,5.3185434,5.278391,5.659085,6.0418367,5.428495,5.888786,5.964228,5.37142,5.9368954,5.3016534,5.634732,5.859603,5.1933813,5.6249986,5.9457493,5.2964144,5.295591,5.3632374,5.5000935,4.8950377,5.420844
2000-10-16 12:00:00,5.4882326,6.2886486,6.107755,5.484426,5.774241,5.375012,5.95731,5.4577026,6.1088657,5.604087,5.8327866,5.52482,5.7321014,6.2675757,6.017953,5.1921396,5.5578437,5.538605,5.347117,6.0180655,6.0463157,6.279222,5.6627893,5.0899906,5.941989,6.2910275,6.1654873,6.0315495,5.095907,5.825288,5.3808994,6.182785,5.95699,5.64589,5.9257116,5.8584585,5.5966797,5.81934,5.3515406,5.5766897,5.756377,6.3877287,5.332395,6.1494274,6.6658506,5.5624485
2000-11-16 00:00:00,6.128551,6.224014,6.0208273,5.7541018,5.2650623,6.378076,6.3017263,5.449357,5.903691,6.0455036,6.2290583,6.7179136,5.6417418,5.5658264,6.4814672,5.4401846,5.85298,6.704461,5.7824435,5.3688025,5.91482,6.4089637,5.3327928,5.7652936,5.7340183,5.8531027,5.6959743,5.791615,5.6764965,5.9656663,5.0719585,5.893076,5.724583,5.7700553,5.6782093,5.359168,5.674313,6.9668865,7.355716,6.1270843,6.313383,5.8295,4.954095,6.550825,5.3540354,6.462592
2000-12-16 12:00:00,6.521257,5.1784906,5.7727304,5.2310367,5.17408,6.2981286,6.187772,6.0714593,5.655086,5.7211456,5.9317102,6.1755576,5.426166,5.512928,5.166197,5.892756,6.0200453,5.365435,5.359434,5.4205465,5.89892,5.1341767,5.379031,5.8626604,5.3024917,5.2637515,6.1486645,5.8911915,6.278349,5.112215,5.6910477,5.7131414,5.774961,5.625342,5.641427,5.519078,4.9043937,5.8986077,7.0262265,5.668224,6.166653,5.8520613,6.21756,6.1949377,5.629179,6.070818
2001-01-16 12:00:00,5.1620607,5.6446233,5.9486823,5.718161,5.5695863,5.4608927,6.385351,5.722728,5.5931244,5.457758,5.953247,5.485929,6.2992563,6.354236,5.5881033,4.754185,5.0907354,6.1793156,5.924478,5.7270374,5.7614117,5.871276,5.5068326,6.1891656,5.540814,5.2370834,5.88493,6.094509,5.5206137,6.089097,6.0232415,5.8848276,5.5024896,5.1616116,5.3916974,5.445209,5.4701376,6.2548227,6.0813904,6.316752,5.449295,5.4966335,5.2487545,5.8769903,6.1454096,5.7862577
2001-02-15 00:00:00,6.1642303,6.1071405,5.3594785,5.885886,5.481139,6.2524853,5.5331016,5.4377766,5.843409,5.894487,6.3469334,5.9265943,5.481943,6.5991836,5.6348147,6.196527,5.839469,5.9796042,5.785847,5.664298,5.7236347,5.989009,5.6749253,4.786905,5.595767,5.1364155,6.2471256,5.191524,5.480845,4.97445,5.2853518,5.810198,5.8270993,5.261978,5.985502,5.297965,5.36757,5.528233,5.723528,6.3068614,5.7365932,5.7516007,5.46753,5.9045434,5.400229,5.5421305
2001-03-16 12:00:00,5.964893,5.196879,5.838437,5.5929956,5.9196153,5.834028,5.6173725,5.067912,5.5316963,5.1765203,6.1244082,5.188502,5.124705,5.4348545,5.8879538,5.5008125,5.3882236,5.188199,5.915871,5.521409,5.752767,5.3422937,5.4892673,5.1024213,5.5664163,5.387737,5.700312,5.551557,5.3268757,4.955718,5.5905704,5.3016677,4.970383,5.377633,5.022522,5.943228,5.3732862,5.2846503,5.6717234,5.2938747,5.859588,6.0967,5.7355595,4.9248905,5.3805747,5.3130026
2001-04-16 00:00:00,5.364479,5.0482373,5.291502,5.6241984,5.734182,4.9986906,6.000572,5.089352,4.8719134,4.8660836,5.360415,5.460668,5.4338155,6.626083,4.935747,5.556199,5.504601,5.6854486,5.451499,5.566907,5.692596,5.2668405,4.749094,5.9006915,5.2882547,5.56091,6.513345,4.94199,5.6074924,4.9894094,5.027416,5.4313126,5.3432064,5.419958,5.194676,5.094469,4.906189,5.1673326,5.511321,5.2526145,5.5201163,5.563036,5.2698417,5.4791484,4.9033074,5.4466457
2001-05-16 12:00:00,5.1642737,5.386671,4.9892426,5.4700775,4.987022,4.810953,4.9702187,5.7297277,5.32233,5.252222,5.320282,5.186093,5.4831643,4.668923,5.1632757,5.149035,4.8547063,5.8232856,5.2867346,5.663332,5.2015514,5.353214,4.7369285,5.2718716,4.6629305,5.6355724,5.5207934,5.141814,6.0351973,4.921151,5.6554785,6.0970335,4.94159,5.1197457,5.35128,5.3364444,5.2347436,5.234324,4.9992557,5.826167,5.2755427,5.432497,5.6303234,5.7678685,5.3353415,5.7343893
2001-06-16 00:00:00,4.6260395,5.4364605,5.3478484,4.810679,5.666736,4.699979,5.8104,4.7281246,4.667692,4.7079926,4.6573157,5.3982306,4.772584,5.597557,4.790424,4.1975727,4.870883,4.7739654,4.8821673,5.984609,5.178194,4.480854,5.2462387,4.8980255,4.8830447,5.101905,4.873628,5.1949973,5.4388046,5.137064,4.767786,4.983623,4.503324,4.8381586,5.3444934,4.9893513,4.354292,5.261678,4.508684,5.340256,4.8569098,5.3501334,5.581806,5.709816,5.1927633,5.2677884
2001-07-16 12:00:00,5.4462337,5.002323,4.7558136,4.4282703,5.416411,4.551488,5.5806003,5.313795,4.250362,4.6081214,5.306795,4.7113886,5.4383774,5.486778,4.6018624,4.7756834,5.061977,5.112357,4.8591423,5.0302367,4.5780463,5.4576902,5.48776,5.212421,5.282789,4.2875504,4.902363,5.0456653,4.6292925,4.5580606,4.5310783,4.9932795,4.6295896,4.382966,5.0250072,4.3670263,4.7101874,4.5361633,4.9473677,5.5877905,4.541479,5.3005443,4.603226,4.390215,4.829108,4.75593
2001-08-16 12:00:00,4.9457746,5.1836014,4.9596477,5.0324535,5.3018436,4.605665,5.6267414,5.9291897,5.3606434,5.2739096,5.5373497,5.3640656,5.4234543,5.098438,5.525454,4.8646827,4.9922886,5.124203,4.7986507,5.2932086,5.740964,4.872196,5.15827,5.5589795,4.870592,4.5915203,5.1101856,4.8388376,4.841673,4.945681,4.892931,4.9580555,4.7318306,4.2481456,5.07626,4.6488786,5.4947453,4.7987146,4.6203156,5.3351574,4.8561535,4.5821924,5.1479526,4.790916,4.917682,5.1063333
2001-09-16 00:00:00,5.229335,4.736541,5.236092,4.993661,4.949692,4.939395,5.3394227,5.223839,5.7858753,5.408119,5.3817134,5.5281644,5.4441886,5.3030944,5.356577,5.1316366,5.185684,5.5261006,5.3467054,5.458314,5.326088,5.926672,5.345274,5.261227,5.3702884,6.275239,5.11025,5.585924,5.615316,5.6871824,5.551932,6.045019,5.6160607,5.346551,5.2925196,5.63433,5.6624303,5.0135865,5.0217586,4.9328556,5.3660135,5.7603397,5.0312333,6.065212,5.5780606,5.5846667
2001-10-16 12:00:00,6.202085,5.489003,6.4329596,5.672415,5.763853,6.235502,6.2058854,6.2995815,5.779153,5.5541096,5.8231564,6.0768986,5.3155427,6.580816,5.6860843,5.6819715,5.7957497,6.160177,5.3663716,5.689472,5.687039,5.8586326,5.9835353,5.7858624,5.5618753,6.0561347,5.702262,5.217513,5.3023825,5.664904,5.5848556,6.0576954,6.063236,5.64589,5.8536205,5.8130245,5.9273705,5.847184,5.6176553,5.892429,5.706517,6.067967,5.995545,6.6789985,5.915914,5.923882
2001-11-16 00:00:00,5.4495325,5.1712856,5.456092,6.028428,5.829237,5.7375617,5.449235,6.0375085,6.416563,6.7959347,5.942336,6.200953,5.648841,5.571872,5.831421,6.3176923,6.205149,5.672093,5.25664,5.7297845,6.122561,6.296049,5.4114532,5.298756,6.0196533,5.7747293,5.421418,6.1450553,5.7672358,6.022566,5.7156744,5.43888,5.6443653,5.5264096,5.3669086,5.920557,5.2417808,5.3688383,6.623308,6.0920033,6.0939,5.7135143,6.1264153,5.870154,6.1833444,6.3757343
2001-12-16 12:00:00,5.124403,5.560568,5.6978216,6.0728993,5.9425235,6.157264,5.5330133,5.6209927,5.651351,6.1028314,4.9601398,5.5125613,5.5161414,5.8010383,6.7369685,6.394799,5.644538,6.1226516,5.88969,5.760511,5.822933,5.3792977,5.462647,5.8527184,6.1673546,5.7749853,6.0356903,5.650033,5.500506,5.5382075,5.753659,6.443518,6.1773257,5.876601,5.832179,5.3324385,5.873531,6.046883,5.7576165,5.9313774,5.741914,5.6167912,6.0624304,5.637432,5.828152,5.6944795
2002-01-16 12:00:00,5.3377666,5.528055,4.950516,5.654576,5.777682,5.579793,6.3351808,5.7387295,5.3944483,5.585071,6.448286,5.305169,5.781945,5.5032673,5.6777263,5.686902,5.6977057,6.5361576,5.9464626,5.7805996,5.3122597,5.543314,5.4519854,5.458473,5.3085,5.788891,5.8336997,5.78436,5.0521207,5.223831,5.145826,5.125593,5.578938,5.7339945,6.0263987,5.5330224,5.1329184,6.581251,6.5160136,5.71144,5.557312,5.8318095,5.4313736,5.694563,5.7622385,5.93422
2002-02-15 00:00:00,5.485612,5.692636,5.1067243,5.1633782,5.40674,5.463814,5.9513745,5.786421,5.494473,5.9234076,5.3574204,5.961175,6.3348455,6.655201,5.9648676,4.8700695,5.986362,6.2867403,4.838801,5.845866,6.8503704,5.6566854,5.2947745,6.159178,5.3780823,6.101862,5.3678074,5.767969,6.0129905,5.6029754,5.8998775,6.0705643,5.435642,5.2030306,5.801664,5.398725,4.948321,6.1134787,6.118885,5.5620084,5.629097,5.924685,5.709861,5.7226334,5.042921,5.407483
2002-03-16 12:00:00,5.191274,5.8443623,5.377785,5.309255,5.6371264,5.9101915,5.720189,5.535314,5.9827323,5.658104,5.338933,5.3560224,5.6978583,4.8377056,5.3175907,4.8191743,5.6435494,5.378184,5.126692,5.564503,5.8380136,5.4579654,5.1626887,5.156439,5.1108403,5.4963555,6.284807,5.247751,5.44999,5.8508606,5.0967946,6.0689282,4.728866,6.0094213,5.276684,5.872852,5.9605126,5.561086,5.368201,5.481676,6.010681,5.502912,5.403769,5.8907623,5.3638363,5.5187964
2002-04-16 00:00:00,5.7718215,5.362258,5.1053457,5.732931,5.217658,5.42811,7.052512,5.4116,5.4973497,5.407557,5.5999002,4.963892,5.172157,5.458804,5.6204734,5.3313994,5.4147425,5.7462277,5.032186,5.0137277,5.183096,4.856129,5.2069964,5.6979804,5.838308,6.2610097,5.859245,5.4801803,6.015295,5.425752,5.536582,5.814192,5.7443385,6.4324164,4.964508,5.0692167,4.822911,6.1019983,5.765843,5.6721253,5.455235,6.2657423,4.82773,6.141744,5.4608893,5.6229486
2002-05-16 12:00:00,5.696165,5.783167,5.484487,5.8757224,5.235979,6.249161,5.6707196,4.9857206,4.6248646,4.6291065,5.0452337,5.2317653,5.52275,5.0753536,5.4064765,5.513272,5.108944,6.0948205,4.5054483,5.9811516,4.935019,5.4209814,5.507471,5.5798244,5.366091,5.7240925,5.5807486,5.07029,5.474955,5.1789017,5.421906,5.527433,4.9567366,5.08968,5.2844787,5.281502,5.194565,5.498096,5.6618485,4.9351435,5.0858846,5.8418503,5.1502705,5.259701,5.0595126,5.233551
2002-06-16 00:00:00,4.3866076,4.948893,4.823492,4.984461,5.5582995,5.93465,5.0607677,4.4022427,5.0689445,4.6163507,4.827309,4.9227543,4.352952,5.081363,4.3568635,4.9197354,4.662527,5.022505,4.455484,4.716496,5.25885,5.181257,5.6362133,5.766923,5.2800956,5.162985,5.0699487,5.3247056,4.870222,4.918685,4.841436,4.457861,5.1203876,5.2237635,4.762729,5.249685,5.184348,4.923913,5.6345906,4.7065377,5.4445047,5.628856,4.921634,4.991943,5.639017,5.1006413
2002-07-16 12:00:00,5.2906876,5.164955,4.4501133,5.132594,4.706777,4.5188622,4.6163096,5.3257318,4.4335775,5.119166,4.6719546,4.8519807,4.3263116,5.42409,5.0118246,4.7977448,4.8425927,5.3016195,4.8370943,4.6933985,4.9799824,4.71551,4.503357,5.056196,5.4152255,4.935244,4.1797886,4.8400764,4.7333508,6.064438,5.585968,5.1756444,5.154094,4.451376,4.898852,4.90876,5.0898075,5.293713,4.6450644,4.7142835,4.562066,4.4928207,4.992922,4.960266,5.013561,4.334593
2002-08-16 12:00:00,4.9951763,5.5640078,5.3943667,5.23948,4.927277,5.373539,5.443867,5.4294543,4.5859966,5.27933,4.4355936,4.7719183,4.770479,5.2947774,5.3163095,5.2174973,4.6001053,4.730448,4.141448,5.436103,5.120096,5.100399,5.505804,5.18883,5.3486414,4.958904,4.5046673,5.648613,4.7789154,5.5737753,5.4378104,4.553683,5.154379,4.950978,4.5887113,4.6094494,4.913243,4.9855475,5.569998,5.068472,4.7377925,4.282709,4.714051,4.699551,5.0742693,4.8799253
2002-09-16 00:00:00,5.871624,6.2405434,5.521526,5.391279,4.947002,5.3682904,5.6990356,5.9465833,5.799985,5.3213153,5.2385936,5.4389052,5.403417,5.8650417,5.213589,5.721369,5.327321,5.260321,5.3474226,6.013823,5.4210534,6.31821,5.662495,5.1552877,4.9075894,5.328121,5.8248205,5.293844,5.818115,5.170459,5.7327266,5.553924,5.2727637,5.7978263,5.3567433,5.65547,5.238059,5.347965,5.108061,5.318117,5.28076,5.313524,5.5140457,5.3142943,6.132192,6.5536003
2002-10-16 12:00:00,5.7651453,5.9346366,5.6404853,6.011251,6.0173383,6.913168,5.6198993,5.3231277,6.095999,5.677636,5.7452197,6.3240466,5.274606,5.569174,6.9898953,5.3105607,5.66146,5.698583,5.7722135,6.0984244,5.082244,5.1554117,5.67569,5.260313,6.504713,5.2803645,5.953886,5.620352,5.2668357,5.95351,5.035963,5.5942097,5.2488856,5.3924704,5.7385817,6.0930333,5.7787504,5.5563827,6.3773036,5.2753544,6.013477,6.5616603,6.019911,5.68282,5.7920556,5.7006564
2002-11-16 00:00:00,5.619097,5.5654664,6.3227367,5.693502,5.7144313,5.7417264,5.4118624,6.1191144,5.731153,5.5495477,6.291158,6.1373234,5.3184457,5.7756968,6.3359203,5.703819,5.7842956,5.3116326,5.6696415,6.209771,6.8918543,5.642089,5.660143,5.81993,5.942846,6.2017775,5.4550977,6.0259457,5.293218,5.9692154,5.5055933,6.090313,6.17589,6.1473913,5.4374547,5.9844556,5.39956,5.6362104,6.005474,5.272725,5.8424397,5.813366,5.8669405,6.0326405,5.941541,6.3002768
2002-12-16 12:00:00,5.7527323,5.2018237,5.980924,5.3597164,5.5996723,5.840704,5.550445,5.2033978,5.1320834,5.5575957,5.563344,5.332372,5.5975113,5.7979383,5.989645,5.343112,5.5388803,6.433428,6.089518,5.6497445,5.628704,5.5477276,6.18003,6.1119366,5.439853,6.1078625,5.5726933,5.3088994,5.521662,6.2385955,5.607893,5.8240237,5.7449827,5.759523,5.9824896,5.3639812,6.2162395,6.821034,5.9963512,6.0630813,5.8443646,5.220717,5.851185,5.5532336,6.5531874,6.342758
2003-01-16 12:00:00,6.427451,5.86737,5.561447,5.4294543,5.3161383,5.9394407,5.1628246,6.13096,5.511688,5.4981666,5.697053,6.024214,5.021916,5.1842303,6.723302,5.175577,5.2771096,5.83152,5.4015965,5.429896,5.543898,5.627498,5.3033743,5.683376,5.1601467,6.021092,5.888216,5.2819653,4.9704914,4.8680477,5.4521875,6.008896,5.5554166,5.5864773,5.323337,5.7701254,5.9407597,5.45629,5.7296753,6.088905,5.9738812,5.8919086,5.7606874,5.9546833,5.718897,5.460819
2003-02-15 00:00:00,5.362781,5.3596864,5.635453,5.262425,5.4931154,5.6720676,5.6051354,5.6268735,5.195325,5.7595696,5.150808,6.0586348,5.3546705,6.2027225,6.205028,5.5924487,5.252473,5.536074,5.84816,5.8257747,5.6879926,5.8582797,5.6922326,5.502479,5.837148,5.531431,4.824525,4.9218683,5.331686,5.131798,5.442565,5.696452,5.8599167,5.7571,5.3017554,5.1761723,5.426066,5.973973,5.689674,5.423886,5.321577,6.0134897,5.502284,5.992613,6.433899,5.648069
2003-03-16 12:00:00,5.8708673,6.1142187,5.6012506,5.0774336,4.8877583,5.300636,4.96658,6.422578,4.949546,5.232931,5.3062263,5.438666,5.466039,5.61377,5.5947475,5.283439,5.1810355,5.80842,5.883961,5.2276897,5.526872,5.79894,5.728627,5.283002,5.695279,6.6145134,5.4213314,5.5527506,5.351866,5.7630625,5.8604975,5.9690533,5.4687576,5.0612817,5.264077,5.473758,4.9153237,5.8868484,5.2810636,5.361521,6.2517285,5.060399,6.1326075,5.366022,5.8206844,5.653342
2003-04-16 00:00:00,5.0985827,5.7608185,5.3688984,5.3092465,6.6415477,5.546937,5.276933,5.327141,5.6411796,5.1127014,5.385496,5.281378,5.563474,5.754099,5.915775,5.2771444,5.0712533,5.397263,5.7965727,5.3700533,5.096094,5.468352,5.4592004,5.615761,5.562681,5.9973936,5.1709137,5.25907,5.18607,6.097934,5.0817337,6.142163,6.134893,5.6052723,6.148122,5.675882,5.3422947,5.2085323,5.510237,6.351672,6.2232504,5.3941555,5.7204003,5.652745,5.5383563,6.238312
2003-05-16 12:00:00,5.351554,5.0799036,5.2185407,5.5657425,5.167815,5.006468,4.879854,5.9550915,6.612964,5.442676,5.493532,5.3001537,5.9099813,4.6735306,5.6586285,4.8498297,4.774156,5.439499,5.352519,5.136005,5.3161716,6.146792,5.108446,5.1953487,5.7375927,5.416674,5.6781807,5.5777,5.4742403,4.7457123,5.9014173,4.956538,5.564136,5.6030326,5.74132,5.2269464,4.935822,5.2422976,5.335545,5.5562196,5.315368,4.9834347,5.3996606,4.930662,5.571458,5.763871
2003-06-16 00:00:00,4.487168,4.4955106,5.1204324,5.818897,5.331732,4.7818975,5.231768,4.9521585,5.599175,4.98899,5.0178943,5.183294,5.61733,5.1466317,4.898012,4.334993,4.701339,4.884723,4.6007676,5.9343934,5.288568,5.547238,4.792618,4.8136086,5.1687617,5.078294,4.22731,4.177415,4.927593,4.4266,4.4362674,4.8265815,5.4184628,5.406458,4.9109554,4.8574924,4.8954773,4.9478893,5.146143,4.3856945,5.21954,5.0872703,4.6367373,4.7069983,4.878458,6.389089
2003-07-16 12:00:00,5.2297897,3.995479,5.4035325,5.4456058,4.8825583,4.7937427,5.2045016,5.271874,5.0867987,4.434279,4.514813,4.906745,4.637314,4.8573346,4.9530954,4.867899,4.395393,4.609571,5.1587524,5.3173766,4.5554385,5.594772,4.635042,5.1857176,5.1097784,5.343748,4.727992,4.2922344,4.5393276,4.914081,4.593626,4.391283,4.7454896,5.4559956,4.5492563,4.6333,4.7942624,4.811735,4.819859,4.3575096,5.246783,4.8068027,4.2478695,5.153797,4.3684287,5.1803293
2003-08-16 12:00:00,4.9624853,4.996267,6.1025953,4.999422,5.011004,5.81336,4.865559,5.067442,4.9758787,5.3426676,5.378017,5.119794,5.175521,5.2172036,5.436337,5.2152443,4.0199256,5.218751,4.288598,5.242037,4.5159235,5.537969,4.1359406,5.2178946,5.3396964,5.1322236,5.2832203,5.1328692,4.4975204,4.680859,4.7165155,4.698608,4.3848767,5.373307,4.865124,5.4223175,5.478998,5.100547,4.861006,4.8404813,5.006702,4.7711773,5.56408,5.136317,5.1625104,4.7522388
2003-09-16 00:00:00,5.059337,6.081385,5.667211,5.9668355,5.8827066,5.83733,5.6996274,6.0819297,5.454727,5.3547916,5.4775968,5.240144,6.106053,5.4599495,5.270693,5.498419,5.307698,5.5033436,5.324795,4.7793317,5.236215,5.4868755,4.949296,6.169245,5.320524,5.489513,5.893499,5.5677958,6.021916,4.705738,5.6092453,5.1684594,5.971555,5.066669,5.297396,5.440808,5.807287,5.0987535,5.378029,5.2231326,5.953859,5.3610535,5.451146,5.313215,5.518399,6.256714
2003-10-16 12:00:00,5.9290714,5.1947727,5.4856167,5.8254023,5.396213,5.4918523,5.6276374,6.344473,5.5221705,5.599647,5.7868457,6.017873,6.5544534,5.2246532,5.674697,6.401948,5.3842587,5.9895267,6.0501623,5.737147,5.570906,6.0357614,5.496557,5.4724193,6.017611,6.124125,5.667102,6.2301693,5.4787564,5.605326,5.586841,5.428232,5.48743,5.464713,5.6196113,5.7354484,6.262113,5.460518,5.7805114,5.425494,6.0751038,6.143015,5.733203,5.275817,5.8776617,5.4156528
2003-11-16 00:00:00,5.7744827,5.53513,6.4551916,6.515621,5.972006,6.0371227,5.8672094,5.822005,5.536527,5.6262994,6.1228466,5.9780197,5.796402,6.4836984,5.893235,5.675325,5.674189,6.226141,5.233799,5.80154,5.71865,5.612312,5.3772926,6.1208596,6.867139,5.9081326,5.6149836,6.161627,5.6816616,5.254404,5.5734706,5.4259295,5.654577,5.556374,5.7145877,5.049944,5.573017,5.828312,6.1451025,5.7291665,5.4017096,6.7897983,5.7839227,6.0696063,6.176654,5.9132
2003-12-16 12:00:00,5.513141,5.517026,5.9516125,5.8923416,5.5788527,5.255868,6.2094064,5.408823,4.68372,6.0870686,5.5991683,5.6971374,5.973444,5.786469,5.866906,5.9601717,6.1104226,6.203379,5.663527,6.0800986,5.942533,5.498981,4.9122033,5.4473443,5.7977557,5.7595716,5.522004,5.784494,5.2675047,5.400713,5.6927786,5.6484623,5.3462615,5.7079926,5.397279,6.128601,5.6484003,5.6177945,5.9149146,5.872343,5.1480536,6.408909,5.8178945,6.0409484,5.8519187,5.778662
2004-01-16 12:00:00,6.173936,5.3463926,6.7914944,5.7461863,5.497328,5.9327445,6.3195386,6.0192585,5.5059414,5.9154444,6.0080957,5.9699545,5.359289,6.5878644,6.4722214,5.9741564,5.799406,5.290829,5.5533996,5.8257403,5.5701504,5.7319336,6.000016,5.395665,5.6048317,6.1591053,5.6211567,4.945756,5.0189037,5.142901,6.2135534,5.7815375,6.2372694,6.099167,5.96515,5.768773,5.859347,5.980665,5.913203,6.3560543,5.716467,5.83205,5.3687267,5.3984594,6.1305227,5.84329
2004-02-15 00:00:00,5.8695364,5.0319324,5.0960784,5.645002,4.8659506,6.9127936,5.103993,5.7332435,6.3348923,5.3781967,5.932579,5.879832,5.6530437,5.8402123,6.0742283,5.321243,6.028539,5.821426,5.6035347,5.4085336,5.2720804,5.652856,6.4628677,5.2062054,5.275138,6.175701,5.788924,5.6230373,6.0348873,5.2722473,5.233405,5.378767,5.8239365,6.600903,5.638394,4.485697,5.8350086,6.2874312,5.71497,5.5127974,5.1178765,5.859008,5.576845,5.919655,5.89633,5.3739953
2004-03-16 12:00:00,5.326021,5.514284,5.550413,5.549447,5.73039,6.0009494,5.575304,5.234461,4.8202286,5.0514135,5.3858576,5.3039474,5.611353,5.504009,5.6981115,5.257154,5.368816,5.6973705,5.419658,5.865509,5.2617145,6.022944,5.7942023,5.5825253,4.9930577,5.999033,6.100533,5.559105,5.506291,4.899815,5.6150656,5.098295,4.821584,6.330078,5.327321,5.5741916,6.02152,6.046002,6.4918995,6.176423,6.174031,5.2444096,5.4721975,5.814854,5.781058,5.545108
2004-04-16 00:00:00,5.4108753,5.1781497,5.2610793,6.210485,5.863447,6.3041196,6.200566,6.0778565,5.487978,5.2075214,5.5414963,5.2069354,5.561007,5.8718457,5.2480326,5.5402226,6.066718,5.479685,5.4551563,4.76795,5.942024,5.0853405,5.305174,5.8833942,5.507039,4.950787,5.07705,5.4294395,6.1577363,5.329894,5.3443413,6.2769403,5.5059876,5.5297766,5.520049,4.9480524,5.5702033,5.476895,5.675297,5.7142596,5.430638,4.813484,5.0955133,5.4094973,5.534889,5.7584324
2004-05-16 12:00:00,4.9163632,4.905501,5.1127877,5.952879,4.934717,5.4831343,5.4136233,4.987963,5.3672366,4.961698,5.5931873,5.1198597,5.1234465,4.718672,5.527464,5.172436,5.610778,5.040536,5.169455,4.9974427,4.893252,5.4586587,5.881815,6.5253935,4.927501,5.3555074,5.2500687,5.613442,6.0061393,5.048289,5.5799375,5.944692,5.5772295,4.7478614,5.5956244,5.076899,5.4849052,6.104621,5.676214,4.9760685,5.288474,5.4408436,5.418072,5.5224066,5.862119,5.5069675
2004-06-16 00:00:00,5.500048,6.389218,4.5926447,5.6570773,4.8899055,5.133358,4.8582816,5.916618,5.938806,5.141314,4.521806,4.898064,5.290697,4.9099264,5.1101294,5.3789163,5.302527,5.1838255,5.1508846,4.6015453,4.4355087,5.5465045,5.4440565,5.176878,4.996813,4.7692,5.4589825,5.3405113,5.557363,4.099867,4.405192,4.674103,5.204343,4.7959414,5.140261,4.7798424,5.510884,5.418067,4.7176967,4.751136,5.1066785,4.7624664,4.7566614,5.048718,4.776023,4.7714252
2004-07-16 12:00:00,5.1711164,5.287325,4.9646897,5.264255,4.860455,4.2597446,5.2622323,5.4153805,4.8644004,4.7695103,4.451901,4.9186115,5.184492,5.1811914,5.152343,4.5620217,4.1053524,5.128601,4.582607,4.9129076,6.0034404,4.5165324,4.387609,5.1015067,4.205205,4.825922,5.4496994,4.9838877,5.240978,5.178203,5.1772256,5.9567976,4.555447,4.7130046,4.8253098,5.011209,5.051344,4.915308,5.17161,5.1038265,4.487988,4.1363277,4.5797634,4.689104,5.204809,5.046208
2004-08-16 12:00:00,5.503925,5.698634,5.2908306,5.089908,5.15402,6.171484,5.4353056,4.81402,5.543789,5.510036,5.730788,5.3177805,5.584295,5.2382345,5.320581,5.3519745,5.367727,5.035069,5.30745,5.391686,4.913451,5.0888376,5.136698,4.933008,4.8363094,5.2185445,5.7883115,5.68009,4.8919244,5.07979,4.9435697,5.173155,4.9408016,4.8655477,5.723238,4.2144036,5.4726214,5.5770397,4.494517,4.7830076,5.0466385,4.9039655,5.082223,5.2318363,4.8430862,5.5929327
2004-09-16 00:00:00,6.004953,4.853636,5.262041,5.7064953,5.5356293,5.1892743,4.997362,5.928172,5.9436893,5.51387,5.2952647,5.889123,5.194843,6.068851,5.856146,5.9981403,5.311594,5.146606,4.734632,5.354667,5.2020307,5.6654396,5.4487686,5.9794326,4.9983683,5.532825,5.322714,5.822342,6.185643,5.298402,5.7431784,5.1888037,5.4477386,5.5511856,5.7601175,5.4205604,5.5144434,5.6295896,6.17329,5.5607486,5.762708,6.0525904,5.4185786,6.15001,5.3050385,5.7192674
2004-10-16 12:00:00,5.5592,6.438299,5.6637945,5.403758,5.8581905,5.970787,5.107105,5.635804,6.093724,5.269937,6.2773733,6.166424,6.141973,6.100971,6.254676,6.6425695,5.6951213,5.7947865,5.621889,5.4851966,5.844127,5.85203,5.388351,5.9358087,5.598425,5.7410955,6.274805,5.2138715,5.9427137,5.79245,5.488142,5.5375824,6.3558598,5.8215656,5.5222144,5.7316217,5.5533195,5.2739167,5.4571066,5.9604926,5.8003974,6.1043315,6.671125,5.857459,5.768804,5.356016
2004-11-16 00:00:00,6.1263967,5.6310434,5.6882877,6.0336223,5.3443384,5.461324,6.389355,5.117145,6.32158,5.524348,6.1674585,5.9648156,5.2722416,6.347314,6.1340613,5.987217,5.278303,5.5966454,5.981119,5.2649055,5.7905474,6.9793596,6.3415256,5.4715023,5.709196,5.634516,6.86877,5.355306,5.87981,5.694491,6.103474,5.692645,5.899534,6.464651,5.1413836,5.5311704,5.461891,6.478276,5.434225,5.1928697,5.640608,5.4569845,6.191946,6.046999,6.3694243,5.5904474
2004-12-16 12:00:00,5.4675894,5.7637844,5.0332093,6.4413996,5.389108,5.0342627,5.5026035,6.84552,5.0070224,5.8246126,5.7799587,5.8752766,6.0060983,5.992452,5.728481,5.7740417,5.6623077,6.115409,6.198324,5.329935,5.7267528,5.3963943,5.5292506,5.4010973,5.646424,5.5335073,5.6010876,6.153268,5.5908613,6.647689,6.1881537,5.1705985,5.9149733,5.562853,5.6940823,6.183547,5.7265363,5.708359,5.7485895,6.3019953,5.560442,5.489945,6.7185435,6.085492,5.1838503,5.6900625
2005-01-16 12:00:00,5.607293,6.0017643,5.387051,5.756486,5.7023816,6.2571373,5.95333,4.9705048,5.280366,5.4788876,6.028997,6.070951,5.8092656,5.9515705,5.810475,5.8984475,5.3679914,5.7318287,5.5244784,5.7367764,5.6467505,6.283442,5.7498264,5.4245844,5.7698703,5.3782873,5.6802163,5.6988816,6.071331,5.9260135,5.2574353,5.565975,5.2056437,5.9353614,5.858485,6.0148697,5.657258,6.4806576,6.178042,5.9772167,6.373804,5.6062484,6.1229353,6.3811693,6.1773005,6.189416
2005-02-15 00:00:00,5.6014113,5.835579,6.148588,5.3279552,5.3205504,5.2248282,6.2643895,5.698242,5.367825,5.5996017,5.829366,5.047098,6.088232,6.0518627,6.098353,5.817822,5.246187,5.8965955,5.7014914,5.0132656,5.183958,5.4560513,5.9229856,5.3616147,5.7693143,5.7288246,6.343811,4.9852047,6.0651126,6.2131386,5.5128655,5.905546,5.3692484,5.8091717,5.9163637,5.393813,5.088462,5.7744327,5.3763056,5.7071295,6.344951,5.369551,6.016733,6.834978,5.6355467,5.7752743
2005-03-16 12:00:00,5.4446163,5.5600944,5.4299498,5.940894,5.2237906,5.933369,5.9762106,5.948411,4.6005836,5.4619975,5.1958423,5.5346246,5.894785,6.8262615,6.024729,5.5560527,5.0071554,5.7218947,5.675899,6.572196,5.844696,6.149096,5.057276,5.3099,4.7227306,5.2262597,5.8125224,5.753954,5.2189617,5.9733143,5.615068,5.4011645,5.845293,5.590821,5.992965,5.9545083,5.3448567,5.271652,5.3200607,5.7713523,5.7109714,5.7219152,5.8285074,6.332048,5.7545943,5.001986
2005-04-16 00:00:00,5.484533,5.3122635,5.26778,5.3984094,5.106127,6.4786787,5.6271486,5.223226,5.1800327,5.7544537,5.335471,5.4253063,5.984399,6.3152018,5.158758,5.338675,5.320059,6.02851,6.6775665,5.7549763,5.508543,5.3420796,5.4066334,5.5087705,5.6653423,6.2919736,5.3245034,5.078329,5.5980573,5.5055575,4.8752813,4.580839,5.7013044,5.652843,5.3421044,5.3564734,5.0405393,4.9050736,5.3195496,5.4808373,5.7217655,5.73451,5.525652,4.990689,5.372296,5.558597
2005-05-16 12:00:00,5.204349,5.500704,5.680977,5.3824525,4.8749104,5.3833933,5.559171,4.896259,5.688313,4.947225,5.2525206,4.8378143,5.060925,4.6440735,5.191754,5.8505764,5.6559653,5.1234384,5.1288404,4.636892,5.0814114,5.5359635,5.2220364,5.3244267,5.10256,5.47696,5.655477,5.2219963,5.1263604,5.894727,5.277563,5.12994,5.14419,5.4036407,5.6503005,4.9158096,5.5162616,5.031046,5.4070315,5.6363244,5.6320815,5.9509006,6.153674,5.276383,5.120925,5.0637903
2005-06-16 00:00:00,5.917598,5.097252,5.0126405,4.838139,4.5520825,4.924754,5.2784357,5.3331122,5.20562,5.253198,5.7059197,5.473543,5.1492395,4.919387,4.880036,5.6170793,5.082443,4.5329537,5.7310324,5.1125803,5.1197395,5.167985,5.4463997,5.8811164,4.649595,5.0306573,5.3246613,5.105105,5.1097345,4.9103856,4.76212,4.819058,5.422396,5.5104704,4.761828,5.6753063,4.8827953,4.4014187,5.136878,4.205407,5.3165607,5.408444,5.68517,5.446361,5.3211527,4.4156127
2005-07-16 12:00:00,5.6059475,5.2244024,4.6655893,5.0690393,4.9224353,4.756456,4.93902,4.4199667,5.741541,4.2359304,4.983271,4.99919,5.3473897,5.1145763,5.056534,4.9182224,4.820852,4.7205524,5.0745096,4.5831485,5.0766144,4.987548,4.671319,4.551435,5.4998336,5.835811,5.09865,5.1872506,4.7259283,5.2727423,5.3303995,5.269619,5.0907955,5.117853,5.2678623,5.2512693,5.01302,4.219803,4.5050025,5.1439757,4.497723,4.6086364,4.9289465,4.667139,5.4960504,4.7207
2005-08-16 12:00:00,5.3434525,5.1561174,5.4544153,5.184421,4.7468433,4.638994,4.890765,5.1035104,4.747965,5.0711203,4.862547,5.0039086,5.2010746,4.352171,5.252495,4.68894,5.5262966,5.705442,4.916955,5.229443,5.2973866,5.129014,5.6287985,4.6414676,5.3577466,5.226267,4.8332295,5.3355417,4.891494,4.6071763,5.090027,5.1925035,5.3625474,4.9398246,4.6463394,5.0454426,4.5734897,4.771623,5.5277033,5.196154,4.827078,4.5687466,4.698435,5.6760263,5.256382,4.485591
2005-09-16 00:00:00,5.358952,5.2040176,5.9108467,4.983452,5.5766993,6.250739,5.8872776,5.5416503,5.45504,5.20391,5.49001,5.122711,5.294712,5.5666623,5.3466406,5.7257195,5.042432,5.607364,5.566275,4.988972,5.012541,5.6357884,6.1000066,5.610551,5.47849,5.5173416,5.11812,5.2817965,5.1168575,5.584109,6.2810016,4.9032702,5.1358953,5.9142632,5.101264,5.157499,5.4204144,5.637108,5.6463184,5.495841,5.318962,5.424158,4.7267995,5.1305847,6.1956024,6.352062
2005-10-16 12:00:00,6.046268,5.555271,5.3177,5.326222,5.9623203,6.097971,5.8662043,6.2680707,6.004792,6.0958204,5.718604,5.4641056,5.355668,5.7382007,5.9197135,5.4085608,6.4943542,5.4682007,5.370198,5.4455056,5.7271886,5.2008314,5.6154656,5.428068,5.555084,5.5920715,6.017068,5.4487834,5.6108685,5.604971,5.833335,6.352503,5.2418146,5.969974,5.132004,5.9377813,5.6988416,5.0074134,6.119314,5.588102,5.902642,5.297739,5.7915564,5.903396,5.594671,5.9487147
2005-11-16 00:00:00,5.917302,5.819829,5.359491,6.519518,6.028738,5.7252502,5.17691,6.405878,5.525297,5.036442,5.7987804,6.3719997,5.905374,6.324479,6.101539,6.199756,6.3339496,6.312855,5.48301,6.0661807,6.469343,5.668406,5.9765677,5.6803455,6.0224805,6.4478335,5.895218,5.829385,5.625711,5.9400635,5.440857,6.2000294,5.975333,5.334466,5.781729,6.3221455,6.52274,5.975088,5.803264,5.3195233,6.969761,5.610538,5.995915,5.4221716,5.662339,5.8052487
2005-12-16 12:00:00,5.291444,6.7011666,5.158915,5.072256,5.83232,5.766154,5.8650794,5.3366523,5.654615,5.677524,6.4123163,5.885219,6.2548847,5.3564095,6.1507916,5.9104056,5.6468277,5.623271,5.9551716,5.6681542,5.7515564,5.6485825,5.8625903,5.876948,5.781321,5.5807366,6.1998377,6.1101956,6.1064734,4.9885254,5.2272544,5.5676236,5.4185143,5.7023373,5.2516303,5.9406,5.5034924,6.001253,5.77978,6.326479,5.748471,5.673741,5.6810045,5.1952477,5.885801,6.0156
2006-01-16 12:00:00,5.5157022,5.3938913,5.880261,5.746145,5.8133554,5.794229,5.32849,5.8741746,6.1593113,5.091825,5.894773,5.638187,5.32873,5.6982923,5.3648996,5.2220144,6.451853,5.418435,6.0724316,5.9292603,5.916252,5.696055,5.769722,5.720614,6.7365837,5.830464,6.3668876,4.960989,5.301539,5.826053,5.4175034,5.6011553,5.6248703,6.1959314,5.3741612,6.153529,5.477957,5.6770096,5.303599,5.7870584,5.7307687,5.743797,5.777239,5.884089,5.1420484,4.9815454
2006-02-15 00:00:00,5.5773206,5.727583,6.199892,5.8688445,5.2469544,4.7941217,6.354968,4.993318,5.046777,5.935381,5.900191,5.4293237,5.3363895,5.722439,5.202035,5.8775806,6.0877466,5.9913325,5.725765,6.028971,5.7759986,5.0779247,5.9447837,5.5554557,4.983926,6.3284173,6.0106525,5.511638,5.0402236,5.4603662,4.809771,5.5817304,6.052559,5.5859284,5.2773895,4.9823523,5.36101,5.502699,5.786332,5.6652794,5.537296,6.7010326,5.5238914,5.975037,5.7870383,5.3067956
2006-03-16 12:00:00,5.0124497,4.8780346,5.5459127,5.422186,5.6854196,5.850046,5.643685,5.1196113,5.813242,5.3632417,5.364614,5.5409775,5.864805,5.6771326,4.944858,5.2158666,5.936904,5.4689755,5.569965,5.1769614,6.204462,5.943377,4.9928503,6.0206475,5.4441967,5.4902334,5.3075757,5.626441,5.4293675,4.6907644,5.3570065,4.6994066,5.654872,5.0742874,5.7037845,5.479685,5.784182,5.5081744,5.5335817,5.4090376,5.3260465,5.680955,5.5797596,5.263954,5.46689,5.0506253
2006-04-16 00:00:00,5.885387,4.976755,5.121416,5.0040936,5.5950174,6.233343,5.4043922,5.8363266,4.701476,6.14859,5.614463,6.130171,4.9944224,5.811092,6.137823,5.6798244,5.1412277,5.0157456,4.823811,5.2827744,5.4006505,6.622452,5.6696577,6.226431,5.8915286,5.802801,5.3325334,5.5248294,5.2149324,5.6583195,6.384168,4.948361,6.129141,5.739951,5.1340256,5.678873,5.950529,5.329821,4.905579,5.0224447,5.395669,4.9330606,5.617326,6.004355,5.49623,5.621813
2006-05-16 12:00:00,5.4075975,5.402975,5.130445,4.669109,5.090202,5.4318976,5.3912024,5.0903206,5.3240423,5.732333,5.2178135,5.9603534,5.392824,5.778222,5.7246594,4.6352963,5.728262,5.011919,5.4920654,5.301462,5.556829,5.0561676,5.2255907,5.7348065,5.6958413,5.9012127,5.275754,5.03738,4.3031673,4.726198,5.4031525,5.136374,4.937871,5.6710906,5.399439,5.01824,4.746557,5.052985,5.5898857,5.0277686,5.453349,5.137987,5.1302347,5.9624743,5.2283783,5.044319
2006-06-16 00:00:00,5.942492,4.7470126,5.025111,5.0434422,4.9613214,5.7441387,5.156481,4.4237356,4.754716,4.720701,5.2306905,4.8659744,4.737176,5.294733,4.746284,4.5820947,4.530527,5.1860476,4.7375636,5.1204724,4.955219,4.552902,4.593249,4.9431157,4.1088266,5.4468555,5.28926,5.005138,5.311733,5.4530478,5.092226,5.4057565,5.0469947,4.962792,5.007163,5.7273407,5.028205,5.0879836,5.147595,5.664139,4.8152294,5.2091217,5.1227875,5.068,6.0411935,3.9251251
2006-07-16 12:00:00,4.99695,4.3798137,4.1888723,5.375106,5.036405,5.2655506,5.357515,4.600786,4.3290424,5.1322684,5.126108,4.7481985,4.9094124,4.7982407,4.4094315,4.163727,5.108176,4.7340245,5.327909,5.199863,4.6042986,4.880967,4.4744534,4.3842936,4.8223743,5.102235,4.3285456,4.726144,4.6780734,4.340742,4.5752926,5.7544503,4.2005315,5.2043133,4.9135537,5.218861,4.3641596,5.418664,4.7019143,4.963579,4.962169,4.230623,4.600425,4.8216443,4.178225,5.7244253
2006-08-16 12:00:00,4.655917,5.331357,4.769337,5.1723843,5.4171076,5.5768695,5.097326,5.134489,5.2469616,4.6735654,4.8007455,4.5464935,5.0408826,4.8419385,4.660172,4.7598395,4.577425,5.0175805,5.4355307,5.05451,5.00263,5.091869,5.0823836,4.510838,5.8865237,5.0382943,5.2520866,5.013334,4.981085,5.091197,6.257482,5.7519894,4.8397417,4.8170238,4.769637,4.465574,5.1784577,5.067064,5.5607505,4.5930123,4.405363,4.4176626,5.271162,4.799286,4.9746466,5.519726
2006-09-16 00:00:00,4.9792466,5.0911818,5.633857,5.223502,5.452688,5.285672,5.1499724,5.300027,5.635449,5.8622003,5.570951,5.3714333,5.631855,5.246908,5.436091,5.472727,5.63949,5.5560603,5.5389905,5.7182703,6.0173874,5.2638607,5.47849,5.666252,5.421921,4.942132,5.640867,5.631118,5.292075,4.7541595,5.3530674,6.425303,5.270523,5.0683084,5.6151404,5.8395276,5.1106315,5.137643,5.448777,5.255476,5.664053,5.025588,5.480847,5.0160456,5.1046605,5.2992716
2006-10-16 12:00:00,5.3744817,5.691476,6.8300643,6.015507,6.35052,5.564905,5.2999287,5.9408593,5.855871,6.26449,6.087397,5.28431,5.8617535,5.5998755,5.834209,5.3682547,6.387571,6.8991294,6.0315003,6.333061,5.3604026,6.128452,5.3420124,6.239291,5.690387,5.7808323,6.076584,5.347682,5.4631824,5.92909,5.911733,5.577347,6.106576,6.171049,5.82752,5.2822657,6.0211024,5.8226266,5.502982,5.1148024,5.828815,6.8346534,6.2889166,6.208674,6.0942,5.89426
2006-11-16 00:00:00,5.934912,5.398611,6.0778255,5.796274,6.4027133,5.631396,5.3612027,5.525317,6.0306263,6.109621,6.106889,5.5600467,5.4971185,5.592306,5.3778415,5.353814,6.1572285,6.028253,6.670706,6.0125427,5.7098536,6.194639,5.7602315,5.9861298,5.508076,5.7792625,6.6319714,4.950861,5.6036506,5.2417774,6.1655145,5.578516,5.942707,6.160115,5.7272778,6.097615,5.9926353,5.8106537,6.0063825,6.5982885,5.7390156,6.757028,6.017988,6.197157,6.3707523,5.7810187
2006-12-16 12:00:00,5.658711,6.2804203,6.2899413,6.01462,5.789854,5.731772,5.656159,5.6181173,5.949534,5.4400887,5.454102,5.857193,6.0507383,6.330243,5.841261,5.954008,5.7096124,5.9196267,5.2859397,5.825285,5.9214745,5.474444,5.664056,5.489316,6.0026064,5.1568346,5.85527,5.4997325,5.5552225,5.8422685,5.26562,5.6180487,5.929411,6.321271,5.115723,5.4100113,5.7091703,5.6965594,5.797356,5.6793375,5.765394,6.052257,5.0906353,5.563022,5.906988,5.4788494
2007-01-16 12:00:00,5.0979633,5.997,5.427542,6.3248878,5.1023393,5.9714503,5.5420737,5.4885387,5.7973266,5.7938747,5.667427,5.4586205,6.072696,5.7751727,5.0341883,5.328719,6.684073,6.210764,5.9985666,5.48876,4.960702,5.7031965,5.4558773,5.683072,5.8225107,5.5587144,5.319473,5.320166,5.614059,5.6705604,5.119366,5.2304316,6.1785297,5.7750683,6.01081,5.8620086,6.053493,6.095547,5.6238513,5.93194,5.8583517,6.5673227,5.708213,5.458044,6.2515626,5.4012566
2007-02-15 00:00:00,5.3304925,5.5537057,5.5390034,5.851303,5.5016537,5.1275396,5.608624,5.36638,5.912266,4.9649425,5.5430875,5.361024,5.8172727,5.3605523,5.4779677,5.407244,7.297141,5.3246703,5.527042,5.958563,6.0539174,5.643991,5.7487106,5.055291,5.8696136,5.1997175,6.1101565,5.3636465,5.4532833,6.2432227,5.3375015,5.130005,5.5712357,5.8195243,6.0979867,5.160711,6.195395,5.409507,6.4072766,5.4347034,6.0470853,5.6243777,5.89106,5.125887,5.3205056,5.3348703
2007-03-16 12:00:00,5.6829395,5.798662,5.709025,5.8121967,5.750451,5.4626904,4.635352,5.580634,5.5303326,5.671443,6.140221,6.584902,5.634208,5.7187824,5.0487576,5.6206527,5.8138103,6.0146093,5.61305,4.6602173,5.9195194,5.135687,6.407835,5.7772393,5.392015,5.5885696,5.3687687,5.7153974,5.8332095,5.2853765,5.54403,5.399107,5.9531574,5.4438405,6.0791216,5.3592234,4.8266773,5.397534,5.671624,6.004614,6.2558875,5.715136,5.868138,5.5428357,5.511941,5.751211
2007-04-16 00:00:00,4.9487143,5.127313,5.2603226,5.265024,5.6198754,6.043435,5.1259465,5.91407,6.30353,5.3228016,5.4290805,6.227899,5.319323,5.5105977,5.328379,5.2477026,5.445204,5.7356987,5.8293424,5.641507,4.8712854,4.991926,5.7264395,5.215083,5.3947887,4.967661,5.461642,5.1063757,5.347445,5.6328135,5.336672,5.107871,5.213413,4.9491296,5.2103357,5.3953266,5.0712624,5.9955072,5.743388,4.5618653,5.648092,5.5773034,5.922221,5.805771,5.457333,4.998749
2007-05-16 12:00:00,4.7785163,4.621538,5.4281974,5.724241,6.101618,5.4789734,5.2049923,5.329187,4.7373557,5.509674,5.871779,5.390704,5.2247815,5.608559,5.398016,4.7278304,5.8023686,5.16446,6.0955615,5.1613383,5.2983484,4.7059097,5.577524,5.9407806,5.418825,5.5964174,5.663878,5.7814803,5.465288,5.056076,5.3668656,5.3798795,5.210579,5.133221,4.6414027,5.1673474,5.271455,5.315881,4.9909,5.8628154,5.414734,5.766264,5.2136436,5.0726914,4.7777195,5.068997
2007-06-16 00:00:00,5.5652943,5.292429,5.038068,4.3286977,4.782105,5.1248636,4.8296156,4.5596905,4.6981974,4.9623775,4.6471095,4.7705975,5.2212796,4.3222504,4.793215,4.8679247,4.688689,4.6156406,5.37864,4.925928,4.981104,5.1493874,4.468887,5.2903495,5.61688,5.132025,4.9525185,5.940211,4.605133,5.044527,4.9480057,4.386175,4.8484473,4.675521,4.9518476,5.67215,5.2630615,5.155778,5.2425785,5.189001,4.746209,5.040461,4.825028,5.442301,5.1637483,4.640805
2007-07-16 12:00:00,4.4504232,5.118661,4.761722,4.9776525,4.9336114,5.0081196,4.4450026,4.910374,5.0256205,4.8316116,4.429626,5.4589624,5.5554724,4.9323,4.6899548,5.115217,5.1365476,4.2810163,4.203362,4.2289567,4.6183915,4.7213736,4.9251122,5.111866,4.7676697,5.2446647,5.3197074,4.2706933,5.360555,5.0200276,5.2568393,4.9873624,4.6205726,5.0198736,4.813345,5.9018383,4.5416555,5.0131836,5.101595,4.6926107,4.2511926,5.2539797,4.53931,4.269985,4.694048,4.7100472
2007-08-16 12:00:00,4.846684,5.6808624,4.4324083,4.8145237,4.587143,5.538246,4.965937,5.3935304,5.052309,5.0660424,5.1658683,5.8945236,5.2104254,5.2609587,5.6914096,5.027043,4.8223915,5.1784277,5.0483084,4.5359898,4.626392,4.516326,5.028372,4.825387,4.8768363,5.308366,4.99036,4.7064295,4.98881,5.01103,5.4917426,4.8274207,5.004133,5.3305926,5.168151,4.906385,5.0136847,4.525533,5.72918,5.5778704,5.432903,4.853933,5.3943267,4.9081407,4.907377,5.563929
2007-09-16 00:00:00,5.1342382,5.4507895,5.4807076,5.4985247,5.4890065,5.171859,5.5824833,5.738762,5.6359386,5.205944,5.646036,5.155031,5.4258065,5.2787485,5.8127604,5.075653,5.3241153,5.782893,5.40699,5.453464,5.254647,5.800743,5.8061466,5.1767793,5.2507014,5.222527,5.6311855,5.6746674,5.5558643,5.1087356,5.165463,5.253494,5.4305935,5.5116286,5.6198115,5.528564,5.97976,5.238921,5.7912197,5.7432685,5.3063626,5.503926,5.3486567,5.387855,5.7419453,4.995184
2007-10-16 12:00:00,6.252317,6.2466145,5.596587,6.0270767,5.4797516,5.5498686,5.5096025,5.8138766,5.8481607,6.0702295,6.6077595,6.065204,5.758668,5.5038776,6.611229,6.510096,6.2738853,6.11644,6.136638,6.091488,5.572809,6.3075976,5.384798,6.46797,5.4012594,6.0219617,5.383728,6.382384,5.9353194,5.9613686,5.9027185,5.6110425,5.44541,5.7881384,5.7442417,5.295626,5.9793406,6.13089,5.9822125,6.2726073,5.609604,6.362458,5.954721,6.6441345,5.821483,6.0556927
2007-11-16 00:00:00,5.310915,6.240156,5.4428687,5.463345,6.3085895,6.378123,5.5472107,6.061186,5.6349196,5.896319,6.2567935,5.9017706,5.8200827,6.2854786,6.044475,5.8320813,5.529029,5.7301717,5.8071537,6.337273,5.5710125,5.577715,5.727159,6.329127,6.0934105,6.059622,5.3861527,5.8379083,5.716513,6.076353,6.4087234,5.6670547,5.8606896,6.005743,6.181357,5.2168026,6.289525,6.056898,5.692663,6.497118,6.286433,5.6362114,6.236726,6.5098834,5.5406337,5.8349195
2007-12-16 12:00:00,5.97772,5.1549063,5.760238,5.452094,6.5730786,6.3728886,6.353407,5.7880282,5.9346304,6.095434,5.490208,5.4601355,6.2031136,5.934533,5.8897223,5.8726482,6.1756115,5.59891,6.887438,5.635732,5.6965733,5.302509,4.830537,5.7640843,5.823805,5.6611905,6.3817344,5.8498025,5.8954186,5.547946,6.132856,6.3710957,5.6059966,5.5782685,5.8150883,6.7671337,5.728124,5.547632,6.19306,6.159441,5.551935,5.4772944,5.320674,5.7732725,5.9938846,5.7328496
2008-01-16 12:00:00,5.728798,5.393713,5.177025,6.3479633,5.733774,6.424724,5.7662053,5.6712804,5.734849,5.4548397,5.575475,5.7668314,5.1860867,5.3153176,6.2079444,6.0227976,5.72389,5.823185,5.631667,6.5994697,5.9037714,5.5603356,5.816663,6.2309523,5.3836346,5.728148,5.6225185,5.8203535,5.7717524,5.6816363,5.9294643,5.605856,5.327604,5.8402443,5.5863285,6.1026406,4.871657,5.1710305,5.96201,6.072785,6.202729,5.7625833,6.3000174,6.6091695,5.895909,5.59073
2008-02-15 00:00:00,5.8773155,5.6438107,6.0679364,4.9927926,5.5639763,5.320606,5.124625,5.5307508,5.3638105,4.957551,6.074347,5.7045245,5.8847995,5.833562,5.7986903,5.842821,5.639724,5.676978,5.435876,5.142043,5.3452587,5.9967923,5.8967657,6.0138574,5.5228434,5.215554,5.8664293,5.3648663,5.101122,5.4902964,5.933287,5.475796,5.6103168,5.2202816,6.2115192,5.45204,5.49378,5.4872365,5.2559953,5.712099,5.5788474,5.896001,5.6523514,6.609788,5.006508,5.0225368
2008-03-16 12:00:00,5.803165,5.923895,5.2444534,6.151603,5.9384985,5.428092,5.327292,5.531895,5.954545,5.2469063,5.670137,5.5996227,5.304411,5.2780933,6.0076313,5.59705,5.199367,5.630862,5.125562,5.269738,5.1525855,5.29481,5.6590085,5.688956,5.3773556,5.426001,4.5697446,5.467721,5.0327783,5.4705997,5.571065,5.8016224,5.325411,5.4774647,6.0756664,5.5789814,5.3849335,5.327138,5.664341,5.6406665,5.462183,5.8659143,5.547283,5.5159683,5.551104,4.998654
2008-04-16 00:00:00,5.102398,5.4394455,5.793068,4.9341235,5.134987,5.961317,5.344624,6.2708225,5.3819375,6.1204214,5.421448,6.321338,6.628703,5.2057056,6.027033,5.766382,5.546767,5.161875,5.3333044,5.4358497,4.7911005,5.530559,6.871705,5.9666147,5.093244,4.9630523,5.600815,5.19425,5.318946,5.783163,5.9394345,5.249527,5.634432,5.607631,4.9243097,5.360566,6.012523,5.5639224,6.1052847,5.4385777,6.3377447,5.330127,5.841979,5.6355577,5.894288,6.5342126
2008-05-16 12:00:00,5.134531,5.6383886,5.9144483,5.419393,5.392152,5.741012,4.853207,5.0164003,5.2422256,5.491261,6.208834,4.9844127,5.435511,5.586267,5.6861897,5.1480794,5.8553987,5.320284,5.349154,5.8991013,5.433726,4.753234,5.4166493,5.5185814,5.598105,5.7736483,6.0612307,5.4951663,4.9835334,5.042204,5.762319,6.1329856,5.082828,4.8639584,5.1596775,5.2375536,4.7630506,4.5931387,5.6450696,5.8860617,5.5454154,4.9955044,4.533864,5.449259,5.353952,5.207964
2008-06-16 00:00:00,4.6294,5.592325,4.5085864,5.419287,5.0449014,4.9821787,4.64538,4.3124447,5.5906043,4.8751674,5.3699927,4.6009607,4.330564,4.8008413,4.4673557,5.3122663,5.0287085,4.562527,5.064069,5.503611,5.193599,5.6366024,4.7887707,5.389983,4.5303564,5.119375,5.2634015,4.7637386,4.490505,5.3706555,4.624604,4.5956535,4.8942084,4.3722095,5.0215406,5.220394,5.845229,5.15306,4.2604527,4.902333,4.7198577,4.8216424,4.9000626,4.8359146,4.8181505,5.0529623
2008-07-16 12:00:00,4.140309,4.4701138,4.366113,4.726327,4.6470566,5.3314447,5.201478,4.722362,4.8387156,4.8551083,4.7682815,4.499853,4.67055,5.3507323,4.804252,4.381505,4.2472205,4.8395376,5.15622,4.472204,4.6435823,5.189983,4.7720165,5.0668864,4.307867,4.845624,5.4716797,5.260994,4.844726,5.097239,4.727633,4.7812676,4.9879355,4.6796784,4.622887,4.881572,5.3471584,4.913976,4.9221926,3.721616,5.0986414,5.0967345,5.1925235,4.781599,5.1091785,4.8036246
2008-08-16 12:00:00,4.772242,4.8034887,5.592108,5.0631576,4.9112377,5.4591413,5.355276,4.6738825,4.555565,5.0554943,4.905087,5.086295,5.0433874,5.3296967,4.9984016,5.359286,4.701795,5.3051004,5.205349,4.7026615,5.1577625,5.7562375,5.262257,5.2079563,5.343438,5.1068993,5.0202804,5.307335,5.1874676,5.0551267,5.291196,4.83369,4.941342,5.197898,4.4852505,4.8594112,5.404493,5.216878,5.498545,4.9805746,4.735438,5.438413,5.2777486,4.851077,5.7444406,4.793086
2008-09-16 00:00:00,5.62839,5.74909,5.0808206,5.3753924,4.992374,5.316567,5.475773,4.998867,5.692186,5.163887,6.137789,5.88637,5.2965217,5.810213,5.480568,5.1957984,5.289471,5.719957,5.8483677,5.2162237,5.6076136,5.3018556,5.5987067,5.869593,5.3617578,5.3547945,5.503118,5.3499646,5.0997033,5.59848,5.191172,5.1191597,5.567976,5.357145,5.595318,5.7193184,5.7796803,5.434742,5.2229156,5.448425,5.772161,5.677999,5.7949643,5.5927243,5.43328,5.697497
2008-10-16 12:00:00,6.149317,5.876381,6.1902204,5.613373,5.3784933,6.060652,5.4787807,5.606112,5.9102488,5.1914716,6.403306,5.0221667,5.7889504,5.756262,5.700397,5.732685,5.7470922,5.401869,6.26799,6.640598,5.947386,5.835307,5.7611384,6.0495987,5.2009735,5.765337,6.1090465,5.9387417,5.4654007,5.8939757,5.907694,5.951629,5.929495,5.85433,6.0686817,5.629731,5.654502,5.737461,5.9105663,5.7390046,5.99076,6.0557356,5.8065577,6.94227,5.8181095,5.869375
2008-11-16 00:00:00,5.6228514,5.494707,5.864149,5.8099236,6.10826,5.678694,6.073141,5.6029005,6.211946,6.1872654,6.5844655,6.006468,6.5779223,6.038619,5.692139,6.3765893,6.1067467,6.3527923,6.382196,5.3959866,5.9484267,5.9188046,5.905497,5.835,5.593365,5.920254,6.576902,5.524008,5.830874,6.0162377,6.23561,5.9083676,5.8395896,5.706582,6.5905085,4.996977,6.5893803,5.644297,6.1799793,5.9139724,5.673612,5.519187,6.2835703,6.6353855,5.7939606,5.4769473
2008-12-16 12:00:00,5.7477612,6.0289545,5.302693,5.792475,6.1250243,5.6955853,5.663898,5.331106,5.4742475,5.792217,6.934764,5.6563525,5.87329,6.1908445,5.9144077,5.944937,5.6937222,6.4161825,6.192911,5.724378,5.693055,5.187863,6.0322328,6.366627,5.6157074,5.564283,5.126951,5.436006,5.5034056,5.9229155,6.033333,5.483242,5.5725,6.6672206,5.444096,6.006656,6.0561857,5.983606,6.2616825,6.020739,6.3773694,6.1488934,5.926321,6.227611,5.3119392,6.034156
2009-01-16 12:00:00,5.905096,5.9388905,5.4938684,6.411319,6.501468,5.585404,6.1022344,4.8968296,6.2347465,5.345227,5.7963834,6.1200776,6.431883,4.9698443,5.754332,5.976763,6.4420786,6.351326,5.514016,5.6916003,5.6970844,5.5300245,6.044075,5.9544864,5.3206267,5.771187,5.713817,4.9873476,5.9394126,5.143109,6.3616734,5.0882382,6.15291,5.2587447,5.7702794,5.3480997,5.893988,5.6536117,6.0121875,5.831862,5.500259,5.575704,6.018179,6.511515,5.8671546,5.936899
2009-02-15 00:00:00,4.895117,5.427369,6.0148396,5.7643576,5.7863264,4.9151707,5.3176475,5.3475757,5.388997,5.741563,5.1748767,5.3911166,6.0817013,6.04566,6.0526257,5.683037,5.525617,6.095358,5.417002,5.4928837,5.136877,5.560311,5.4603505,5.137266,6.416952,5.1188126,5.877631,5.61706,5.6728406,5.026229,6.3347836,6.447091,5.9003186,6.139705,5.8310113,5.3651676,5.665176,5.517223,5.98632,6.4722447,5.47355,5.5628815,5.929975,6.2828226,5.8578014,5.7125826
2009-03-16 12:00:00,5.3483624,5.25326,4.962477,5.900165,5.205805,5.7030187,5.3453164,5.3160458,5.435111,5.8158345,5.8834667,5.7134266,6.1821947,5.5986743,5.485794,5.0616355,5.368878,5.883655,6.047877,5.247917,5.8122034,6.0549445,5.7057953,5.934668,5.901231,5.3974557,5.795451,5.7470946,5.855039,5.366618,5.6828055,5.499877,5.2254524,5.5721097,5.6074014,5.3272977,5.312729,5.9451184,5.5494065,5.209037,5.435836,5.2788258,5.280553,5.6544094,5.401721,6.52558
2009-04-16 00:00:00,4.8993683,5.8736463,5.2729692,5.2622356,6.126949,5.617095,5.16555,6.3430734,5.6252613,6.1698227,4.8116665,5.921583,5.4256396,6.016485,6.0615616,5.242521,5.4396977,5.949232,6.3509946,5.7120776,5.244048,5.929794,6.3043084,5.487792,6.05233,5.6013355,5.247743,5.6404276,5.1118093,5.5398006,5.96358,5.7488503,5.9295535,5.8912487,5.509125,5.7172675,5.398212,5.36437,5.52298,5.1886997,5.765057,6.232397,5.289455,6.04659,5.6495285,5.706053
2009-05-16 12:00:00,5.3796496,5.9462876,4.3373833,5.4530916,5.418806,5.439426,5.423585,5.7593102,5.2077575,5.902328,4.920538,5.531367,5.286172,5.213333,5.5546775,5.2694674,5.483946,6.0056753,6.0937448,4.9903464,5.150545,5.42499,6.0030003,5.505186,5.693,5.2637024,5.756657,5.465505,5.6130056,5.3702097,4.575871,5.6355777,5.2818365,5.3017855,5.8898754,6.0536704,5.4484997,4.9402785,5.3887024,4.7895484,4.9850216,6.109752,4.929354,5.6498456,6.0250034,5.61317
2009-06-16 00:00:00,4.388145,4.8858213,4.8038116,4.6088924,4.686582,5.7416334,4.8840327,5.32477,4.8902607,5.835278,4.4757957,5.4575896,5.538426,5.1057687,4.4624887,5.200829,5.2043314,4.664343,5.2982416,5.8338914,4.48986,4.8324833,4.623947,5.305943,4.964034,5.974704,5.131646,4.924055,4.533734,3.9607146,4.820182,5.3657784,4.9794126,6.1189823,4.924216,4.6079235,5.5558844,5.59758,5.031222,5.085181,4.8911023,4.8116245,5.030488,4.9059496,4.3373537,5.4317966
2009-07-16 12:00:00,4.588283,4.2487774,4.767568,5.5071235,5.2862525,5.7546315,4.7813096,4.3145394,5.0151534,4.502305,4.3325543,4.7473774,5.233277,5.218508,4.823177,4.534067,5.2964783,5.0690327,4.8879604,4.3966227,4.4711466,4.932211,4.862115,5.0237775,5.2846365,4.9879827,4.714385,5.196027,4.469579,4.7747564,4.753578,4.9873104,5.669161,4.8867507,4.704473,4.8559866,5.8982196,4.751678,4.9115996,4.6699586,4.6270514,4.727785,5.1835794,5.31405,4.5637455,5.4191675
2009-08-16 12:00:00,5.83589,4.722097,4.856114,5.278524,5.639263,5.66001,4.4513054,4.55969,4.6909657,4.994169,4.9188004,5.7156773,4.996607,4.812578,4.615329,4.7948933,4.684835,4.995749,4.8280053,5.107026,5.028372,4.8673615,4.9932904,5.1142187,4.9749274,4.8003354,4.975215,5.5379343,4.4309716,4.951368,5.0172405,4.848403,5.517002,4.9599695,5.2064123,4.9666142,5.1545415,4.992939,4.9144764,4.643492,5.34334,5.007578,5.6167865,5.1840634,5.628593,5.153756
2009-09-16 00:00:00,5.334754,5.812725,5.598766,5.1638227,5.133023,5.953108,4.691161,5.4197574,5.132414,5.94153,5.1048865,5.1675053,5.7052164,5.6219006,5.7643476,5.6288686,4.8930464,5.900811,5.4933953,4.971499,5.013517,5.3998847,5.565664,5.585308,5.9326925,5.7262063,5.17695,5.9556446,5.6273403,5.6781297,5.5730615,5.9476547,5.399435,5.370776,6.008959,5.214893,5.1198874,5.5505958,5.3370833,5.3043365,5.7128534,5.832755,4.920345,5.813433,5.555822,5.244349
2009-10-16 12:00:00,6.042683,6.48996,5.0932226,6.185828,5.3011355,6.0185304,6.5147276,6.5132265,5.6192875,5.535457,5.7903404,5.3892093,5.628757,5.6881375,5.880004,6.0785327,6.127845,5.8017063,5.8122067,5.9005494,5.8367424,5.7830043,5.4861097,5.533854,5.3550644,6.384714,5.7196646,5.8655415,5.5198436,5.6679645,5.463534,5.640967,5.906744,5.757866,5.451026,5.479973,6.3237586,6.013511,6.222662,5.7624817,5.650857,5.7230062,6.1026263,5.8634624,5.597787,5.6279545
2009-11-16 00:00:00,6.587225,5.3657546,6.0838833,6.0481243,5.587361,5.8220043,5.7665424,5.5294366,5.742345,5.858105,6.1569624,5.8364577,6.7827473,5.967562,5.316363,5.7826767,5.889276,5.823005,6.3882337,6.5428348,5.274068,5.4838476,6.3867097,6.3241444,5.933661,6.4250784,5.940955,6.1305346,5.3784375,5.555592,5.6416144,6.032079,5.4459743,5.9985027,5.730379,5.8268857,5.9279323,6.249805,5.891915,6.1486363,6.212786,6.2291756,6.1686254,6.4576545,5.583256,5.911243
2009-12-16 12:00:00,5.320772,5.8648047,5.682725,5.908724,5.7887554,5.00714,5.152193,5.74044,5.910536,5.890246,5.5047817,5.602115,6.811228,5.3144617,5.462621,5.8739185,5.816393,5.0381827,5.7585416,6.4291205,6.1905284,5.7734356,6.266946,5.5813794,5.6973886,6.5902753,5.371374,5.804804,6.1608114,5.778762,6.2048326,6.6167126,6.0748715,5.7814198,5.6714892,5.471609,5.72458,5.981514,5.4660363,5.3117685,5.378287,5.7929707,5.3393044,6.250028,5.896625,5.609512
2010-01-16 12:00:00,5.991359,5.760409,5.3532352,5.649911,5.5882964,6.167492,6.015173,5.7876115,5.847757,5.9383383,5.9565344,6.6033316,6.0584946,6.1609817,5.5445232,5.7259226,5.644221,6.044691,6.1391535,5.245192,5.988032,6.4831147,5.5588903,5.104207,5.0644393,5.486909,5.978509,4.9327087,5.116198,6.189009,5.676508,6.295161,5.5618067,6.0747733,5.5234013,5.5740843,4.93249,5.3692627,5.864526,5.9457483,6.092499,5.674552,5.77721,5.4728427,5.985372,5.5335307
2010-02-15 00:00:00,5.523048,6.209226,5.3526287,5.4975104,5.082223,6.093808,5.4250274,6.1962476,5.861751,5.300973,5.3961406,5.600543,5.2475305,5.491352,6.09956,5.752109,5.619329,6.246827,5.782598,5.5744877,5.725623,6.070005,5.5344234,5.401151,5.3916364,5.9910073,5.9751062,5.4043484,5.78816,5.9805365,5.9110947,5.236069,6.2776046,5.402431,6.033355,5.0730906,5.3286114,6.381717,5.826979,5.907152,5.8372173,5.2429485,5.5672665,6.1903987,5.8534184,5.4432216
2010-03-16 12:00:00,5.714059,6.562453,6.0024185,5.334745,6.0807705,5.551141,5.653271,4.8101077,5.5735908,5.201147,5.2445364,5.271071,5.153514,5.456152,5.243725,5.750887,5.4643207,5.6772556,5.6960883,5.077168,4.8450074,6.445408,5.6977997,5.779776,5.66773,5.6322217,5.775748,5.653133,5.55484,5.4982157,5.5344815,5.188846,5.319021,5.9906316,5.570199,5.1248193,5.2435384,6.027872,6.208517,4.934473,5.636441,5.724611,6.034072,5.0407333,5.7922993,5.521879
2010-04-16 00:00:00,5.7712345,6.123269,5.605822,5.809105,6.728607,5.8540215,5.5215397,5.336552,5.5986967,5.4969087,5.305658,5.729236,5.4644666,6.1161737,5.850779,5.4638834,5.251208,5.9820194,5.1683345,5.0151844,5.5396967,5.3678865,5.4073625,5.125118,5.8187366,5.6420712,4.9310474,5.3397193,5.9146523,5.2780385,5.54994,5.0539856,5.391704,4.924864,5.55027,4.732128,6.1446385,6.04786,5.6779213,5.57567,5.2738485,5.6996875,5.9602304,5.3052735,6.444424,5.8995347
2010-05-16 12:00:00,5.32954,5.454977,4.4253564,5.196497,5.682166,5.120653,4.754556,5.1380987,5.282623,6.5290184,5.6613064,5.2005787,4.962982,5.8559637,4.9345813,5.062545,4.892425,4.642321,4.8922133,4.874738,5.5802784,5.7172523,6.2786274,5.276845,5.20543,5.3979316,5.9158154,5.5375752,5.262786,5.5128946,4.8138156,5.3175254,5.5238667,4.669055,5.6962814,5.0606174,5.6183352,6.0599146,4.9293485,5.280049,5.4516606,5.0115914,4.8049254,5.3559136,5.658233,5.9567657
2010-06-16 00:00:00,4.469179,5.731119,4.321821,5.075838,4.541723,4.361535,4.9184895,5.3989487,6.127983,4.9692655,4.4588156,4.6194177,5.410779,5.275845,4.6936088,4.923834,5.160506,5.261364,4.513422,4.6448617,4.578449,4.843958,5.119726,4.997449,4.321267,4.426411,5.6393375,5.032675,5.3115683,5.2653313,4.8225427,4.6066675,4.637144,5.611067,4.9399104,4.8901615,4.8574057,4.986541,4.57701,4.6594534,5.0440416,5.939994,5.1789517,5.260208,5.152017,4.783967
2010-07-16 12:00:00,5.314924,4.976931,4.1626506,4.8234496,4.883464,5.141574,5.8109446,4.6132445,4.49354,5.089033,4.905888,4.12709,4.282351,5.0779405,5.15949,4.463063,4.779696,5.0533147,4.8627567,4.885508,5.163511,5.207859,4.4498434,5.1165247,4.9727893,5.0645895,5.0806103,5.3166165,5.0464826,4.419569,4.8939075,4.328997,5.3598676,5.611912,5.1078362,4.9524145,4.893001,4.2855234,4.8358536,4.7109995,4.3725705,4.546202,4.9956946,4.8425503,3.9420123,5.209998
2010-08-16 12:00:00,4.9937396,5.265062,5.101794,4.9652963,5.4051275,4.7490506,5.741224,4.996513,5.1740603,5.1593223,5.1516495,5.3432026,4.5412273,4.8065042,5.681474,5.2743607,5.5661902,4.810302,5.1636786,4.683176,4.8015494,5.0520916,5.7321587,5.284777,4.6839757,5.3114667,5.063534,5.5585775,4.4702687,4.703681,4.955544,5.2876034,5.672748,6.078886,4.811299,4.650224,5.4133487,4.9606323,4.82817,4.1891284,4.3481407,4.892674,4.716852,4.8262997,4.87807,5.040531
2010-09-16 00:00:00,5.583786,6.211498,5.886075,5.423694,5.503251,5.3761473,5.8205633,5.680192,5.6817474,5.7873363,5.6235023,5.5013404,6.0167665,5.4491096,5.731722,6.1886716,6.0838847,5.401088,5.956827,5.072635,5.351736,5.046848,6.23915,5.1590786,5.421928,6.100218,5.268468,5.2268696,5.6715903,5.620698,6.0824513,5.008416,5.5108933,5.9309897,5.703356,5.223369,5.1317315,5.5184927,5.689136,6.273639,5.0193276,5.4283657,4.8086658,5.404915,5.5672092,5.7977743
2010-10-16 12:00:00,6.064755,5.642192,6.2919307,5.7959375,5.706241,6.036127,5.6923256,6.1400156,5.1987643,7.2516904,5.7002187,6.3244405,5.460997,6.345132,5.7624874,5.776624,5.6540995,5.3198476,5.95912,5.587268,5.711884,5.3326883,5.662913,5.418334,5.6032977,5.440853,5.894048,6.2478867,5.6730623,5.9852147,5.4011965,5.980692,5.521271,5.578443,6.2791896,5.914512,5.6828403,6.0122113,5.2397037,6.443258,5.2092113,5.5671506,5.913592,5.7800865,5.877837,6.3035636
2010-11-16 00:00:00,6.0710444,6.3913326,6.353261,6.1535764,6.015105,6.3057156,6.4318676,5.90166,6.1074505,5.8376307,5.4258204,5.824783,5.5593143,6.0883775,5.883272,4.992155,6.165468,5.922788,5.4830847,5.9894466,5.817912,6.9955463,6.072266,5.30784,5.25459,6.211138,5.7622123,5.487438,5.240526,5.4877896,6.2899265,5.6899242,5.965281,6.1734524,6.06101,6.3343353,6.6474357,5.683671,6.2205863,5.560669,6.040552,5.9389677,5.7705083,6.0983195,5.366106,5.9192314
2010-12-16 12:00:00,5.753988,5.530972,6.3881474,5.7971554,4.8653927,6.034206,5.90333,5.897064,5.5453415,5.745148,5.7323194,5.8188686,5.79509,6.387618,6.0135446,5.6091123,5.710951,5.373409,5.8456173,5.3864856,5.469233,5.423766,5.8515506,5.9627,5.8209867,5.2606945,5.496277,5.579956,5.621088,5.418979,5.713136,5.0106616,5.294739,5.6246777,5.392638,5.687273,5.28,6.04847,6.0374765,4.881991,5.5819554,5.8617845,5.40484,5.988039,5.391735,5.6770225
2011-01-16 12:00:00,5.531628,5.6120014,6.2500515,5.930977,5.4585414,5.863802,5.908864,5.803456,5.8712964,5.3959484,5.52224,6.4521646,5.73207,6.0530643,6.364623,6.5376263,6.4213195,5.6120086,5.550004,5.562174,5.79683,5.5875497,5.8315234,5.6220145,5.9839063,5.295046,5.466945,5.179637,5.172596,5.9809747,6.1621933,5.9612575,6.430866,5.6130924,5.4731827,5.6370564,5.4700403,5.4979095,5.72748,5.4635553,5.9129806,6.6895695,5.750982,5.674967,6.1889067,5.8240714
2011-02-15 00:00:00,5.7384205,5.35249,5.2657065,5.205604,6.4832287,5.6953473,5.880964,6.161972,5.935669,6.18517,6.425028,5.5238853,5.556028,5.6110067,5.326662,6.3369923,5.779244,5.8727026,5.754832,5.536127,5.761927,5.555963,5.3832135,5.9756565,5.392842,5.4709835,5.2698708,5.4714093,5.8732204,5.3262033,5.4013596,4.9071445,5.867642,6.1897526,5.18849,5.506658,5.0716867,5.7207766,5.6579714,5.968557,5.78541,6.325415,5.66441,5.364525,6.1968265,5.2692204
2011-03-16 12:00:00,5.3869324,5.0508394,5.7444263,5.5187693,6.253757,5.069218,5.36112,5.605926,5.1906624,6.292495,5.40562,5.076004,6.551259,5.433742,6.1161613,5.531228,5.382838,5.1857724,5.370676,5.4688406,5.379975,4.9644656,5.898748,5.509855,5.439434,4.758766,5.6932645,5.2886558,5.9312406,4.4658575,5.736224,5.2529583,5.562895,6.0355496,4.870998,5.7694197,5.183229,6.375992,5.3602495,5.468504,5.9379077,5.6079907,5.788037,5.872291,5.842737,5.819842
2011-04-16 00:00:00,5.104998,5.6941996,5.7060895,5.0290117,5.781972,6.191073,5.848875,5.7319765,5.5381036,5.9564705,5.2544827,5.1257854,6.243271,5.714987,5.5816483,5.765535,5.6618347,5.6169543,5.215981,5.2550025,4.8005886,5.5662026,6.054888,5.567123,5.327765,5.854961,5.55444,5.897826,5.192326,5.4229326,5.4702473,5.741162,5.286982,6.2994566,5.465704,5.6122217,5.1356983,5.9205613,5.6336193,5.148032,5.5349555,6.3627224,6.1767435,4.877714,5.498827,5.407962
2011-05-16 12:00:00,5.162601,5.5534644,5.740452,4.975408,5.0693336,5.3122745,5.777254,5.1758394,4.970881,5.476655,5.7186947,5.321168,5.1998935,5.350584,5.0459,4.7788553,5.975453,5.8362513,5.6973133,5.0526037,5.025948,5.8638916,5.36112,5.4962792,5.0933247,5.4633694,5.4024696,5.224455,4.9707665,5.057352,5.34748,6.2548127,4.832957,5.4077945,5.6219864,5.0133862,5.5028567,5.6177235,5.1164527,5.1950965,4.768048,5.842184,6.191997,5.08395,5.1125097,5.630374
2011-06-16 00:00:00,4.733389,4.9426074,4.7588687,5.0839925,5.0606527,4.8307743,5.36262,5.0340786,4.470377,5.1057076,4.838537,4.3105326,5.499991,4.8182383,5.373087,5.8656783,5.0201764,4.9923205,4.777258,5.169031,4.7624555,4.8770986,5.837267,4.8318067,4.7461395,4.7910213,5.3687572,6.1134086,5.118742,5.6455865,4.503119,5.1548715,5.181827,5.25899,5.1694283,4.727846,5.6600537,5.127205,4.975013,5.0963764,5.046764,5.0862374,5.3007054,4.9097214,5.5694385,4.8075643
2011-07-16 12:00:00,4.9457026,4.7825427,4.6209273,5.3933034,4.520711,5.654516,5.0682263,4.849455,5.0270224,4.8572507,4.455394,4.9062877,5.270872,4.59496,5.039431,4.9568405,4.8726077,4.521116,4.714714,5.247438,4.990218,5.2643304,5.527791,5.461475,4.8074894,5.019405,4.675127,4.6164713,3.9752338,4.630499,4.7301445,5.402042,5.4550076,4.660092,4.747401,5.3269005,5.462288,5.0570827,4.877888,4.993785,4.810092,5.4489017,4.8635254,4.468838,5.1238,5.157114
2011-08-16 12:00:00,4.775529,4.443263,5.7870045,5.520475,5.065323,4.820259,4.829876,4.59421,4.680464,5.3870564,4.519579,5.1581936,4.827505,4.8425927,4.3761635,4.990333,4.856235,4.942947,5.1088905,4.529352,5.3444347,4.914853,5.4149747,5.9515576,5.4529123,5.872704,4.922699,5.3341503,5.070489,5.2397614,5.633959,5.2587976,5.005672,4.9641504,4.646543,5.251852,5.524603,5.3464856,4.5163965,4.8123374,4.9355335,4.9709034,5.521602,4.374593,5.299073,5.5693913
2011-09-16 00:00:00,5.6930017,5.404691,5.1196413,6.251806,4.882768,5.022533,5.681654,5.075481,5.2782927,5.9453397,5.1251144,5.3080792,5.416422,5.0882664,5.616679,4.8122916,5.446255,6.306902,5.159751,5.373145,5.6582074,5.28594,5.4345083,5.629629,6.3009386,5.267384,5.7880206,5.5121737,6.0843945,5.3243346,5.406085,4.9227133,5.813554,5.132432,5.712183,5.2980413,5.5093784,5.7770286,5.1700616,5.5847654,5.5532823,5.452041,5.643495,5.3107615,5.4553823,5.8102746
2011-10-16 12:00:00,5.9502206,6.2567315,5.293167,5.923668,5.3241134,5.7462153,5.836893,5.666749,5.329234,6.5553436,5.2500286,5.728319,5.6379766,5.916866,5.965745,5.584649,6.0131006,5.691313,5.881922,6.1096683,5.572565,5.672905,5.8509655,5.257815,4.866511,6.0112643,5.6834965,6.0668445,5.8711042,5.9228644,5.7117233,5.569353,5.612947,6.256632,5.2480025,5.5720496,5.6882358,5.8348827,5.937521,6.04147,5.9154644,6.257116,5.8753777,5.6926413,5.6122065,5.8622494
2011-11-16 00:00:00,4.9100547,5.9758005,6.194677,5.157448,5.8669043,5.849882,5.487417,5.5043564,5.39472,5.489875,5.645737,5.9621525,5.67201,5.8097076,6.55908,5.62697,5.8092666,5.417761,5.481028,6.030762,6.2017236,5.539272,6.1894317,5.6361237,6.0023675,5.180717,5.9641547,5.584499,6.298873,5.508145,6.237577,5.6888437,5.550642,5.719004,5.644521,5.6840177,5.3807063,6.659418,6.301601,5.848139,6.0497556,6.1252594,5.5947514,6.540684,6.89747,6.1829433
2011-12-16 12:00:00,5.468111,5.782848,5.5810914,6.2107396,6.151195,5.6621532,5.4776187,5.5303617,5.62757,5.2629952,5.5325546,5.5317016,5.527131,6.078364,6.0906286,4.9770565,5.960868,5.7550373,5.9789987,5.5709,5.637797,5.5691004,5.631399,6.1793013,5.519449,5.832332,5.4065213,5.887574,5.913464,6.066782,5.693003,5.733304,5.938495,6.7189217,5.1471047,5.535944,6.0952935,5.373064,6.3505917,5.866005,5.559807,6.191502,5.422071,6.5435724,5.470457,6.2932587
2012-01-16 12:00:00,5.6045923,6.2100353,6.125118,5.405594,5.691862,5.5717254,5.4662533,5.465438,5.4662914,5.89163,6.317638,6.0555835,6.0120535,5.736849,5.6701903,5.1395206,5.986271,5.6594577,5.3185587,6.6461005,6.6029673,5.515613,5.308075,5.140897,5.8365355,5.8315606,5.5566816,5.238221,6.5144076,5.9945974,6.023704,5.841879,5.4220667,5.718495,5.7768393,5.5478215,5.5268,5.8801527,5.456776,5.645935,5.615411,6.4453278,6.352093,5.650373,5.515345,6.0835996
2012-02-15 00:00:00,5.354571,5.199372,5.5965137,6.329688,6.122596,5.354332,5.865286,5.724591,4.87539,5.7307796,6.1090765,5.7242646,5.050615,6.0291734,5.7621994,5.1651344,5.914284,6.629938,5.5620904,5.1545506,5.9507604,5.0290527,5.226267,5.148851,5.989862,5.448374,5.3597727,5.964163,7.1942716,5.842401,5.1726513,5.7075305,5.9127536,5.6363025,6.1822543,5.1354294,5.062365,6.191963,5.805129,5.997164,5.586309,5.9979486,5.869284,6.3976426,5.570924,5.2453938
2012-03-16 12:00:00,5.6309376,5.245757,5.3102884,5.542135,5.194416,4.746238,5.598543,5.900202,5.694895,5.2386284,5.4331107,5.985506,5.6964626,5.6315136,5.4897947,5.7176642,6.4934673,5.3962593,5.839064,5.775686,5.599594,5.8567257,4.918176,5.647172,5.9220123,5.7796087,5.463415,5.227396,6.1034107,6.077128,5.248687,5.685064,5.8271084,5.643086,5.2274942,5.5907583,6.1504726,5.408165,5.8297324,5.9409547,5.7046547,5.4192266,5.1339145,5.2392216,6.1203904,5.703404
2012-04-16 00:00:00,6.542611,5.2813396,5.0712833,5.0342846,5.1258817,4.974164,5.4176083,5.685713,5.373268,5.1862235,5.939356,5.1948004,5.4029226,5.5817313,4.851591,5.2347813,6.2235575,4.6667304,5.7053404,5.442503,5.110407,5.623228,5.459187,5.294887,5.8217697,5.25251,5.1670704,5.4470706,5.618086,5.0104046,6.028121,6.2151923,6.4045587,5.311703,5.5202274,5.889428,4.697073,6.5573864,6.009468,6.304218,5.6133018,5.3562665,5.4156346,5.5931616,5.115688,5.262023
2012-05-16 12:00:00,4.8940697,5.393118,5.8775253,5.606809,5.45173,4.783314,5.490133,5.363641,5.040084,5.5939817,5.2171206,6.4608274,5.500493,5.7377987,4.9555526,5.014739,5.262582,5.3365154,4.9108615,5.0680676,5.0553737,4.9736776,4.8593717,5.5758266,5.730243,5.001942,5.2437496,4.8272915,5.4258413,4.792463,5.085908,4.88706,5.2258854,5.6462846,6.010388,5.2703576,5.7430987,5.0114093,5.3362527,5.890164,5.7760434,4.5173507,5.529149,4.877143,5.742678,4.8357778
2012-06-16 00:00:00,5.001668,4.8515015,5.3657613,4.9919415,5.2047663,5.6478567,4.7439017,5.994518,5.2889743,5.2386074,5.4052496,4.953124,4.742312,4.35409,5.2862315,4.953196,4.4927783,4.223971,4.9097667,5.297175,4.9252114,4.512321,5.212904,5.940713,5.4584665,4.7335644,5.5100994,4.9359326,5.115339,4.8918085,5.138486,4.7340426,5.9624357,5.292129,5.195085,4.67552,4.773815,5.5624943,4.6255755,5.1200733,4.8391495,4.8606744,4.522834,5.4287124,5.483713,5.132443
2012-07-16 12:00:00,4.5351605,4.7439857,5.698011,4.922043,5.2267203,4.841338,5.2830615,5.3469887,4.905063,5.6294055,5.029083,4.3258033,4.519958,5.1769004,5.3113675,5.0827465,4.8610263,4.9652295,4.680525,4.4127216,4.7776303,4.173803,5.3044586,4.7248836,4.1996026,4.911543,4.5588207,4.9599066,4.904287,5.2801356,5.144761,5.150714,4.995073,4.622543,5.0027294,4.657026,4.5389295,5.115082,5.267194,4.80912,5.0511494,4.9649143,4.2961035,4.7083044,4.542839,4.88988
2012-08-16 12:00:00,5.2899466,4.7669888,5.1681523,5.023124,5.206519,5.0205507,5.059595,5.7272625,5.190284,5.1843824,4.899622,4.588805,4.9277453,5.015406,5.232631,5.2881794,4.7863803,5.246894,4.817462,5.4564447,5.6680074,4.819247,5.5582542,4.9261518,4.670795,5.7130194,4.423562,4.92011,5.6036377,4.6782064,4.928215,4.8330436,5.2839956,4.968608,5.343296,5.163415,5.082579,4.547165,4.94722,4.945244,5.035532,4.6759505,5.1525116,4.9852643,4.9872484,4.4389105
2012-09-16 00:00:00,6.465006,5.5463996,6.540171,5.305798,5.3888607,6.052931,5.1278477,5.380567,6.059469,5.773453,5.855356,5.56542,5.974541,5.1949983,6.2533255,5.473175,6.0958843,5.758891,5.994298,5.344518,5.2377415,5.1746697,5.2696347,5.277394,5.46287,5.2817454,5.154563,5.681714,5.100423,5.4851832,4.8635,5.424837,5.8958154,5.1983128,5.3680124,5.1496196,6.422784,5.681743,5.7506433,6.630969,4.995955,4.845307,5.1271834,5.9435835,6.0528316,5.769672
2012-10-16 12:00:00,5.750703,5.8053894,5.966646,5.6851597,6.3748736,6.143229,5.5525994,6.5324535,5.9482884,5.801406,6.073408,5.681672,6.547847,6.089673,6.086903,5.3866434,6.7379575,6.3204494,6.0749927,4.900133,5.425822,5.2773056,5.261161,6.1972938,5.629617,5.9855514,5.603469,5.6950526,5.3024974,5.9759574,5.299041,5.4268804,5.27301,6.686228,5.301626,5.7445507,5.938696,5.0709,5.7855783,5.677464,5.8994837,6.1359262,5.968247,5.9999337,6.262457,4.985493
2012-11-16 00:00:00,5.4649734,5.719197,5.647982,6.394818,5.871203,5.9692116,6.584546,6.074871,4.98198,5.445099,5.632889,5.8152447,5.569151,5.403993,5.642953,5.7570567,5.781679,5.6851697,5.973965,5.9759297,6.083354,5.828901,6.135716,5.352561,6.645513,5.5453324,5.578773,5.981694,5.96257,5.317873,6.481902,5.951252,6.255524,5.4685473,5.1722274,5.411783,5.531666,5.831478,5.4459586,5.536454,6.256228,6.891645,6.6838036,5.764442,5.9282007,5.72938
2012-12-16 12:00:00,5.3505826,5.979044,5.611292,5.2993226,6.716317,6.3152018,5.713457,5.27426,5.3430066,5.5470457,6.2962065,5.423572,5.8909216,5.2540135,5.34257,6.277937,5.922337,6.1938076,6.477871,5.446417,6.0535064,6.357443,5.9043145,6.0796957,5.8092785,5.8123302,5.81074,5.882106,5.619219,6.0153,5.713864,5.11443,5.204447,5.950374,6.0457215,5.8773236,6.6542444,6.624834,5.6768036,5.772611,5.939901,6.4168353,6.137195,5.4240117,5.9736032,5.774931
2013-01-16 12:00:00,6.202692,5.59472,5.765846,6.199466,6.4111366,5.396761,6.4449224,5.208782,5.380707,5.653544,5.3990846,5.5301695,6.3501363,6.0256934,5.9244013,5.5970554,5.594853,6.0625954,5.6796236,5.9038215,5.460761,5.258753,5.8154187,5.490848,5.891996,6.5180264,5.5744934,5.6849823,5.6616383,5.873733,6.012607,5.6096563,5.4677205,5.6603656,5.1000648,5.73862,5.385607,5.3114233,5.802912,5.8079715,5.49548,5.547484,5.994903,5.4807415,6.0820265,6.246793
2013-02-15 00:00:00,6.204175,6.418875,5.671198,5.5026655,5.949318,5.3911233,5.5264196,6.2963233,4.983005,5.338005,6.5601115,6.152726,5.5147758,6.1153107,5.7638464,5.512111,5.602949,5.191246,5.920199,6.664722,5.0206256,5.602663,6.098425,5.7267795,6.256305,6.1745434,5.5228634,5.2864,5.715512,5.683628,6.294599,5.360827,5.8765135,5.16785,6.0620575,4.8729115,5.0540676,6.3343244,6.216202,5.859346,6.094427,5.9414325,5.076064,6.360393,5.7496557,5.263502
2013-03-16 12:00:00,5.9180145,5.6991677,5.964057,5.472581,5.9836535,5.366216,5.3882275,5.3893986,5.3799267,5.3301544,6.213705,5.1919136,5.837219,5.6941485,5.354345,5.1175427,5.937039,5.507528,5.799914,5.3454795,5.191325,5.653233,5.4042954,5.8318763,5.659628,6.468032,5.3159614,5.0095587,5.4888926,5.409444,6.1778812,5.4068074,5.0784082,6.4763966,5.4003005,5.835446,5.066407,6.0641885,5.7199383,5.8671637,5.4055533,5.26188,6.130299,5.8623953,6.111312,6.058571
2013-04-16 00:00:00,5.827062,5.83719,6.081631,5.2300615,5.2106543,4.909604,5.7605276,5.8282933,6.0689335,4.853025,5.5831985,4.988173,5.5736327,5.284376,5.953425,5.659042,5.983117,5.2692823,5.6829433,5.3831506,5.1481314,5.269018,5.416677,6.0713563,5.207727,5.921224,4.8385577,4.6600056,6.203769,5.6462917,5.789435,5.0806766,5.508031,5.5998497,4.909037,5.0190616,6.2147913,5.171746,5.5901384,5.787628,6.291097,5.099915,5.8090644,6.4880967,5.7212596,5.7399726
2013-05-16 12:00:00,5.2581625,5.839575,5.24219,5.184678,5.528397,4.868928,5.353562,5.48187,5.030849,4.991182,5.4719534,5.3191657,5.397427,6.464072,5.879877,5.455964,5.590976,5.0470853,5.1716957,5.594724,5.132906,5.2208805,5.0468316,4.71961,5.143776,4.917485,5.420273,5.266641,5.70792,4.918514,5.2084594,4.806223,4.879419,5.391473,5.1911397,5.4148808,5.4929833,5.376729,5.2255588,5.2591524,5.852051,5.4656043,6.8175282,5.7959614,6.0770845,6.143163
2013-06-16 00:00:00,4.687524,4.6526294,4.7955713,4.6742563,5.1082315,4.8592243,4.2858753,4.468485,4.7581167,6.236311,5.309815,5.427931,4.5183864,4.468027,4.882204,5.3335967,5.177677,5.0154285,4.7802835,4.42558,5.073044,4.964719,5.3567257,4.615221,5.764963,4.9220214,4.98447,5.3319,4.95921,4.901729,4.7086964,4.92059,4.8340955,5.863696,4.4414463,5.3157163,5.208837,5.663663,6.021661,4.6135416,5.480751,4.661162,5.4310904,4.48351,5.57041,4.873777
2013-07-16 12:00:00,4.641269,5.514906,4.870068,5.6973033,4.9093876,4.9888525,4.926591,4.772892,4.627844,5.562602,5.119583,4.817098,5.0275116,4.646732,4.713339,4.6305103,5.1225376,4.959259,4.6082435,5.1719074,4.955448,4.9847608,4.8824105,4.573219,4.7509027,4.7891054,4.872891,4.949768,4.3515677,5.001259,4.9086967,4.941923,4.600182,4.914193,4.6226087,4.9602013,5.290696,4.4663696,4.963079,5.086901,4.656254,4.641435,4.523379,5.18603,4.962798,4.134819
2013-08-16 12:00:00,4.998331,5.096718,4.7015514,5.541236,4.95322,4.606601,4.8008246,4.924374,4.5194416,4.94433,5.1025095,4.9709177,4.940951,4.306922,5.129744,4.5906997,5.4032097,4.994912,5.0169144,5.4472513,4.873688,5.1717277,4.7636886,4.953116,5.8715405,4.7848973,5.0168333,5.295132,5.9959035,5.0491924,4.865813,4.849413,4.945146,5.2728252,5.0813437,4.716779,5.9716773,4.6041336,4.563513,5.2784815,4.911153,4.956822,5.219779,4.689851,4.958432,4.6747837
2013-09-16 00:00:00,6.3898764,5.3187604,4.8281455,5.1801376,6.0828643,5.2414722,5.822851,5.4340897,5.602814,5.4736667,5.082009,5.6791787,4.9251666,5.1695423,5.4543333,5.848429,5.1905804,5.327471,5.781528,5.599383,5.4419217,5.738253,5.041796,5.8808246,5.5033164,6.190504,5.213944,5.312284,5.8933997,5.806135,5.345556,5.918442,4.8211026,5.3473063,5.8858356,5.5971932,5.7206473,5.5298204,5.7662854,5.3711996,5.552415,6.308453,5.8034863,5.8400664,5.7842345,5.1797037
2013-10-16 12:00:00,5.400503,5.2677407,5.688357,5.9086833,6.090841,5.7811804,5.8203354,5.7931814,5.814164,5.6603084,5.135488,5.863834,5.760736,5.7874055,5.1586404,5.910266,5.8200736,6.0041885,5.5253606,5.3940725,5.4297247,5.3006525,5.7123895,5.8908134,5.412559,5.251544,6.0737467,6.098403,6.171797,6.2629128,5.4774756,5.1087375,5.714915,5.4857354,5.667732,6.4854193,6.552457,5.8107343,6.3325243,6.2547264,6.434447,5.604433,6.0768485,5.720301,6.3230767,5.8307767
2013-11-16 00:00:00,5.683428,5.6424127,5.6222515,5.6620045,6.136305,5.593821,5.422687,6.0307045,5.5813107,6.2634134,5.118975,5.808581,6.100493,6.763113,5.1484585,5.6032324,6.087581,6.0119042,5.9261513,5.4055514,5.8343387,6.0726056,5.996362,6.0704904,5.4716363,5.9667096,5.5222645,5.7763853,6.336458,6.1834717,5.705412,6.2771616,5.2329984,5.9312925,5.8072333,6.359514,5.6842194,5.6762357,6.371953,5.5880103,5.14922,6.0322137,5.924158,5.934992,6.1753674,6.491867
2013-12-16 12:00:00,5.696403,5.7266355,5.101783,6.104501,6.1876335,6.429182,5.416598,5.9842973,5.4406857,5.49148,5.6028953,6.635412,5.751431,6.39015,5.5194526,6.3520794,5.600683,6.0448103,5.753908,5.79344,6.1394796,5.7876115,6.3738923,5.1942105,5.7425,5.197232,5.4740777,5.0903416,5.436907,6.0640907,6.259318,5.611315,5.7214117,5.2171955,6.1456614,6.212187,6.1741877,5.5113606,5.1152167,6.0079827,6.019915,6.5880456,5.804162,5.924929,5.591024,6.1751065
2014-01-16 12:00:00,6.4024982,6.0926657,5.6841784,5.4168987,6.8783865,5.817546,5.309205,6.5815177,5.5814075,5.672371,5.2609754,5.738924,5.7952156,6.266504,6.2650166,5.6498775,5.661077,5.820247,5.613001,5.6268744,5.2942247,6.273779,5.7811747,5.0932083,5.3525205,5.4284954,5.3737006,5.2053614,5.133146,5.5671134,5.594037,5.3409824,6.0810776,5.7175994,5.86555,5.209416,5.2842197,5.6492405,6.0154448,5.485255,6.8045583,6.2759056,6.027274,6.7836246,5.816816,5.4844484
2014-02-15 00:00:00,5.61907,5.733769,5.69223,5.767421,5.1165457,5.3484387,5.609644,6.3208504,5.2640896,5.6557117,5.2514887,5.8425756,5.3784423,6.468919,6.0146465,6.5136023,5.8016033,6.3199635,6.261953,6.0833616,6.529031,5.5782876,5.3832016,5.424438,5.641083,5.4135003,5.6659894,6.2413507,5.9096317,5.7353425,5.7627254,5.1177564,6.4885263,5.750567,5.445471,6.1421375,5.130785,5.5746527,6.189245,6.60975,5.9898915,4.901318,6.0175223,5.836725,5.8892975,5.28275
2014-03-16 12:00:00,5.7725773,5.160067,5.519916,5.6366405,5.515168,5.783966,5.071951,5.605787,6.659271,5.14324,5.1230597,5.1480885,5.476897,6.2522516,5.0809884,5.1116953,5.8085303,4.7842164,5.368648,5.4875574,5.365509,4.6178966,5.336939,5.6146393,5.908042,6.4038577,5.825781,5.2243767,5.3288126,6.34326,5.403546,6.0723224,5.4210224,5.89231,5.6762238,7.169269,5.723139,5.119923,5.9549847,6.488223,5.9585667,5.564234,5.7958126,5.336967,6.596972,5.8536234
2014-04-16 00:00:00,6.3825336,5.5959463,5.3915625,4.969281,5.3294234,6.2410755,6.0050097,5.5053015,5.6728034,5.6804852,4.7928977,4.987343,5.765385,5.3738155,5.1605716,5.5686307,5.4697824,5.0105004,4.6151233,5.6539774,5.609926,5.8504024,4.825808,5.4015646,5.260542,5.9532704,5.108746,5.390431,5.266589,5.8167367,5.4414005,5.8788986,5.6970267,5.4553375,5.6350775,6.3586044,6.1925483,5.736759,6.0320177,6.425453,5.640508,5.7137203,5.7088337,5.55935,5.784109,6.172529
2014-05-16 12:00:00,4.8642554,5.9146175,5.9448833,5.1106653,5.8458095,5.558279,4.796437,5.313858,5.048567,5.3955517,5.3713565,5.3560343,5.372043,5.776954,6.0508175,5.9448886,5.4097495,5.5740876,5.5631,5.323285,5.2251444,5.421772,4.5368247,4.708352,5.410746,4.7036967,5.0286307,5.6370883,4.5896435,5.360408,5.15291,5.274721,5.859447,6.0075693,5.4579263,5.665968,5.3675427,5.377093,6.153811,5.8854055,5.2661242,5.140884,5.5291977,5.3054833,5.187498,5.8992386
2014-06-16 00:00:00,5.12793,4.91762,5.2373457,5.1125183,5.3185835,5.1536884,4.410176,4.6625214,5.219308,4.2023907,4.7880006,4.9925833,5.214439,4.913965,4.950858,4.698231,5.2795854,5.169477,4.5411453,4.7771444,5.272104,4.697318,5.1626387,4.956716,4.3256683,4.703515,5.6063266,5.2532763,5.580709,4.5131054,4.456693,5.470273,5.2582936,4.8522854,5.0478077,4.8351965,5.1741257,5.622524,5.041024,4.727082,5.07049,5.5135922,5.1270657,5.2232647,4.803828,4.4742627
2014-07-16 12:00:00,5.2925825,5.1372957,5.377618,4.9490323,4.7638955,4.7449384,5.3641095,5.0495105,5.6967263,4.6737375,4.8844624,4.6622357,4.5038295,4.6708593,4.78677,4.4718804,4.979695,5.271468,5.042523,4.839129,4.826673,5.686742,4.841033,5.361462,4.5568714,5.0950985,4.8978496,5.266993,4.967998,5.062272,5.941064,5.0629826,4.8484735,4.850706,4.252749,4.5376143,4.799917,4.616629,3.9787755,5.392762,4.9010544,4.517569,4.7319922,4.63695,4.9786105,4.72616
2014-08-16 12:00:00,4.9570265,4.8385477,5.569129,4.968934,5.123112,5.143511,5.028698,4.7562385,4.880915,4.891799,5.00719,4.7893853,5.0146856,5.395063,4.66755,4.7389383,5.0859637,5.512563,4.600004,4.8756104,5.224968,4.9929986,4.5159664,4.9586215,5.152705,5.4622326,5.3375454,5.663377,4.90311,5.949336,5.4078,5.414709,5.8859653,5.0164266,5.109477,4.828047,4.456286,5.0934143,4.9326854,4.7381415,5.0851016,5.095241,4.8590164,4.5746546,5.109302,5.215165
2014-09-16 00:00:00,5.6882625,6.4806347,5.3353662,5.928503,6.2044535,5.1408443,5.7261252,5.8092074,5.2846384,5.386292,5.130092,5.1056056,5.4097033,5.496423,4.8952265,5.330354,6.194147,5.435857,5.6306386,5.394908,5.197475,4.7821503,5.5399475,5.851386,5.53202,5.3920994,6.2567163,4.7631207,6.285137,5.5570426,5.527748,5.6491895,5.4464593,5.0944057,5.4633737,5.570684,5.107838,5.7858357,6.504098,5.1513786,6.281971,6.1448345,5.8374057,5.3622065,5.7476273,5.53947
2014-10-16 12:00:00,5.694548,6.4264407,5.988752,6.098069,5.8572226,5.6698895,5.671378,5.476834,5.6111665,5.5617228,5.4727945,6.520574,6.1323266,6.0776005,5.6428776,5.9056373,5.9709945,5.636577,5.7768226,5.129999,5.6002097,5.273878,5.763524,5.7371564,6.448293,5.7943363,5.527355,5.5849886,5.3640823,5.6878977,5.6606693,5.589253,5.4934125,5.5615826,5.8956547,5.70172,5.5102844,5.7413754,6.3429337,5.472742,6.091244,5.5073867,6.024986,5.47803,5.7043915,5.6514244
2014-11-16 00:00:00,6.1194067,6.1941905,5.6907177,6.5825996,6.1442246,5.742568,5.1351957,5.8127465,5.6451817,6.349424,6.159416,5.6270905,5.8978543,5.7044177,6.0305223,5.9635215,5.598181,5.4042163,6.06153,5.740129,5.652921,5.4247165,5.875011,5.422987,5.7021184,6.196096,5.514266,5.473719,5.765262,5.389524,5.769636,5.3015876,5.3071976,6.040075,5.640524,6.1345425,5.8054094,6.2125497,6.0364666,6.422209,5.5681434,5.1855297,5.79761,5.9428077,6.1139636,6.207977
2014-12-16 12:00:00,5.0125155,6.700442,5.760378,5.5756817,6.467384,5.534256,5.585245,6.5300217,6.2794166,5.346063,5.9168453,5.613844,5.9472156,5.5421777,5.6191688,5.8470182,5.8011947,5.9323573,6.714772,5.555237,5.94325,5.27898,6.183634,5.1798224,5.820321,5.956042,5.710703,5.8776393,4.8958797,5.503927,5.506986,5.992728,5.5162296,5.7868357,5.7394724,5.5372157,6.2689304,6.070144,5.9772844,7.536303,6.1615567,6.0524487,6.6163282,5.8116684,6.0881805,6.367391
