time,r6i1p1f1,r1i1p1f1,r2i1p1f1,r3i1p1f1,r5i1p1f1,r4i1p1f1,r10i1p1f1,r9i1p1f1,r8i1p1f1,r7i1p1f1,r4i1p5f1,r3i1p5f1,r2i1p5f1,r5i1p5f1,r1i1p5f1,r5i1p1f2,r2i1p1f2,r4i1p1f2,r3i1p1f2,r1i1p1f2,r2i1p3f1,r4i1p3f1,r5i1p3f1,r1i1p3f1,r3i1p3f1
2000-01-16 12:00:00,6.2288876,5.8166213,6.209304,5.8468204,6.240392,4.9232183,6.301839,5.9401975,5.8767557,6.1045313,5.3588433,5.746538,6.1174254,6.0644755,6.096916,6.4883156,6.143708,5.686518,5.7564487,6.7591696,6.457321,6.187002,6.3894277,5.4436398,6.3894167
2000-02-15 00:00:00,6.5674624,5.614017,5.574562,5.359972,5.7557316,5.87993,4.94489,6.1403728,5.5048056,5.6626015,5.2765474,5.573169,5.9937415,7.0303483,5.462583,5.761773,5.549364,5.883533,6.140916,5.3885326,6.1965394,6.227922,5.5934873,5.254564,6.4556665
2000-03-16 12:00:00,6.1073604,5.9581127,5.7388477,5.7333813,6.031698,6.1321335,5.6946845,5.646978,5.460461,5.891242,5.987741,5.3473783,6.035152,5.799821,5.5326343,6.0444202,5.856792,6.4215384,6.084869,5.757164,6.479912,6.214388,6.330912,5.779356,5.9543753
2000-04-16 00:00:00,6.131207,6.4044476,5.8363714,5.8830776,5.88254,5.0619526,6.0527916,5.1688833,6.0080104,5.623907,5.6832232,5.8458743,6.3958225,5.918833,4.876124,5.756102,6.198615,6.799157,5.701762,5.3147645,5.3645344,5.5089664,6.295527,7.080084,6.324331
2000-05-16 12:00:00,5.9795094,5.711137,4.9176354,5.5382147,5.7205234,5.2734275,5.9021955,5.625409,5.868052,5.642748,5.6367135,4.4355016,5.7564526,5.5442433,5.0934277,5.823779,6.3298078,5.8666806,5.486781,5.334905,5.5315895,4.9681106,5.590066,5.1562686,6.285349
2000-06-16 00:00:00,5.2564993,6.1383395,5.1089497,5.5904584,4.409545,5.143327,5.083588,5.2343106,5.0782647,5.2198434,5.455406,4.794112,5.2285414,6.0368595,4.7423806,5.6640263,5.508636,5.0247827,5.075353,5.6822076,5.286111,4.683985,5.3278036,4.946641,5.0327783
2000-07-16 12:00:00,4.552355,5.296179,5.5080676,4.9686713,5.006486,5.9152126,5.585672,5.550474,5.1120405,5.1363916,5.462289,5.791891,5.0196953,5.9923534,4.818758,4.5308533,4.821644,5.151227,4.9772286,5.6879406,5.403133,4.6532187,4.4858418,5.343261,4.6747494
2000-08-16 12:00:00,5.0183134,4.764023,5.7685733,4.748121,4.7793856,5.0671377,6.0282745,5.4756255,5.2927856,5.16908,5.168739,4.9855647,5.4795,5.451292,4.7296505,5.5941944,4.863774,5.8575473,5.159915,5.852494,4.485349,5.3978357,5.6079173,5.0479045,5.2288823
2000-09-16 00:00:00,5.763335,5.4412856,5.7846823,6.188838,5.53056,5.1416397,5.8043694,5.67441,5.901049,5.4129224,5.5873322,5.4410195,5.247882,5.106293,5.2026496,5.1940084,4.916142,5.5099764,5.5450344,5.397704,5.610773,5.680164,5.2157235,5.7595234,5.069236
2000-10-16 12:00:00,5.8118663,5.9599705,5.629801,6.5983562,5.5409956,6.434824,5.767442,6.212503,6.022294,6.3251624,5.841013,5.4519715,5.7016883,5.254497,5.532137,5.3556232,5.466775,5.7679715,4.808464,6.0440297,5.459953,5.508044,5.570393,5.9008994,5.651034
2000-11-16 00:00:00,5.480796,5.348852,6.012456,6.2044015,6.2680936,6.1682687,5.9203644,5.9415445,5.614506,5.7875886,5.605957,5.946922,6.0759516,6.3712177,6.3978558,5.8265123,5.6371818,5.5036006,6.022429,6.188814,6.0668106,6.420347,5.795965,6.235745,5.6455064
2000-12-16 12:00:00,6.212932,5.7623534,5.618232,6.0804157,5.8831687,6.620827,5.792467,5.7841763,5.7228785,6.36077,6.2852564,5.8777485,6.4759927,6.5993357,5.753274,5.5458198,6.3345547,5.653332,6.2197003,5.544064,5.683531,6.070059,6.2644477,5.6075172,5.901637
2001-01-16 12:00:00,6.395598,6.3587785,5.7555447,6.1692867,6.6300893,5.6487265,5.7505984,6.4345036,5.343773,5.9582043,6.023857,6.008522,6.521754,5.9967294,6.0720334,5.91868,5.941759,5.085285,5.958146,6.078369,6.026232,6.205122,5.989601,6.1359363,5.523712
2001-02-15 00:00:00,6.298035,6.4970837,6.345595,5.7072077,6.1300855,5.610331,5.588356,5.628692,5.438563,6.1026773,6.685667,5.896218,5.4072595,6.1790338,5.568365,6.818377,6.13476,5.379769,5.8954144,5.4745016,5.745722,5.6329594,5.8126726,6.1738358,5.2489147
2001-03-16 12:00:00,6.119017,6.038604,5.7140164,5.536562,5.8278737,6.0253057,5.1918063,6.0063453,5.416578,5.4119534,5.259783,6.036971,6.010488,6.0926256,6.036166,5.4248943,6.4289246,5.435729,6.170794,5.7118225,6.1377664,5.3629603,6.313275,6.087001,5.4770684
2001-04-16 00:00:00,6.0272894,5.8425994,5.5468764,5.519022,6.3488336,5.2797503,6.3864408,5.7212505,5.2307854,5.737955,5.319389,4.862369,5.175704,5.4820523,6.2176642,5.9634347,5.3815165,5.8066425,6.2443304,5.3686967,5.680475,4.959566,6.06106,5.7449536,6.7779217
2001-05-16 12:00:00,5.805726,5.3063602,5.227016,5.115363,5.7364645,5.105341,5.698467,5.923318,5.4437375,5.3649573,5.5875363,5.37973,5.660715,5.557974,5.318342,5.344515,5.002226,6.457094,5.7245164,5.558013,5.4605613,5.198923,5.253835,5.097329,5.129598
2001-06-16 00:00:00,5.1373987,5.2765136,5.518023,5.3143053,5.315382,5.2663336,4.830042,4.892552,5.061361,5.1707954,5.2325783,5.358772,5.648551,4.936951,5.1782327,5.771299,4.9564877,5.412501,5.046022,5.4109783,4.6214504,5.427123,5.961012,4.944551,5.0427175
2001-07-16 12:00:00,5.468362,4.8823233,5.1282864,4.6671124,5.038842,5.4849715,5.3488717,5.2434244,5.1525126,4.754038,5.126791,4.8488445,5.524353,4.954382,4.8886194,5.23597,5.005967,5.324259,5.40961,5.527483,5.738294,5.1179905,5.2818584,4.9625764,5.2132053
2001-08-16 12:00:00,4.93772,5.8592324,5.000161,5.000097,5.322725,6.080577,5.388264,5.3629794,5.2127423,5.494222,4.642069,5.0474253,4.9710226,4.706215,5.219099,4.920103,5.1017413,5.7989063,5.2225327,4.693063,5.5945525,5.241227,5.0731053,5.384262,5.0213
2001-09-16 00:00:00,5.8695474,5.598878,5.52541,6.4785504,5.2318964,5.157732,5.3119526,5.530402,5.414377,5.2646275,5.932453,5.739542,5.6395264,5.3327847,6.113694,6.0717916,6.164251,5.4221272,5.6062145,5.611224,5.574684,5.7965446,5.1645174,5.4439025,5.068197
2001-10-16 12:00:00,6.207407,5.981359,6.0667515,5.8103333,6.4754376,5.6528177,6.6611385,6.4545536,5.711649,6.0291343,5.7016854,5.657038,6.2762103,5.7058215,5.124307,6.4462523,6.0487547,5.7084403,5.97452,5.882823,6.057682,6.132658,6.193475,5.813811,5.6783996
2001-11-16 00:00:00,5.529999,5.87396,5.7612977,6.0255027,6.0095344,6.7355685,6.6729965,6.194843,5.836855,6.162532,5.7880793,5.892676,6.0361567,6.357665,5.8296943,6.2627177,5.8400936,6.2702203,5.378043,5.5731845,5.7250056,5.624055,6.0656166,6.133734,5.7730365
2001-12-16 12:00:00,5.9546995,5.4641495,6.0214725,5.236307,5.57477,5.5353374,6.517394,6.2086773,5.971439,5.4798374,6.223489,5.6928535,6.448412,6.035909,5.539565,5.685972,5.8309283,5.5986905,6.0923023,6.2711487,5.671107,6.0362215,5.451498,6.3977933,6.029999
2002-01-16 12:00:00,6.1531587,5.275071,6.1018877,5.974457,5.9115124,5.927435,5.78736,6.390832,6.102139,5.2898474,5.6665854,5.772384,6.3927774,5.6291623,5.9828744,5.855522,6.0399847,5.987379,6.38478,5.9123964,6.1483893,6.1772814,5.8590655,5.8974023,6.417286
2002-02-15 00:00:00,6.3567758,5.0580235,6.36479,5.7148457,6.079279,6.0081196,5.7022095,4.9061584,5.55973,5.782964,6.1559753,6.566644,5.675532,6.1783466,5.388828,5.5770655,6.243681,5.801989,6.1765733,6.4528103,5.2236032,5.612225,5.820368,6.0283628,5.941874
2002-03-16 12:00:00,5.6150947,6.080208,5.3625255,5.8872366,5.3564115,5.809095,5.289256,5.9281745,6.088814,5.524069,5.636526,5.400686,5.614619,6.094805,5.8107815,5.519644,5.91245,5.377923,5.9782257,6.0516706,5.960962,5.9265943,5.438212,5.641176,5.994429
2002-04-16 00:00:00,5.8336635,5.169874,5.453707,6.2080035,6.1929045,6.1805744,5.451684,5.7331424,5.519392,5.406538,5.995077,6.4209194,5.4620776,5.9661145,6.188291,4.938127,5.468644,5.594091,5.4884243,5.8815656,5.3319454,4.916892,5.5805154,5.423456,6.099415
2002-05-16 12:00:00,5.825113,5.0346513,6.200905,5.04106,5.5031605,5.44203,5.6614456,5.957486,5.6655936,5.758252,6.066787,5.8293896,5.2978024,6.002617,6.0921288,4.999999,5.6531644,5.874269,6.0454197,5.5266395,4.8896847,5.796574,5.0989003,5.140699,5.768521
2002-06-16 00:00:00,5.646082,5.0431876,5.2272706,5.350733,5.215472,5.068476,5.4332447,5.402048,5.0343847,5.4727874,5.0871253,5.334156,5.543829,4.591105,5.7346935,5.2165775,4.8348837,5.1753983,5.2109966,5.130956,5.7129636,5.3895884,5.41519,4.772757,4.968099
2002-07-16 12:00:00,5.4713635,4.54173,4.8148737,4.8216925,5.1558385,4.9366417,5.2528324,5.730294,5.1428156,5.6648674,4.784563,5.007749,5.3480062,4.796563,4.637593,5.170076,4.5792575,4.5512586,5.513561,5.0022464,4.81604,5.0114403,4.890546,5.499078,5.874571
2002-08-16 12:00:00,4.8618927,5.1756415,5.4038944,5.016641,4.83235,4.744987,5.2753625,4.787881,5.220237,5.964808,4.662931,5.9868317,5.1540713,5.0756626,4.951353,4.887092,5.669218,5.2545547,4.764254,5.0135264,5.3216467,5.0708585,5.342741,5.4118137,5.130132
2002-09-16 00:00:00,5.141385,5.1902757,5.7327895,5.9275126,5.930424,5.3657017,5.524265,5.9782677,5.7350597,5.6611276,5.768079,5.5879745,5.2490735,5.4367695,5.4587083,5.353338,5.902615,5.4302835,5.0850353,5.33103,6.0279474,5.8507934,5.3918204,5.758378,5.2700734
2002-10-16 12:00:00,5.991004,5.735754,6.1265965,5.711694,6.149967,6.0236807,6.0336804,6.4590387,5.926461,6.0922995,5.5157557,5.9721093,5.335701,6.2629857,6.5749683,5.86063,5.9992137,5.748932,5.27127,6.542364,5.6257935,6.2350135,6.009886,5.75817,5.9677954
2002-11-16 00:00:00,5.877499,5.8728533,5.2982225,6.1519666,5.8814464,5.499915,5.7545767,6.4261527,5.708796,6.378647,6.238228,6.1438227,6.098803,6.444784,6.558103,6.4825764,5.440194,5.099944,5.4956775,6.025906,6.3359766,5.9328785,6.176706,5.9223533,6.0481315
2002-12-16 12:00:00,5.8104763,5.894575,5.928785,6.0796237,5.500118,6.027905,5.823857,5.411293,6.496897,5.712511,5.862879,5.305872,5.0967503,6.3995185,6.379082,5.978043,6.2237988,5.8906612,5.6086874,6.2577114,6.1285596,5.60866,6.439056,6.587411,6.2407074
2003-01-16 12:00:00,5.6867075,6.1711526,5.806121,6.5789323,5.6680627,6.021796,5.659542,5.835895,5.9566374,6.3718567,6.415515,6.1150947,6.3358502,5.9927344,6.7167587,6.061304,5.488166,5.7386074,5.6494956,5.012656,6.179006,5.83798,6.1484966,6.2778625,6.738474
2003-02-15 00:00:00,5.798313,5.8225155,5.5074563,5.6254907,5.6193223,6.420556,6.293263,5.827929,5.8542194,5.41848,5.885386,6.0628924,6.1319275,6.625172,5.4876156,5.5174007,6.0329914,5.474055,5.1143284,5.5894322,5.7724586,5.450181,6.261942,5.2178345,6.1709433
2003-03-16 12:00:00,5.637907,5.8307548,6.773115,5.898928,5.78755,5.3586383,6.3072495,5.8065715,5.8292284,6.2575464,4.9739375,5.7728863,6.1559916,5.7297626,5.6813493,6.3425403,5.8304086,5.2546077,5.9583616,5.35367,5.533929,5.358397,6.205247,6.0053315,5.482811
2003-04-16 00:00:00,5.789255,5.849202,5.29011,5.8544292,5.8848906,5.396559,6.350558,5.5614777,5.464908,5.542654,5.6848674,5.688381,5.901245,5.3192225,5.8838787,6.403226,5.4531646,5.926341,5.854485,5.463039,6.340349,6.2318163,5.585807,5.7169876,5.4682975
2003-05-16 12:00:00,5.595465,5.2726765,4.883507,5.7500176,5.2739844,6.777322,4.9426017,6.2888727,4.792569,5.1343017,4.9323745,5.7031364,5.647807,4.9079213,5.305348,5.8586364,5.669325,5.4550805,5.495939,5.7250276,6.3966327,5.1736965,5.6759,6.1021447,5.4358735
2003-06-16 00:00:00,4.834662,4.949502,5.0857873,6.017201,5.8376994,5.808813,5.1665707,5.088392,4.970754,4.743159,4.4741483,5.3006186,4.7302675,4.9780264,4.614975,5.7199087,6.2273264,5.2925453,5.898966,5.2037086,5.9622474,5.87833,5.5269513,5.03747,5.127829
2003-07-16 12:00:00,4.598697,5.457922,4.9588675,5.425733,5.0162244,5.498446,4.9395413,5.2161884,5.428602,4.7762904,4.518471,4.646296,5.212788,4.8140516,4.434671,5.4423327,4.8953176,5.1693015,5.113025,4.569655,4.9568205,5.3395348,4.959365,4.7431736,5.0402203
2003-08-16 12:00:00,4.7395844,5.246998,5.5195007,5.0660305,5.357073,5.320218,5.439986,5.09325,5.259147,4.947564,4.613255,5.2129145,5.1489706,5.212466,5.089767,5.1913786,5.190849,5.253348,5.3942456,5.3888726,5.0549183,4.8069763,4.993131,4.9348855,5.0099816
2003-09-16 00:00:00,6.1626205,5.224543,5.932094,5.8941503,5.2835946,5.231811,5.8404727,5.7375174,5.138989,5.4027843,5.379202,5.368347,5.7853675,6.4145474,5.543702,5.5622487,5.7668896,5.4839625,5.408855,5.204868,5.0763474,5.315503,6.2496486,5.9573736,5.027825
2003-10-16 12:00:00,6.5399356,5.819685,6.195368,5.9880724,5.675867,5.6916056,5.905283,5.8362527,5.833112,5.9380198,6.1777997,6.022826,6.262474,6.1251307,5.3028445,5.9925175,6.5737844,5.6826115,5.5796437,5.3161163,5.9486713,5.9673843,6.3875103,5.492961,5.91373
2003-11-16 00:00:00,6.0688653,6.453152,6.4509335,6.5237064,6.308933,6.731438,6.1806784,5.764409,5.644575,5.6717124,6.20968,6.007076,5.741863,6.223246,5.5678406,6.3487844,6.8660593,5.858062,5.700788,5.8772497,5.713792,5.866572,5.595621,6.642577,6.8905215
2003-12-16 12:00:00,5.957755,6.223039,6.0686016,5.5878925,6.0589623,6.2689033,5.8385935,6.0749416,6.077406,5.3498197,6.5167418,6.080418,5.9710355,5.702167,5.8423276,5.667391,5.844244,5.345988,5.8797364,5.131643,5.590354,6.376141,6.333479,5.4973507,5.6895866
2004-01-16 12:00:00,5.798534,6.4763546,5.8746805,5.665836,6.4318643,5.5331964,5.767263,6.07897,5.8130755,5.8964634,6.3722115,6.1236563,6.4008417,6.459392,7.3167343,5.808058,5.683737,6.049029,6.0740237,5.812877,6.1296616,5.854254,6.408325,5.866481,5.445501
2004-02-15 00:00:00,5.7446203,5.9474716,5.3812656,5.603742,5.6411533,5.689871,5.55768,5.745336,6.229034,5.8060093,5.6922727,5.4722786,6.1912923,6.234058,5.979766,5.6198506,6.051637,6.0904617,6.0888357,5.596687,5.801458,5.5828695,6.8726864,6.1016254,6.1118145
2004-03-16 12:00:00,6.242326,5.741066,5.6575174,5.4855804,5.877143,5.4190464,6.236833,6.0304017,5.49376,5.3191895,6.031377,6.117847,5.8514647,6.7888503,6.413219,6.1899376,5.2565265,6.2425385,6.197352,5.491121,6.6146994,5.69617,6.17762,6.1756997,5.5762024
2004-04-16 00:00:00,5.902087,5.1514335,5.2866116,5.954075,5.582996,5.473229,7.3209586,5.349544,5.95973,6.41757,5.6176662,6.2980623,5.550066,5.616512,5.7829213,6.4573874,5.0349236,5.015165,5.604647,6.573998,5.73466,6.419722,5.5662436,5.7739334,5.2711625
2004-05-16 12:00:00,5.3490443,6.082398,4.897548,5.594164,4.7123466,5.268162,5.242302,5.290187,5.714363,5.5332565,5.899373,5.5890446,5.5886893,6.0004554,4.8384147,5.8687344,5.223267,4.9745417,5.798731,5.6360297,5.308343,5.6619363,5.5962353,5.3488793,5.792322
2004-06-16 00:00:00,5.485115,5.757419,5.672164,5.001848,5.6799455,5.190401,4.9991674,5.8144264,4.9884,4.824377,5.573311,5.8326283,5.519272,5.013235,4.962394,5.6457496,5.6081195,5.094492,5.0900726,5.475257,4.8945594,5.3351007,4.7447023,5.180483,6.0934796
2004-07-16 12:00:00,5.4324207,4.7838244,4.8049445,5.3301296,5.149513,4.719852,5.0862384,5.2098594,4.902611,5.5364294,5.06043,5.516075,4.866434,5.3218393,4.669209,5.282476,4.786304,5.441374,5.3714685,5.287222,4.9304156,4.9261374,4.7172794,4.7525454,4.795116
2004-08-16 12:00:00,6.0988564,5.0864954,5.1409035,6.089129,5.083635,5.482683,5.503204,4.808037,5.1038456,5.219464,4.974514,5.2966733,5.1279135,4.556805,6.044983,4.929034,5.430941,5.082281,5.813817,4.579596,5.11876,4.721945,5.204242,4.8213444,4.5535116
2004-09-16 00:00:00,5.521247,5.7252603,6.4205194,5.5209627,5.757248,5.234118,5.9304123,5.511904,5.8929386,5.5159483,5.3987985,5.8756757,5.545117,5.493485,5.1880817,5.5494967,5.637192,5.192794,5.728739,5.0172772,5.3205895,6.208128,5.9587536,5.2501307,5.940526
2004-10-16 12:00:00,6.0474114,6.0352774,5.5660696,5.9893603,5.889673,5.4811077,6.34168,5.843859,6.2924514,5.5761065,5.7734504,5.9008904,6.2348123,6.2573333,6.0921645,5.796622,6.1340656,5.903729,5.7761135,5.437338,5.542905,5.8693943,6.0837073,5.637969,6.533333
2004-11-16 00:00:00,6.120139,6.863559,5.4975834,5.7479153,5.967176,5.785449,6.4938297,6.655924,6.092627,6.787,5.640801,7.0560746,6.2425604,6.2233496,6.2370105,6.157172,5.8024487,5.702687,6.7120304,5.8206453,5.3859057,5.985151,5.569872,6.0521264,6.7557354
2004-12-16 12:00:00,6.7816086,5.787069,6.4291,6.046448,5.6042295,5.879328,6.7816577,5.613073,5.367931,6.013265,6.193205,5.735976,5.8326077,6.033309,5.648899,5.4295516,5.917065,6.611681,5.9175844,6.070661,6.2223687,5.2367635,5.8616147,6.053713,6.6596584
2005-01-16 12:00:00,5.7836523,6.276402,5.4125466,5.921914,5.4458,6.192377,6.357425,5.690142,5.702123,6.322163,5.9753857,5.9758024,6.0998197,6.6955643,6.2692294,5.485216,6.038965,5.469097,5.675048,6.2120953,6.082377,6.076266,5.561436,5.8369904,5.991385
2005-02-15 00:00:00,5.9342546,5.304485,5.459701,5.3325973,5.4928336,6.4745617,5.742414,5.1612024,6.1844764,5.803804,5.976324,6.5462728,6.036969,4.969922,5.63921,5.6086307,6.3842716,5.7437143,5.6012373,6.0205407,5.996804,6.002631,5.88314,6.506296,6.5680747
2005-03-16 12:00:00,5.8584094,5.8907275,5.7799044,5.927494,6.166382,6.159912,5.6156955,5.989491,6.020306,5.5094595,5.066328,5.787492,5.8893604,6.1869974,5.8212304,5.824351,4.9923778,5.435341,5.363582,5.908144,5.5230227,5.015102,5.9040256,5.7893577,6.00623
2005-04-16 00:00:00,5.6395974,5.700943,5.775982,6.140116,5.6091485,5.511499,5.4510117,6.263021,5.930682,5.050454,5.905181,5.808417,6.4043036,5.3759713,5.9036207,4.9909678,5.665659,5.2682023,6.066898,5.4017663,5.5272465,5.525918,5.7874494,5.5777965,5.802047
2005-05-16 12:00:00,4.57941,5.1823444,5.473353,5.568171,5.2162805,6.1595974,5.25341,5.3864408,5.0829897,5.317793,5.931873,5.3691983,4.7722187,5.1812057,6.092704,5.0614424,5.0383325,5.721673,5.689906,5.073287,5.7508526,5.690868,5.797888,5.611741,5.7143207
2005-06-16 00:00:00,5.2344,6.1230283,4.7150507,5.187417,5.375095,4.6760583,5.8866525,4.7871614,5.013685,5.55432,4.6400933,5.818876,4.5615573,5.631972,6.193231,5.018192,4.86455,6.0160937,4.533406,4.953612,6.0372825,5.4035892,4.6028996,5.12227,4.976637
2005-07-16 12:00:00,5.73015,6.1911993,4.621371,4.820814,4.8299017,4.895428,4.918356,5.0125623,4.509757,5.184316,5.593008,5.0534487,5.083333,5.728498,5.090577,5.2938757,4.8626842,5.0380116,5.4009676,4.8835034,4.4187317,5.093514,4.5363398,5.029684,4.9137278
2005-08-16 12:00:00,5.080515,5.146664,5.0818386,5.0038967,5.504733,5.125704,4.6876154,5.2568364,4.9482713,5.1415043,5.482438,5.2010365,5.618604,5.23466,5.198568,5.339926,4.435992,5.906478,4.963644,5.438337,6.0852,4.36535,5.016414,4.66459,5.610676
2005-09-16 00:00:00,5.1288137,5.281919,6.1118264,6.197775,5.538972,5.3008637,5.6345615,6.342782,5.9948173,6.5053625,5.5797086,5.573785,6.1375766,5.7445126,5.663982,5.8319364,5.325698,5.355032,5.585188,5.524234,5.427986,5.7734365,5.974293,5.721856,5.903317
2005-10-16 12:00:00,5.81461,5.668028,6.013898,6.99519,5.9534917,5.997773,5.4358463,6.312639,5.881507,5.783611,5.563141,5.825675,6.224286,6.302959,5.487726,6.094728,6.767808,5.1802917,5.879109,5.6602955,6.4957232,5.326515,5.5903053,6.3396378,6.428264
2005-11-16 00:00:00,5.1843624,5.3671885,6.2805533,5.5621777,5.8200693,6.733578,6.021793,6.4091606,6.2742176,5.735139,6.5358453,5.8855877,6.1106973,6.519332,5.7530074,6.377948,6.2995048,6.0911074,6.258122,5.906842,5.814199,6.0871487,5.922992,6.5796604,6.778124
2005-12-16 12:00:00,5.9084797,6.534829,5.617907,6.570599,6.5998116,5.7785926,6.589669,5.898356,6.0454383,5.438104,5.7835364,5.8321986,6.584623,6.1117496,6.4856625,6.083471,5.6201706,5.6740985,6.1410513,5.951864,6.50092,5.8537025,6.256674,6.477994,6.072758
2006-01-16 12:00:00,5.6383505,5.7177563,6.0769258,5.8797727,6.35451,6.412828,6.192565,5.5524073,5.5737977,5.970133,6.1258,5.8259687,6.5934186,5.8196297,6.6217785,6.0924582,5.594921,5.905826,5.9705396,5.546718,6.67998,5.5567365,6.273852,5.8928065,5.6538916
2006-02-15 00:00:00,6.268297,5.7613864,5.8530893,5.3373227,5.6583295,6.1457005,6.1082096,5.3161945,6.4506874,5.5307603,6.5852823,5.9748697,6.099241,6.091339,6.6445837,5.372717,5.8205175,5.031442,5.452168,5.484949,6.1621723,6.466086,6.6167984,6.2737927,5.5480804
2006-03-16 12:00:00,5.4766226,5.5475364,5.812595,5.587488,5.6410403,5.63621,6.0112076,5.8123302,6.130727,5.5035734,6.0061088,5.5922046,5.8188925,5.571322,6.2681937,5.4972,5.700704,5.5449924,5.362818,5.3538413,5.8040104,6.5803432,6.9036484,5.8893476,6.1639977
2006-04-16 00:00:00,5.7818747,6.0042224,5.244591,5.935854,5.7899604,5.900489,5.872718,6.002839,5.5978975,5.208229,6.123476,6.0274596,5.918051,5.3158755,6.4282684,5.866857,5.3353705,5.5293174,6.2629056,5.295912,5.754682,5.949426,5.598917,6.2366467,5.500641
2006-05-16 12:00:00,5.958939,5.9488964,5.414672,5.2580614,5.132925,5.6182523,5.962099,5.780693,5.865402,5.0861063,6.235151,5.9294744,5.538961,5.11061,5.5637794,5.8743563,5.006188,5.6833396,5.466466,5.507195,5.6221986,5.6906295,5.247214,6.169119,5.72989
2006-06-16 00:00:00,5.8550115,5.277432,5.2680535,5.082777,5.3988256,5.3986425,5.017998,5.105589,5.305868,5.787345,5.1810446,5.753076,4.427536,4.4322224,4.465309,5.778953,4.860262,5.0183415,5.729026,5.902734,4.7175035,5.526888,5.0372343,5.036899,4.6336074
2006-07-16 12:00:00,5.3185935,4.9689875,4.9261575,5.3979855,5.222725,5.242547,5.1803784,5.103892,5.421364,4.705593,4.9717865,4.4850316,4.9464474,4.29684,5.215804,5.709951,4.6879444,4.9286923,5.59382,5.1606426,4.5622807,4.817356,5.080408,4.781145,4.929307
2006-08-16 12:00:00,5.242684,5.7132773,4.8095036,4.9794216,5.0579157,5.449686,5.0279837,4.670832,5.371405,5.1593323,6.14059,5.224943,5.998899,5.5687246,4.895669,5.5264416,4.949757,5.272106,5.5390286,4.8983603,5.123484,5.9327097,5.0659614,4.9441705,4.9530888
2006-09-16 00:00:00,5.334748,6.112954,5.250761,5.559138,5.358259,5.3198557,5.3426666,5.894906,5.8195496,5.0799537,5.4240746,5.276023,6.114279,5.3049097,5.6198635,5.282961,5.4492984,5.553117,5.7625375,5.344294,4.8905606,4.9884963,5.3765745,5.5840554,6.1214643
2006-10-16 12:00:00,5.680327,5.7380667,5.8405566,5.8886685,5.21943,5.445363,5.6610336,6.599134,5.7364907,5.9795704,5.776037,5.6778965,6.651992,5.4271264,6.043762,5.1374764,5.904079,6.2943735,5.4841633,5.7074084,5.84481,6.1759644,6.1440377,5.85004,5.498179
2006-11-16 00:00:00,5.9967594,5.509537,5.5084815,6.654274,6.0601993,5.5276523,5.5675235,5.7143755,5.9905543,6.502108,5.7678833,6.387724,6.112021,6.082523,6.947126,6.300877,5.373143,5.4548783,5.796763,6.431643,5.646341,5.5029044,5.9860735,5.8439965,6.3096976
2006-12-16 12:00:00,5.477906,5.779536,6.2337513,6.294642,5.557572,6.238549,5.8270364,5.543769,5.6889625,6.282107,5.5557165,5.6644483,5.8633447,5.3543987,6.1692553,6.011035,5.7491035,6.453599,6.457408,5.5675144,6.1813855,6.119384,6.097238,5.93038,6.6177826
2007-01-16 12:00:00,6.015881,6.196322,6.1895056,5.850359,5.771584,5.7056007,6.755259,6.198302,6.492892,6.032812,6.6175976,6.296201,6.060419,5.807356,6.185175,5.882331,5.451717,5.961038,5.8524904,5.6081076,6.0806293,5.5544224,5.624213,5.672596,5.2913337
2007-02-15 00:00:00,6.475692,5.6706095,6.279296,5.784685,6.0592837,5.751642,5.535046,6.355,6.211553,5.65975,5.5260305,6.098308,5.7001505,5.508298,5.4666038,5.9449916,5.6872387,5.2527714,6.2633624,6.0275955,5.5526466,5.514702,5.912818,5.9334316,5.8956156
2007-03-16 12:00:00,5.778831,5.8786316,6.788323,6.3690495,5.7199917,5.8041945,5.83887,5.3440533,6.306368,5.9809556,5.71599,6.248152,5.6369095,6.1011157,5.854728,5.79439,5.5378613,5.070272,5.770437,5.0791726,5.651931,6.2133436,5.4685984,5.4910636,5.827036
2007-04-16 00:00:00,6.16705,6.382175,5.2681594,5.969539,6.057615,5.7520065,5.8367605,5.9732294,5.6234503,5.5244956,5.4300146,5.497834,6.72507,5.7159553,5.718958,5.898009,7.041471,5.55679,6.246353,5.8223047,6.362017,6.065818,6.0410104,5.6095376,5.6041737
2007-05-16 12:00:00,5.9779196,5.52658,5.4132843,6.1025925,6.2995977,6.738369,6.4334574,5.1292834,5.290657,5.24382,6.414545,5.14883,5.612801,5.295615,5.008224,5.3927603,6.2210903,6.4568396,5.7428174,6.00498,5.682359,5.9916677,5.600148,5.0359383,5.470629
2007-06-16 00:00:00,5.9010296,5.240286,5.5420856,4.9353337,4.6958227,4.9632463,5.3440495,5.4042535,5.234198,5.190741,4.78179,4.4830637,4.9076133,5.4156914,4.73646,5.0270333,5.2201886,5.7111053,4.8865848,5.526107,5.1466556,5.0867367,5.637388,5.2846637,5.111603
2007-07-16 12:00:00,5.304644,5.189049,4.851508,4.166467,4.994435,5.402939,5.5410986,5.2575207,4.98973,4.462133,4.244642,4.5505657,5.210675,5.012316,4.826638,5.090645,4.951996,5.1433086,5.492571,5.3574085,5.1129684,5.178726,4.937924,5.0223904,4.975359
2007-08-16 12:00:00,6.388382,5.3250113,5.0340266,5.460822,5.450541,5.2236304,5.2717276,4.7594213,4.880393,4.5080843,5.3931146,5.304796,5.593037,4.8722873,5.423601,5.1123734,5.8051662,4.658517,5.506319,5.5055847,4.8088174,4.995033,5.3792434,4.9811215,5.507738
2007-09-16 00:00:00,5.0305886,6.071741,5.171831,5.7599773,6.0934696,5.521831,5.8743825,5.4158077,5.5382648,5.6996365,5.4507046,5.2767086,5.2109013,4.9243655,5.702818,5.6429424,5.5964694,5.2300224,5.502408,5.810925,5.450993,5.467782,5.4975057,5.844042,5.566813
2007-10-16 12:00:00,6.3257537,5.6293516,6.5148473,6.013275,6.0821767,5.667161,6.0720553,5.6940403,5.6284084,6.236185,6.3228335,6.619287,5.890864,6.725148,6.289385,5.947078,5.8575897,5.585868,5.433538,5.615731,5.8327565,5.636806,6.787157,6.2213764,5.7909436
2007-11-16 00:00:00,7.4098597,5.857215,5.4474325,6.3273697,6.0749164,5.729993,5.9219103,5.8048267,5.9674616,5.9471188,6.6430597,6.036623,6.1306586,6.064366,5.7375793,5.834554,6.086827,6.14377,6.176527,6.6498027,6.4427967,5.992031,5.9933534,5.941821,6.0065746
2007-12-16 12:00:00,6.632114,5.882456,5.5086255,6.957921,5.79515,6.187054,5.323275,6.4267297,6.2511554,6.55799,6.7461324,5.5843277,6.8916254,5.774622,6.0303116,6.12698,5.833488,6.166731,5.989039,6.358005,6.349226,5.528205,6.1677756,6.141348,6.365821
2008-01-16 12:00:00,5.595316,5.904949,5.9503574,6.0181713,5.9385843,6.0768924,5.9482126,5.6483264,5.0859776,6.1354046,5.6624284,5.9292035,6.584093,5.556914,5.2926874,5.823127,5.2262793,6.453234,5.525988,5.3663883,5.8025174,5.6537576,6.109007,5.191441,7.751664
2008-02-15 00:00:00,6.085116,6.573708,5.5908213,5.7730217,5.7840123,5.975285,6.0430536,5.843045,5.923828,6.2236547,6.146233,5.9455075,5.8331723,6.032484,5.3205886,5.586797,5.6356335,6.06329,5.2258034,4.726721,6.2724657,6.194338,5.515091,6.2597136,6.1427655
2008-03-16 12:00:00,6.0778418,6.52577,5.282223,5.8068366,5.6242356,5.740837,5.890081,6.4088674,5.3947873,5.618248,5.796417,5.635916,6.709656,5.6046033,5.6904798,5.9208775,5.883876,5.821785,5.4313145,5.7384086,6.495985,5.8430696,6.0743628,5.606335,5.8945436
2008-04-16 00:00:00,5.9445972,5.4884996,5.803117,6.0418773,5.673222,5.43013,5.7952595,5.6559114,5.7238407,5.6322317,5.9295535,5.5056934,6.1968594,5.9026175,6.2561607,6.1818523,6.7226706,5.580102,6.261075,5.3704157,5.0524426,6.719138,6.161656,5.49754,5.6911616
2008-05-16 12:00:00,5.5081863,5.21905,5.1631174,5.9604483,5.108431,4.9515433,5.309923,5.150947,6.2563357,5.373221,5.1839447,5.4786987,4.9651976,6.4947433,6.256379,5.7503705,5.384456,6.7356796,6.199745,5.869601,5.5830135,4.979379,4.998981,5.569476,5.2796116
2008-06-16 00:00:00,5.007281,4.5136285,4.9118185,5.6153173,5.8477945,4.9254217,5.33306,4.8260555,5.2073917,4.560464,4.7337675,4.918785,5.3736725,4.8363123,4.35981,5.1660333,5.2120385,5.2497287,4.6181674,5.315541,4.850519,5.6801353,4.8622065,5.833178,4.850527
2008-07-16 12:00:00,5.323166,5.087538,5.268111,5.430919,4.801739,5.265681,4.8145056,5.173194,5.658203,5.035519,4.9745026,4.70527,4.5601325,4.6421666,4.56925,4.9534273,5.409852,4.727221,5.2649136,4.60049,5.4013114,4.738739,5.2996573,5.58827,4.7051535
2008-08-16 12:00:00,5.0150943,4.9213758,5.3556533,5.22335,5.178845,5.235674,5.9743476,5.4973726,5.236115,4.8705454,5.4909143,4.6229534,5.037154,5.013673,4.547533,4.9030867,4.8140726,5.0941477,5.034635,5.346678,4.9609256,4.8581905,5.44905,5.4680576,5.46184
2008-09-16 00:00:00,5.4595203,6.5413833,5.7902665,6.1580625,4.93066,5.7538624,6.27092,5.5094275,5.844968,5.7877235,5.3430805,5.69579,5.855117,5.791637,5.705749,5.54256,6.090377,5.6773562,5.394177,5.345915,5.8121376,5.322499,5.575324,5.9767966,5.8910236
2008-10-16 12:00:00,5.372845,6.066956,5.96556,5.7052884,6.663164,6.2704163,5.998146,5.584589,6.011443,5.7772927,5.491367,6.0550375,6.1577535,5.696189,6.1778936,5.934675,5.757929,5.9811435,5.9893646,7.0525327,6.4233623,6.4121876,5.5501766,6.397878,5.540296
2008-11-16 00:00:00,5.5514035,5.610768,5.8654723,5.81623,5.9882317,5.2887993,6.032938,6.0615964,6.000687,5.66435,6.345098,6.3016934,5.5386353,6.371887,6.5482445,6.4503555,5.9275403,6.1063685,5.836012,6.1135645,5.6422434,6.1561747,6.1012163,5.6144357,5.871565
2008-12-16 12:00:00,5.9700646,6.4538693,6.232243,6.430268,6.041188,5.9363317,6.1204605,5.8922086,6.5284634,6.81066,6.8934827,5.7287793,5.79331,5.7535496,5.7921095,6.0834317,5.3992076,5.720638,6.1995535,5.8967385,6.124914,5.583266,6.2434373,5.857656,6.0565906
2009-01-16 12:00:00,6.5241184,6.009997,6.040183,5.351259,6.119217,5.555541,6.222484,6.026475,5.751686,5.6559925,5.206923,5.9965024,6.3236794,6.9031816,5.4933605,6.112507,5.843501,4.9866343,5.7543616,6.3089566,5.596216,5.7167797,6.1455264,6.0902805,5.6299286
2009-02-15 00:00:00,6.538441,5.760853,6.488239,6.1870255,5.465394,6.0992336,6.099897,5.690822,5.595154,6.2793145,5.7691054,6.0403156,5.9794426,5.919506,5.731413,5.414188,5.8801136,5.725455,4.9938226,5.7277393,6.154368,6.3542156,6.497639,6.8140526,5.9621296
2009-03-16 12:00:00,5.8191843,5.7701526,6.4683795,5.819277,5.625287,5.220591,6.062193,5.812595,6.1140156,5.1082096,5.5571957,5.9228168,5.8955503,5.4895363,6.0478253,5.5080576,5.265428,5.6228375,5.8904324,4.9944024,5.786704,6.4688725,6.292715,5.313274,6.080587
2009-04-16 00:00:00,5.451906,5.7376466,5.604106,5.8502483,5.6019144,5.9199057,5.1307473,5.5348372,6.0391636,5.7347193,5.941094,5.9783545,5.9069943,5.3018317,6.556075,5.330065,5.4983277,5.8017755,5.786281,5.5163937,6.3526297,6.3852386,5.7078876,5.766728,5.5394664
2009-05-16 12:00:00,5.5117903,5.6967955,5.8053856,4.838893,5.087853,4.968122,6.07848,5.005641,4.826799,5.545176,5.8685513,4.8690586,6.022661,5.31448,6.479637,5.372701,4.913195,5.3920474,6.114408,5.562185,5.2693186,5.379475,5.9002247,5.4095902,5.8965087
2009-06-16 00:00:00,4.9228625,4.4666424,5.4568415,5.2055225,4.677546,5.440542,5.0856133,5.03683,4.7971597,4.723965,5.279032,4.9513016,4.8375635,5.031381,5.2717724,5.518056,5.2598195,4.724774,5.1143427,5.296525,5.220243,5.3408093,5.8234887,4.7718735,5.4102573
2009-07-16 12:00:00,4.8782053,4.8693066,5.342186,4.7084694,4.6354885,5.1047287,5.92653,5.4528365,4.956534,5.2115316,4.71585,4.4764543,4.942529,5.1494846,4.8179727,5.1663904,5.682361,5.284302,5.0626726,4.9167843,5.298397,4.8057284,5.13757,5.2176876,4.91358
2009-08-16 12:00:00,5.234899,4.6966367,5.4427204,5.1883817,5.4775214,5.361389,5.722848,4.8557806,5.3653493,4.8283286,4.727209,5.058031,4.467041,4.9364696,5.100147,4.889362,4.9154673,4.66948,4.7300053,5.281335,4.84655,5.2890506,5.3960857,5.4105287,5.6809335
2009-09-16 00:00:00,5.382232,6.415064,5.5617394,5.9986715,5.805376,5.145838,5.423888,6.033515,5.8807926,5.3262024,5.1615186,6.0241733,5.6525316,5.7008142,5.830317,5.403864,5.662752,5.671694,5.3801055,5.1756973,5.6364646,5.188324,5.389642,5.6847076,5.582589
2009-10-16 12:00:00,5.849627,5.6565127,5.8879113,6.804187,5.56697,5.3462744,5.981635,6.2491913,4.9656105,5.5871115,6.326383,5.78794,6.0150537,5.72183,5.981425,6.0375385,5.857996,6.0911613,6.2087297,5.660202,6.6910267,5.559796,5.594825,5.7049885,5.6848807
2009-11-16 00:00:00,5.5166597,6.0405145,6.0606475,5.345152,6.3178024,5.818035,6.2913847,6.2680874,5.632682,6.1391153,5.7779827,6.107981,6.229221,5.8478603,6.2917805,5.8845844,5.857397,6.3918905,6.059595,5.5120444,6.0103326,6.1544538,7.018143,5.6514544,6.197811
2009-12-16 12:00:00,5.608212,6.6002007,6.520039,6.723142,5.463213,6.214102,5.6098976,6.241336,6.5155787,5.9681263,5.9384046,6.29185,6.4422927,5.7188663,5.7542934,5.5334396,6.4621177,6.222357,6.0936737,5.987467,5.9810004,6.049295,5.2657523,6.69512,6.056839
2010-01-16 12:00:00,5.455696,5.7915645,5.8901315,5.6177335,6.7746253,5.5420704,6.3623004,5.8609867,5.9884787,5.944702,5.896443,6.164266,6.1396656,5.938869,6.885491,6.24794,5.8703775,5.8227506,6.456688,5.7894583,6.0811453,6.4589505,6.96863,5.7638745,5.863632
2010-02-15 00:00:00,5.7854137,6.153475,5.738971,6.819973,5.6699076,6.504124,6.043615,5.0635166,5.902041,5.796007,5.56826,5.6417103,6.269178,5.7683887,5.436543,6.21003,6.3571725,5.5225534,5.623508,6.4152164,5.625847,5.796966,6.227649,6.245842,5.547035
2010-03-16 12:00:00,6.044808,6.015352,5.8374953,6.0147467,5.6375136,5.962155,5.353757,5.7519846,5.7388473,5.869689,5.939589,6.1598854,6.3403673,5.9484634,6.558043,5.828154,5.5290437,5.4517,5.4167027,5.294782,5.5541883,5.559085,4.8663187,6.1126494,5.509665
2010-04-16 00:00:00,6.021804,6.482622,5.7979984,5.628691,5.753075,5.9507446,5.8699985,5.754671,6.054907,5.388842,6.06489,5.517903,5.940563,6.0610995,5.7249203,5.7690563,5.4625425,5.1575413,5.7889247,5.461544,6.071024,6.014083,5.7636147,5.585062,6.276457
2010-05-16 12:00:00,5.953749,5.616638,5.982282,4.9301662,4.9473214,5.733938,6.093043,5.5546985,5.469701,5.0250845,5.693393,5.6635685,5.3996296,5.4769173,5.313601,4.9084406,5.2631454,5.4034576,6.0020833,5.805876,5.386852,4.893658,5.6445975,5.6909924,5.310355
2010-06-16 00:00:00,5.469788,4.9961886,5.7647877,4.4648128,5.0170007,5.091229,5.5402284,4.9941864,5.4772515,5.184083,5.527398,4.714616,5.130975,5.4019833,6.167447,4.480796,5.205394,5.512094,5.1203113,4.988557,5.6286755,4.5780816,5.9320574,6.0310817,4.9038577
2010-07-16 12:00:00,5.1001873,4.4571424,4.619348,5.4927487,5.5923834,4.5689726,5.324705,4.632878,5.209826,4.8277707,5.4360256,5.24931,4.846742,4.4535513,4.7689214,5.4508233,4.911382,5.2479877,4.7606363,4.9199686,4.953113,4.7443357,4.774469,4.9630013,5.123197
2010-08-16 12:00:00,4.516226,4.7331214,5.176863,5.0496664,4.475561,5.2479844,5.3728027,5.189028,5.1034174,5.0920663,5.270028,5.504387,5.012464,5.259648,5.600512,5.9116254,5.7346125,5.7891006,5.1152773,4.9894814,5.2368717,5.127644,5.4059663,5.3647757,5.7297745
2010-09-16 00:00:00,5.6469517,5.381457,6.2493267,5.6556754,5.359885,5.379024,5.4508286,5.556943,5.7494736,5.8391404,5.420362,5.358734,5.34986,5.6113453,5.9518,5.451437,5.3915415,5.479481,5.1538577,5.790424,4.6561065,5.7622147,5.387064,5.3899817,5.1172657
2010-10-16 12:00:00,6.169141,6.187651,6.2280846,5.5890555,5.636124,6.010357,6.138258,5.4854913,5.5114446,6.2448673,5.550534,5.422408,6.4908886,6.1325626,6.2799788,5.989817,5.5664463,5.5989084,5.8446283,5.310197,5.996483,5.271541,5.581304,5.5764313,5.896715
2010-11-16 00:00:00,5.8053927,6.1778693,5.760326,5.211092,5.9444513,6.1881356,6.321604,6.5004416,5.9145365,5.819418,5.8049006,5.8627486,5.4406943,5.5758467,6.3018136,6.877812,6.1909785,6.3839164,6.1037836,5.9138727,6.012044,6.323544,6.353586,6.604877,5.8175883
2010-12-16 12:00:00,6.1931996,5.8354945,6.21877,5.438896,6.046684,6.03343,6.1094227,6.0328846,6.931099,6.3244653,6.0814877,5.6604133,5.651152,6.5263824,6.0194926,5.668264,5.989517,6.086285,6.149803,6.136868,6.159786,5.79339,5.729173,5.7468643,6.3501415
2011-01-16 12:00:00,6.288935,5.7477436,5.575689,6.127427,5.770808,6.0535355,5.6381173,6.826071,6.2675447,6.564961,5.841367,6.5066204,6.0090528,5.365064,5.199972,6.032001,6.1007133,5.4835205,6.146715,6.4129224,6.2622232,6.29136,6.250992,5.7123675,6.198763
2011-02-15 00:00:00,5.8757463,6.1463895,5.592231,5.315489,6.0160503,5.980237,5.847946,6.3889923,6.419157,5.6675687,6.5331287,5.8445554,6.270162,5.553629,5.923055,5.6409945,5.9654703,6.1933703,5.5665565,6.71752,6.481612,6.237875,5.8640647,6.1042786,6.320197
2011-03-16 12:00:00,5.6693096,6.0530386,6.1918836,5.829377,5.5640726,5.8718104,6.3643713,6.162764,6.33769,6.0157766,5.8922086,6.192338,5.6256313,5.8534107,5.563976,5.8658524,6.147665,5.8890853,5.63123,5.8449306,6.265452,5.4175515,6.5528207,5.5918217,5.4861794
2011-04-16 00:00:00,5.709221,5.806768,5.664045,5.766187,5.4488025,5.281133,6.3490124,6.3636875,5.629942,5.7243595,5.971594,5.815852,5.724131,6.366468,6.3238697,5.8461237,5.19922,5.1404266,5.9231377,5.733697,6.093602,5.772122,6.131382,5.5283656,5.346146
2011-05-16 12:00:00,5.108015,5.6036434,6.3770075,5.906739,5.297031,5.132865,5.361085,6.1426945,5.5661774,5.847132,6.1861644,5.6641273,5.3958125,5.531103,5.6665754,5.031905,5.3690815,5.8407397,5.270799,5.873234,4.9086876,5.2621436,6.1497574,5.2559185,4.8232074
2011-06-16 00:00:00,5.1420746,5.1348586,5.4784327,4.813692,4.790702,5.223542,5.7065125,5.2305775,4.901186,4.546225,5.892916,5.2658086,4.834629,4.979163,5.2277966,4.695561,4.7451806,5.5649405,5.1455154,5.108539,4.655778,4.932176,5.0951953,4.815027,5.69646
2011-07-16 12:00:00,4.437074,4.740234,5.633186,5.2003503,4.4278064,4.596323,5.083494,4.4829082,5.0153337,4.5700717,4.8818502,4.976748,4.8792496,5.1170826,4.785692,4.8588843,4.342509,5.2392216,5.0072126,4.630139,5.575574,5.1573052,4.8946896,4.635559,5.301
2011-08-16 12:00:00,5.252612,5.046978,5.1558247,5.254321,5.401527,5.02157,5.568405,5.395461,5.185502,5.1445885,5.4533367,5.315363,5.1071377,5.49996,4.839281,5.2425156,5.530235,4.406732,4.7230396,5.588793,4.973202,5.7643948,5.7088904,5.606497,5.357225
2011-09-16 00:00:00,5.9872117,5.7305493,5.407185,5.1780787,5.4383717,5.630167,5.3381314,5.303567,5.492079,5.227378,5.226047,5.7222953,5.203079,6.4313273,5.6993494,5.6107974,5.6719437,5.3963914,5.7870507,5.229417,5.8182125,5.7612453,5.237736,5.078816,5.4331555
2011-10-16 12:00:00,5.7660174,6.9806123,6.235842,5.557334,5.7861104,5.4946585,5.725736,6.003446,5.6154785,5.48646,5.7070103,6.0615454,5.230444,6.4728947,5.7891483,6.28743,5.673072,6.186771,5.544572,6.470981,6.316211,5.8741717,5.5330896,6.314779,5.8213444
2011-11-16 00:00:00,5.775025,5.585314,5.71074,5.443323,6.292372,5.6784096,6.8435287,5.79039,6.141445,5.671328,6.0117817,6.310207,6.0844812,5.57432,6.664146,6.8753366,6.1141114,6.134499,5.541907,5.8486233,6.241841,5.2940006,6.323677,5.726267,6.1378846
2011-12-16 12:00:00,6.5091343,5.818411,5.813061,5.6528287,6.485737,6.399645,6.0647383,6.557239,6.3043485,6.423684,5.699454,5.6236744,5.951536,6.1010537,6.712627,6.0697775,5.581957,5.296549,6.7573495,6.2898946,6.526977,6.219812,6.301727,6.7662735,5.824342
2012-01-16 12:00:00,5.7127075,5.898097,6.323069,5.9611216,6.326527,5.6536193,5.785066,5.6657047,6.169096,6.379741,6.2969427,5.552961,5.714023,5.455382,6.4343,5.8014927,5.7495217,6.054167,6.071677,5.388029,6.2563424,7.0901065,5.864018,5.936276,5.862202
2012-02-15 00:00:00,5.807446,5.5643353,5.4530835,5.270769,5.4369526,5.915027,5.6683936,5.457079,5.776664,5.760103,6.572931,5.5461383,5.472377,6.2287474,5.7729397,6.6275196,5.568977,4.9021416,5.3354926,5.9356484,5.5447598,5.891154,6.0168896,5.88365,5.3466473
2012-03-16 12:00:00,6.229123,5.548825,5.5564632,5.911067,6.1354675,5.6156325,5.177958,5.288046,5.921757,6.166837,5.810825,5.2648535,5.958419,5.5213556,5.6288114,5.9629264,5.823411,6.000393,5.4590106,6.3367248,5.117338,5.8464365,5.6854606,5.4842663,5.676073
2012-04-16 00:00:00,5.8785667,5.810863,5.5815306,5.7568536,6.316536,6.1336966,5.6843543,6.16973,5.631929,5.559471,5.306315,6.120101,5.251196,5.987879,5.6956363,6.0930133,5.3996677,5.8569126,4.893714,5.90174,5.019302,5.1928406,4.72189,6.179659,6.6532793
2012-05-16 12:00:00,5.615067,5.78449,5.851244,5.1963496,5.125957,5.595886,5.012351,5.7802906,5.2570662,5.860637,5.6388645,5.1329618,4.944605,5.471463,5.152466,5.28262,5.7034674,5.8384337,4.7296543,5.8784647,4.9674997,5.169342,5.4378076,6.8523593,5.612288
2012-06-16 00:00:00,5.071508,5.640821,5.586734,5.09485,4.4445386,4.927245,4.756953,5.118804,5.1864305,5.33312,4.86466,4.3995233,5.4777746,5.026156,5.3399124,4.773952,4.887332,5.775008,5.1672535,5.7040076,4.790756,5.3568697,4.825995,5.2052364,4.9449286
2012-07-16 12:00:00,4.9021773,5.118199,5.575503,4.874428,5.492819,4.9179893,4.8530293,4.985478,4.5783744,5.13027,4.8452706,5.1584506,4.7270584,4.6585975,4.835755,4.9074035,5.179575,5.60169,5.185304,5.084889,4.9494557,5.019732,4.91955,5.3801785,4.5484977
2012-08-16 12:00:00,5.151463,4.815946,5.166758,5.0575666,5.446146,5.4791665,4.9991217,5.2269397,4.927587,5.038729,4.8457546,5.0892396,4.9504466,5.233562,4.7194057,4.641531,4.758351,5.185508,5.358456,5.327207,5.47789,5.5405316,5.419358,5.218665,5.3598776
2012-09-16 00:00:00,5.2608576,6.0091686,5.8061085,5.8804564,5.6892786,5.7528477,5.9648685,5.1846848,5.602108,5.77661,6.123148,5.235493,5.6610723,5.786004,6.528389,5.631028,5.733813,5.738497,5.6672916,5.5320992,5.401342,5.40817,5.6412306,5.908224,5.5714536
2012-10-16 12:00:00,6.180654,5.6286793,5.1847963,5.7004066,5.392652,5.858561,6.147801,6.4082284,6.69564,6.800356,6.1312127,5.78307,5.9468884,6.6012726,5.860456,6.0307074,5.325181,6.699766,6.0076933,5.852457,6.139036,5.813196,5.6059666,5.655221,6.1330094
2012-11-16 00:00:00,6.050751,6.399812,5.847036,5.9599,6.2555213,6.119567,6.119929,5.7769623,6.857846,5.4847207,6.107989,5.807675,7.0608964,5.897051,6.265569,5.887958,6.2969174,6.019435,6.380712,6.5518656,6.5730877,6.542903,6.1258173,6.3835616,6.2090783
2012-12-16 12:00:00,6.347039,5.800265,5.680828,6.432593,5.8367376,5.703451,6.284583,6.220819,6.0397267,6.158842,6.0489597,6.039564,6.716136,6.248095,5.472995,6.026797,5.9460926,5.996041,5.8521113,5.995217,6.014578,6.715131,6.331004,5.6675577,5.36991
2013-01-16 12:00:00,5.771733,6.145651,6.046072,6.400346,6.123287,7.1359463,6.7084484,5.901024,6.3288894,6.197509,5.8460574,6.0757575,6.229353,6.2882175,6.0907288,5.581882,5.691537,6.553937,6.0162067,6.162145,5.768558,6.3830895,5.7243147,5.4684434,5.7346706
2013-02-15 00:00:00,5.297946,6.075331,5.352985,5.7798114,5.74577,6.151702,5.9324393,5.681654,5.915923,6.571835,6.040766,6.051981,5.460615,6.5581274,6.3490205,5.6515503,5.544363,5.8630004,5.8804617,5.611843,6.1400356,5.9183044,5.2899346,5.5437274,6.845266
2013-03-16 12:00:00,5.702336,5.5775623,6.5572486,5.4383173,5.580013,5.4884853,5.1412454,5.878566,6.4505386,6.2498975,5.486273,6.1626663,5.3378053,5.4977026,5.253238,6.028533,5.296765,6.0475597,5.77132,6.446593,6.0402336,5.6841865,5.630305,6.418837,5.856989
2013-04-16 00:00:00,5.175447,5.51326,6.7390876,5.663226,5.681776,5.997226,5.5143185,6.2877054,5.491336,5.3425946,5.615949,6.376737,6.0454507,5.9015203,5.7737637,6.2991023,5.6828017,6.4708953,5.1453466,5.274498,5.815775,5.753137,5.5347195,5.730349,5.9486713
2013-05-16 12:00:00,5.346074,5.679356,5.556935,5.178069,5.215577,4.867625,5.8665752,5.505665,5.773351,5.425512,5.28089,6.1817126,5.206053,5.2011075,5.3369403,6.5939674,5.887725,6.0243907,5.5160627,6.0711975,5.513227,6.326242,5.289403,5.0435214,5.2341895
2013-06-16 00:00:00,5.6775417,5.0102673,5.180705,4.8369226,4.8207226,5.375597,5.0846586,4.7833447,5.490034,4.8370185,5.4769897,4.6926594,4.8738575,5.0584993,5.1600666,5.3281975,5.021662,5.4616623,5.586584,5.8111506,4.9776244,5.4266205,5.4009995,5.5133486,5.2933135
2013-07-16 12:00:00,5.2023816,5.389216,4.726105,5.0345473,5.2310934,5.2713633,4.7470174,5.3733,5.4892097,5.1770487,5.1165824,4.847527,4.686213,5.1509876,4.1625595,5.51331,4.833593,4.9153476,5.1112432,5.143228,4.450788,4.9120507,4.941819,5.4008465,4.626916
2013-08-16 12:00:00,5.034524,4.9739842,5.179228,4.8726397,5.5008955,6.067506,5.169946,5.1863565,4.733707,4.663842,5.730852,5.464304,5.414751,5.7512975,4.8135443,5.500235,5.9234834,5.082692,4.962959,5.24592,5.078832,5.3874245,5.0123444,5.319541,5.19413
2013-09-16 00:00:00,6.041335,5.516761,5.08918,6.0715632,5.3283343,5.6506457,5.374196,5.7752113,5.4097514,5.537436,6.564378,5.6284933,5.8886886,6.273225,5.3187428,5.279106,5.2254825,5.7842264,5.476837,5.3890457,5.8005986,5.0962286,5.482788,5.767164,5.6991525
2013-10-16 12:00:00,5.9179115,5.7831836,6.324307,6.0326786,6.3940883,6.2098866,5.67369,6.6330495,6.6277585,6.36951,5.229294,5.5695367,6.15406,5.7941513,6.071748,5.522707,5.7573905,6.504613,6.041086,5.653386,5.759447,5.67876,5.742162,5.653791,5.4775505
2013-11-16 00:00:00,6.1096597,6.017157,5.4376736,6.854723,6.2491674,5.8672485,6.023225,6.0131574,5.2179165,6.4812245,5.8397818,6.0220933,6.546255,5.567309,5.9708233,5.5949197,6.177916,5.68575,5.9077435,5.3548417,6.0203075,5.906867,5.7764773,6.1614413,6.192943
2013-12-16 12:00:00,6.0977173,6.322478,6.0073075,6.0420084,5.930897,6.008713,6.5695777,6.1794934,5.691535,6.2138414,6.187672,6.13431,5.311033,5.926354,6.2309866,5.4833717,6.2622333,5.8011737,5.3055477,5.1981134,6.535058,5.8948326,5.458714,6.1157093,7.1802235
2014-01-16 12:00:00,6.2114315,6.169073,5.9160967,5.7063346,5.5616016,6.277543,5.6474423,5.967587,6.9446397,6.1277847,6.2143326,5.4423413,6.0801063,6.4233665,6.457326,5.929495,6.531361,5.5469885,5.80099,5.772276,6.4365907,6.19998,6.0116425,6.7301316,6.087166
2014-02-15 00:00:00,6.135626,5.5878353,5.4786673,5.98368,6.118915,6.3364115,6.284246,5.4058857,5.438189,5.8419147,5.756249,5.796103,6.231671,6.01431,5.99222,6.3551836,6.3989124,5.6224337,6.0402656,5.7552543,6.1176667,6.08405,6.317786,5.4257092,5.881934
2014-03-16 12:00:00,6.122577,6.8719306,5.350663,6.269319,6.3348966,5.716886,5.5131006,5.2260303,5.1931853,6.044203,5.8389096,6.5918245,5.614688,5.9788923,6.222412,6.4760194,5.771031,5.1940384,5.781495,5.5004106,6.4849234,6.10762,5.342792,5.7097173,5.8528204
2014-04-16 00:00:00,6.0237784,6.058891,6.0974154,5.5422044,6.2356644,6.2964807,6.042634,5.343521,5.889646,5.8347464,5.565093,6.2991505,5.235883,5.6285872,6.314472,5.645378,5.551273,5.3311453,6.14939,5.175623,5.6805186,5.6446195,5.6009827,6.029859,5.1844482
2014-05-16 12:00:00,6.546115,5.729481,6.223931,5.261099,5.5469494,5.6038036,5.35947,5.369711,5.8023252,5.5150585,5.5466113,6.0933676,4.8694286,5.707431,6.1222167,5.204025,5.6398983,5.895941,6.3041735,5.525344,5.370519,5.106848,5.654376,5.7416415,6.134055
2014-06-16 00:00:00,5.1251793,5.8099084,5.4699373,5.157669,5.241189,5.1440163,5.1238556,5.2481356,6.0328593,5.5910897,4.89878,4.5974903,5.1129675,5.046201,5.4202657,5.98088,5.463942,5.360756,4.7708206,4.8511066,4.9601283,4.8871284,5.597894,4.5697646,5.231938
2014-07-16 12:00:00,5.232913,5.000912,5.1021075,5.681293,4.853215,4.9901752,4.852877,5.3713694,5.3399224,5.048765,4.8858056,5.2182055,5.6056657,4.700002,4.7838316,5.1910315,5.41052,4.7404075,4.6607113,5.1791997,4.601064,5.845459,5.634017,5.212312,5.555579
2014-08-16 12:00:00,5.7531223,4.8368955,5.2508044,5.8079085,5.243989,5.3392963,5.7102685,5.0246525,5.257708,5.6360393,4.9295173,5.5499444,5.3583856,5.075921,5.0674205,5.198233,5.1313205,5.0343714,5.2332954,4.781412,4.7981596,5.1082907,5.391174,5.279359,4.999309
2014-09-16 00:00:00,5.2416096,5.34479,5.7607627,5.453099,5.341507,5.7462244,6.006098,5.6762133,6.1078405,5.3071866,6.1487784,5.5873146,5.2670836,5.4088526,5.118324,5.93734,5.968078,5.8924737,5.6150413,5.502907,6.0911846,6.0255113,5.427636,5.8458805,6.204125
2014-10-16 12:00:00,6.0719013,6.222239,6.1092014,5.8709087,6.356609,5.8550076,6.1000757,6.1534877,5.841134,5.77786,5.7040734,5.9184246,6.254815,6.113433,6.2866516,5.6252112,5.7731104,5.48482,5.655285,6.034163,5.658505,6.4892445,5.18072,6.1546545,6.0953035
2014-11-16 00:00:00,6.4645915,6.540501,5.8389835,5.54308,5.8726435,6.5511737,6.0356293,6.0452113,6.4111056,5.5284915,5.6750674,6.320257,5.956607,6.603059,6.1584077,5.5130243,5.72459,6.137636,5.384698,6.1716332,6.3800926,5.941936,6.2330947,6.169309,6.4941397
2014-12-16 12:00:00,5.8249097,6.602061,6.418109,5.5805035,4.8699493,5.9515076,6.27444,6.21625,5.332438,5.898933,6.126935,5.73428,5.9788413,6.388874,6.194362,5.949383,6.082937,6.2626104,5.3453693,5.32972,6.2982616,5.9029365,6.1607924,6.234471,5.6470532
