time,r8i1p1f1,r2i1p1f1,r30i1p1f1,r31i1p1f1,r29i1p1f1,r3i1p1f1,r6i1p1f1,r27i1p1f1,r7i1p1f1,r9i1p1f1,r26i1p1f1,r20i1p1f1,r23i1p1f1,r25i1p1f1,r24i1p1f1,r22i1p1f1,r21i1p1f1,r19i1p1f1,r18i1p1f1,r11i1p1f1,r12i1p1f1,r17i1p1f1,r16i1p1f1,r1i1p1f1,r5i1p1f1,r4i1p1f1,r28i1p1f1,r14i1p1f1,r13i1p1f1,r10i1p1f1,r15i1p1f1,r32i1p1f1
2000-01-16 12:00:00,5.5981507,5.3903832,5.530456,4.510339,5.7687693,5.7655964,6.3076577,5.3476086,5.8996053,4.7708325,5.032496,4.7747035,5.3863378,5.4022207,5.6064277,5.5355396,5.0119324,5.9049716,4.82718,4.8424277,5.165575,5.152901,4.425961,4.9236474,4.9576926,5.072241,5.7963653,5.3236628,5.301357,4.8307047,5.320004,5.4544735
2000-02-15 12:00:00,4.849995,4.970499,4.765241,4.6888785,5.071243,5.0597687,4.8501287,4.75039,5.8277035,5.4048657,4.913476,5.5327444,5.3677588,5.284738,5.5750895,5.556145,4.9621015,5.546,6.155371,5.1019998,5.330328,5.215254,5.3557887,4.725514,4.9924736,5.0932994,5.6036944,5.1986694,5.572649,6.305725,5.1932654,5.4626746
2000-03-16 12:00:00,4.6298027,4.6135645,4.2613063,4.8802915,4.904373,5.0786023,5.9721456,5.244756,5.2361507,5.3052554,5.2716866,5.7498293,5.4932675,5.2722316,4.447657,5.0939093,4.532412,4.681946,4.535269,5.5473056,4.759779,5.340854,4.8599854,4.660853,4.688627,4.2869015,5.4150662,5.435355,4.767493,5.1306643,4.663121,4.9027925
2000-04-16 00:00:00,4.409807,5.072173,4.7428455,4.1942716,5.0093565,4.5725656,5.024973,5.0645933,5.049299,4.787601,4.3361073,5.2365303,4.6559205,4.600768,4.4602013,4.9707904,4.314822,4.914401,4.9127593,4.5261116,5.066385,5.092017,4.9135313,4.37931,4.589294,4.470997,4.606954,4.842846,4.466912,4.0651336,4.538551,4.2866116
2000-05-16 12:00:00,4.7526064,4.937042,4.047265,4.4526715,4.6037197,4.153786,4.619818,4.458134,4.8676586,4.371463,4.8537183,4.580187,4.20124,4.1288943,5.142394,5.4451823,4.8644104,4.304932,4.242165,4.773886,5.527032,4.550163,5.0714836,4.064605,4.5848656,4.83902,4.651914,5.0280957,4.0417833,5.0162754,4.0471187,4.198586
2000-06-16 00:00:00,4.643673,4.9389334,4.5528736,4.5602508,4.435317,5.527087,4.2418146,4.6654415,5.58851,3.9934163,5.114008,4.2771106,4.4500265,4.259899,4.9927707,4.241183,4.4870005,4.274196,4.631228,4.5303197,4.2485814,4.419522,5.1196175,4.432567,4.4707656,4.4722533,4.0423717,5.0092654,4.747929,4.624294,4.5118475,4.1474614
2000-07-16 12:00:00,4.1796765,4.5273986,5.0046425,4.4834805,4.393959,4.3040185,4.6101165,4.567554,4.9059277,4.812734,4.38247,4.961862,4.7159224,4.417847,4.202523,4.5648336,4.1773515,4.405405,4.6959467,5.164649,4.869051,4.201852,4.60882,5.0092235,4.4264865,5.11383,4.3009787,4.8098655,4.539606,4.2014403,4.462534,4.5290074
2000-08-16 12:00:00,4.7389407,4.720761,4.99574,4.5126133,4.9172735,5.0239406,4.986759,5.0792685,5.171952,4.3415833,4.721521,5.292379,5.2214985,4.9266233,4.840166,5.144331,4.840969,4.8417606,5.321307,4.923391,5.0682263,5.0220757,5.1840305,5.7690363,5.467338,5.3354516,4.738334,5.453101,5.0970197,4.906765,5.1031165,4.9834743
2000-09-16 00:00:00,5.2210345,5.7365894,5.564864,5.6934633,5.382815,5.5804653,6.194776,5.295281,6.125013,5.0723724,5.409861,5.309388,5.4300985,5.312464,5.9574456,5.3669405,5.3704414,5.6527944,5.6754804,5.949696,5.8001866,5.505305,5.8822927,5.4843016,5.726071,5.7554317,5.056921,4.9717164,5.367913,5.7117424,5.06589,5.878471
2000-10-16 12:00:00,5.756403,5.2838507,5.3333683,5.6381407,5.2246704,5.674664,5.563876,5.0576105,6.11603,5.0019865,5.6465344,5.698438,5.6795874,5.1031337,5.658186,5.379639,5.7424183,5.331082,5.8088737,5.994638,5.593252,5.4349465,6.7569647,5.510459,4.8528237,5.0177546,4.8421893,6.029351,5.380492,5.3949494,5.289103,5.063296
2000-11-16 00:00:00,4.9943204,5.258884,4.7999234,5.312122,4.97696,5.585153,5.1682262,5.0125847,5.818948,4.8288016,5.165872,4.9316936,5.614331,4.581457,4.983853,5.803765,5.328877,5.344372,5.1681614,5.3622108,5.7654552,5.2459836,4.9978237,5.7998996,5.3739448,5.2327924,5.062259,5.3730664,5.1848254,5.737326,5.1440387,5.4530497
2000-12-16 12:00:00,5.7169075,4.7856565,5.3378882,4.592608,5.9675865,5.8110576,5.0029263,5.1206665,5.815458,5.486561,4.9538293,5.414315,5.2957764,4.825686,5.861286,4.989291,5.02724,5.4504395,4.862551,5.191665,5.833366,4.97197,6.042147,5.1135173,5.1533165,4.6674857,5.199557,5.447479,5.1517587,4.5814476,5.1862974,5.2133884
2001-01-16 12:00:00,4.5806375,4.4837074,4.6799245,4.9180293,5.505639,5.374356,5.3820844,5.3130155,5.1532397,6.684841,5.885201,4.3668,5.698394,4.550516,6.1996927,5.139429,5.935686,5.3748226,5.0710316,4.4602275,4.66496,5.38542,4.9396353,4.841904,5.005597,6.0795465,5.3189526,5.5594707,5.3849964,4.9367824,5.5687175,5.3369184
2001-02-15 00:00:00,4.9150524,4.4691644,4.3551493,5.4270363,4.5746975,5.6464562,5.6160574,4.956486,5.1547785,5.1704316,5.777991,5.771232,5.450309,5.328196,5.0721774,5.4240956,5.4497814,4.317321,5.9650416,5.180509,5.2583017,6.071236,4.9261084,4.7650013,5.9900966,5.534705,5.0635943,4.1129017,5.1432595,5.380959,4.912134,6.248376
2001-03-16 12:00:00,5.032752,4.656244,4.3852296,4.7383723,4.61793,4.872321,4.716803,4.5612783,5.1888523,5.206022,4.6847014,4.9570127,4.9584227,5.460811,5.027641,4.490508,4.7953243,5.3462873,4.6149683,4.354798,5.0299053,5.287873,4.6825967,4.9612417,4.708161,4.6319656,4.834449,4.165365,5.480953,5.282154,4.3495708,4.7956963
2001-04-16 00:00:00,4.730121,4.5058045,4.532342,4.624009,4.011279,4.681804,4.627768,4.731802,5.269656,4.8037286,4.5198054,4.9976587,4.775456,4.9774685,4.5512605,4.012811,4.981089,5.0154533,4.953655,4.147817,4.9833403,4.3522196,4.4673595,4.497506,4.449384,4.909027,4.4260354,4.618067,4.673457,5.0311046,4.587131,4.5834575
2001-05-16 12:00:00,4.312892,4.4912243,4.6273656,4.8688335,4.346644,4.7671266,3.7912247,4.3845005,4.825927,4.362629,4.4053683,4.118456,4.374983,4.282019,4.676664,4.790433,4.8378253,4.5361814,5.1308126,4.119718,5.064996,4.7043734,4.9670773,5.1227427,4.1131673,4.258196,4.728209,4.15613,4.53799,4.3542457,4.1499233,4.745146
2001-06-16 00:00:00,3.9113114,4.2380404,4.906912,4.6157603,4.881185,4.127987,4.484005,5.1066995,4.303018,4.5984583,4.3044157,5.2323294,4.599753,4.36116,4.2005434,4.9260283,4.8203044,4.551212,4.5279584,4.2832522,4.907809,4.7244244,4.888838,3.886086,4.6062284,4.191109,5.041448,4.263172,4.4550233,4.385414,4.2072697,4.867939
2001-07-16 12:00:00,4.7338324,4.2822194,4.271537,4.9026694,4.2456274,4.09087,4.7824464,4.4645295,4.2811527,4.5598407,4.646302,5.1263294,4.5859137,4.9680552,4.4793696,4.9457226,4.7132406,4.618997,5.3714027,4.643809,4.8391643,5.0675597,4.6879125,4.5082273,4.830155,4.922497,5.24678,4.1249127,4.3696632,4.452064,4.7026844,5.129529
2001-08-16 12:00:00,5.6528115,5.56728,4.8669286,5.4059315,4.593696,4.8041835,4.790933,4.9374943,5.246814,4.84841,5.5422916,4.8191357,5.396558,4.8454866,5.120957,4.8095345,5.1163363,5.44523,5.7772613,5.494736,5.895717,5.3793826,5.3610907,5.0710177,4.906501,4.4013553,6.0123315,4.4256563,4.709176,4.936029,5.1870613,4.884558
2001-09-16 00:00:00,5.3742223,5.6653633,5.0324364,5.576251,5.0759068,5.572347,4.9325686,5.706226,5.874044,5.479377,6.221043,5.6741447,6.2732124,4.5885963,5.25948,5.25837,6.0579042,5.931725,5.8330894,5.769137,6.269694,5.6657596,5.5042605,5.690771,6.16162,5.23684,5.840655,5.645208,5.6894846,4.827668,5.425812,5.610865
2001-10-16 12:00:00,5.7243047,5.7843137,5.2021294,6.118998,5.631384,5.278091,5.4372597,4.878601,5.5875025,5.578272,5.410578,4.654716,5.5942273,4.598913,6.1457133,5.506351,5.7761254,5.5600433,5.380305,5.6529307,5.6539574,5.349111,5.8330464,5.6479654,5.3117642,4.9098973,5.9734282,5.1968865,5.278295,5.294431,5.112881,5.6483607
2001-11-16 00:00:00,4.7932568,5.0868077,4.790693,6.006846,5.635542,5.695127,4.8929777,5.0661945,5.555188,5.454648,5.028756,5.1308527,5.147483,4.6549478,5.410944,4.8257804,5.4704413,5.0755343,5.9220514,5.2606483,5.474677,5.96634,5.381966,5.0832634,5.6242824,4.680106,5.540571,5.1753144,5.058943,5.139776,4.9846597,4.709487
2001-12-16 12:00:00,5.459292,5.299872,5.2514153,4.9859643,5.115463,4.926539,4.9243593,5.187395,4.9773326,5.5134034,5.123757,5.9587574,5.009897,4.5542917,6.3408666,5.290949,5.294977,4.7258277,5.2488537,5.54875,4.9273477,6.0468755,5.974711,5.4788623,5.3370075,4.980633,4.9245152,5.150528,4.594347,5.427665,5.0711007,5.2971587
2002-01-16 12:00:00,5.0233088,5.641582,5.527483,4.8415976,5.486109,5.1594696,4.9039874,5.491645,6.1180973,5.4658213,4.9253836,5.227703,5.238489,4.5764475,5.666565,5.936573,5.51767,4.803522,5.117254,5.0316315,5.654401,6.030225,6.0229564,6.397721,4.895515,4.923904,4.891534,5.3389425,5.237567,4.6494794,5.3954415,5.487509
2002-02-15 00:00:00,4.597877,5.496512,4.8333592,5.1583567,4.761907,5.1445556,5.7301917,5.235618,5.494119,5.066251,5.130808,4.674693,5.51655,4.6470118,5.025221,5.522758,5.0790505,5.3708076,5.083854,4.138018,4.857191,5.087992,4.7914953,5.0909786,4.7860546,4.303309,4.847205,6.013725,5.1377068,5.19031,4.848868,5.1064696
2002-03-16 12:00:00,4.334865,5.033236,5.154419,4.5343356,4.5069203,4.9806433,5.2090964,4.981113,4.6935644,4.553464,4.572111,4.5976152,4.6275043,6.2601047,4.5226784,4.6424494,4.766353,5.4013953,4.5926585,4.3697505,4.605807,4.795356,4.9564333,5.077948,4.538938,4.7945566,5.451405,5.3751965,5.184866,4.5395303,4.865026,5.095243
2002-04-16 00:00:00,4.6634493,4.950435,4.6023903,5.239605,4.82666,4.504771,4.5220227,4.9028015,5.00207,5.2225313,4.6360025,4.4167876,4.254422,4.361971,4.81747,4.865014,3.9824216,4.3367763,4.7920794,5.105741,4.559309,4.4968204,4.716648,4.8495874,5.086579,4.6472144,4.6525764,4.894857,5.195295,4.674563,4.537166,5.164459
2002-05-16 12:00:00,4.460057,4.472397,4.333204,4.3499007,4.840141,4.5060205,4.2876244,4.4533715,4.575416,4.322085,4.508581,4.678258,5.111258,4.324922,5.2733283,4.5259156,4.9529386,4.946807,4.0043125,5.069202,5.0460715,4.474139,4.559353,4.2849584,4.4527016,5.3065143,3.8788812,4.954668,3.9629102,4.8269463,4.838425,4.1312838
2002-06-16 00:00:00,4.4913826,4.7780366,3.992494,4.2685366,4.206928,4.267178,4.727422,4.9918704,4.332104,4.0538006,4.73279,4.276508,4.199237,3.9366229,4.8162684,4.3163753,4.6845317,4.243994,4.123041,4.0734606,4.3661504,5.1418447,4.233319,4.4834003,4.228649,4.1130385,4.704557,4.7878103,4.1642895,4.6951156,4.048347,4.3091974
2002-07-16 12:00:00,4.037636,4.9388676,5.260245,4.9055324,4.6725025,4.836369,4.5489964,4.505671,4.8322806,4.296192,4.6458974,4.9133596,4.442951,4.5872383,5.1084776,5.0137105,5.555508,4.334206,4.602419,4.7084947,4.4989176,5.4542813,4.9277496,4.6054277,4.806074,4.242871,4.433847,4.7794704,4.8788276,4.946012,4.4545493,4.7029376
2002-08-16 12:00:00,4.4602027,4.793345,5.4202156,5.3041058,5.001348,5.5254054,5.226772,5.370091,5.274073,5.3052244,4.57808,5.083609,4.7994056,5.2234936,4.9305754,5.355747,5.599027,4.5426598,4.922785,5.303004,4.724914,4.953361,5.84949,5.2793713,4.8136067,4.884968,4.808367,5.52458,4.5302396,6.2938385,4.910018,4.6595674
2002-09-16 00:00:00,4.957526,5.227811,5.680729,5.3063364,5.0913177,5.9215436,6.2261453,6.067084,5.9696507,5.0295815,6.2342925,5.419004,5.9396157,5.57875,5.6538854,5.5607357,6.171396,5.1167727,5.565848,5.5737414,5.387024,6.1160526,5.5011554,5.3609247,5.148883,5.1821265,5.2705107,5.7539325,5.4724145,6.013996,5.2923946,5.1815605
2002-10-16 12:00:00,5.265102,6.1928983,5.8243785,6.0117006,5.222059,5.647399,5.4660406,5.1577816,6.119275,4.965766,5.7135763,5.622416,5.8006496,5.6598053,5.7485476,5.899256,6.283383,5.19779,4.9898553,6.120621,4.855141,6.2985816,5.655833,5.673858,5.735278,5.8093653,5.5351214,6.571386,5.4174433,6.068064,4.842679,5.2702885
2002-11-16 00:00:00,5.172388,4.8459773,5.178253,5.49303,5.7003436,5.721334,5.2598734,4.773119,5.115441,5.0768423,5.857883,4.8182945,5.2368736,5.4719815,5.1935186,5.0951943,5.251874,5.8695455,4.916451,4.9282827,6.7037716,5.421859,5.1877713,5.2951903,4.7964196,5.2081094,4.8210797,5.658268,4.8922253,5.295614,4.811947,5.4350033
2002-12-16 12:00:00,6.478652,5.286342,4.3602552,4.6946187,5.194222,5.031988,5.15971,4.7474184,5.9805636,5.0193777,5.212112,4.9319115,4.61265,4.9876795,5.5202594,5.095832,5.209849,5.927599,5.90794,4.7440066,4.9926357,4.9449825,4.7694945,4.570851,5.1782556,5.5394616,5.644174,5.12656,5.1423917,4.9507017,4.9547405,5.1919003
2003-01-16 12:00:00,4.543903,5.0496135,5.0908284,5.477785,5.8532186,5.3127995,4.465322,5.683626,5.0441217,5.2293973,5.6437387,5.535686,5.03407,4.948859,5.2877665,5.219564,5.464551,4.9105353,6.110355,5.18063,5.0143228,6.158861,5.4297676,4.667179,5.845484,4.7127285,5.5357037,4.987098,5.293392,4.997665,5.154041,4.392156
2003-02-15 00:00:00,4.6276016,5.2721686,4.812641,4.9548955,5.3053365,4.6342125,4.9776955,5.379399,5.4735675,5.4980164,4.877559,5.202535,5.576405,5.77815,5.128069,4.687268,5.1947885,4.8705163,5.232308,4.5735297,5.39816,5.495437,5.1412196,4.7178907,5.2365746,5.5068674,4.497675,5.314496,5.741093,5.196933,4.538535,5.060792
2003-03-16 12:00:00,4.8984346,5.013068,4.971847,4.521644,5.0494905,5.1830554,5.3281984,4.5276117,5.1515656,5.182673,4.580877,4.875028,4.5390253,4.744753,4.8236184,5.1864886,5.407681,4.8348346,5.474615,4.8751535,4.932881,4.644495,5.0368094,4.674481,4.5114646,4.6734257,4.7066364,4.7674336,5.028747,5.4228234,4.8628664,4.254387
2003-04-16 00:00:00,5.0083556,5.300451,4.767111,4.4260416,4.963345,4.8604126,4.9588566,4.531161,4.836221,4.742521,4.74214,4.107275,4.599861,4.5075097,4.316491,4.6681294,4.7944584,5.409854,4.6917176,4.291134,4.2284665,5.3471494,4.561332,5.2413793,4.675215,5.313593,4.003898,4.8154182,4.67774,4.8891926,4.741626,4.773838
2003-05-16 12:00:00,4.701314,5.1696877,3.894694,5.1497273,4.320817,3.9824152,4.664482,4.330326,4.7095795,4.935624,4.6056986,4.426105,4.4124274,4.673351,4.4967494,4.5528293,4.501693,4.529517,4.15089,4.8821406,4.350768,5.050637,4.311335,4.3304048,4.571416,4.69025,5.054134,4.41516,4.4132285,4.254678,4.5344696,4.7564425
2003-06-16 00:00:00,3.9802873,4.6736245,4.555234,4.5228524,3.9096284,4.5391393,4.2548637,4.35112,4.136444,4.6423483,4.6658154,4.3714666,4.7909474,4.5239353,4.8942714,4.404563,4.5631204,4.517505,4.7637935,5.4113193,4.9248495,5.3168225,4.6355767,4.490395,4.6057367,4.542892,4.8690424,4.237856,4.19164,3.9813585,4.731508,4.5265307
2003-07-16 12:00:00,5.0361257,4.957761,4.8559513,4.9249167,4.5276647,4.619813,4.7341375,4.0043497,4.2252927,4.666709,4.2469034,4.2566886,4.7563972,4.701015,4.617367,4.525781,5.147659,4.234893,4.9399424,4.8273287,5.309536,4.7746563,4.810025,4.924423,4.5581017,4.4373617,4.6807885,4.6033487,4.863211,4.8528614,4.9824696,4.9370933
2003-08-16 12:00:00,5.2377005,5.7148495,4.7930975,4.8756723,4.9122863,4.5961566,4.710175,5.2265015,5.0996222,5.316507,4.490141,4.9847064,5.677514,4.649323,5.7650146,4.514278,5.2514625,5.0717263,5.269968,4.9159603,6.3787007,5.9153996,5.177571,5.4286046,5.8610697,4.779428,4.842336,5.5340962,4.946664,5.442117,5.03374,5.899393
2003-09-16 00:00:00,5.3492746,5.5009255,5.4214516,5.194279,4.995356,5.091906,5.9246907,5.8909483,5.3873076,5.224796,5.725001,5.4631996,5.587193,5.1870747,5.9600334,5.408121,6.0058208,5.9601865,5.705824,4.8970585,6.015253,5.394275,5.3937907,5.9240484,5.7394657,4.905723,5.5916715,6.2435007,5.308841,5.277079,5.085879,5.960333
2003-10-16 12:00:00,5.544592,5.5343113,5.295584,5.3611608,4.878086,5.096189,4.968743,5.22747,5.7183666,5.272697,5.095318,5.038247,6.166671,5.2734194,5.564989,5.323322,5.9634705,5.9059305,5.387527,5.3963647,5.33503,5.6006722,5.4550395,6.1525607,5.60488,5.1048856,5.4634986,6.1710877,5.6611915,4.998398,4.9208736,5.0656433
2003-11-16 00:00:00,5.325474,5.388503,4.8881955,5.6407185,5.452395,5.2749104,5.2806315,5.338206,5.178419,4.9310303,5.009722,5.4360533,5.3293004,5.7237945,5.4384437,5.107899,6.5096188,5.2482486,5.4927793,5.4299965,5.449746,5.591025,5.189815,5.8623295,5.370456,4.6512194,5.317346,5.3373513,5.725324,5.1780906,5.6925206,4.8472605
2003-12-16 12:00:00,5.133887,5.4350863,5.6510215,5.793326,4.9057555,5.011683,5.2222443,5.0653667,5.481103,5.4537773,5.2858496,6.2136164,4.8956394,4.7881694,5.278949,4.87734,5.2910767,4.846407,5.2285795,5.1262026,5.882554,4.5150685,5.122811,5.3085837,5.5202603,5.044115,4.9401402,5.344547,4.943087,5.2772045,4.609661,3.886896
2004-01-16 12:00:00,5.390787,4.9313025,5.295306,5.3023934,4.9341836,5.273063,4.66839,5.3740535,5.0183353,5.722533,5.0841403,4.673656,5.1366363,5.006741,5.811596,4.978949,5.5680246,5.111977,4.662673,5.4426537,5.395333,5.385855,5.623657,5.495679,5.4438195,4.905556,5.058559,4.947834,5.0054603,5.1273437,6.367565,5.6919217
2004-02-15 12:00:00,4.5677276,5.099442,4.9725647,5.5602155,6.2010274,4.7382665,4.738839,4.890615,6.406229,5.3199673,5.2960486,5.394107,5.522785,4.69237,5.8402863,4.52562,6.0229673,5.929432,4.406814,5.312321,5.6626644,5.4347005,5.0495877,4.605904,5.316624,5.295956,5.189948,5.571956,5.0351505,4.342862,6.592569,5.7028613
2004-03-16 12:00:00,4.680194,4.8977313,4.5260983,4.579086,4.2311506,4.7127347,4.745405,6.0867085,5.484907,4.585706,4.9210715,4.2733727,4.22782,4.668534,4.301896,3.830566,5.512134,5.04823,4.4347267,4.451019,4.16005,5.5076113,4.2284665,5.0761914,4.851584,4.659197,5.463428,5.2676363,5.0533977,5.0323977,4.9160576,4.6807227
2004-04-16 00:00:00,4.524651,5.2600493,4.460897,4.118662,4.464099,4.872494,4.6855125,4.4014645,4.6758733,4.680206,4.5804806,4.7904224,5.1965113,5.476886,4.509189,4.2415433,5.0112786,5.3931317,4.546497,4.072332,4.78584,4.3407702,4.3454685,4.313164,4.7847414,5.2465143,4.3924813,4.6964235,4.5944867,4.699629,4.8754263,5.0342417
2004-05-16 12:00:00,4.2716355,4.673937,3.8331525,4.8487706,4.240737,4.6259656,4.191025,5.119645,4.889123,4.6863155,5.2304473,4.6170263,4.8807654,4.44474,4.5496516,4.4213915,4.1888523,4.483995,4.458746,4.6212745,5.07117,4.2570314,4.3983026,4.871923,4.456512,4.038896,4.3726406,4.276357,4.4508643,4.7450266,4.2867465,5.3125544
2004-06-16 00:00:00,4.348993,4.045361,4.3925753,4.352281,4.155561,4.489561,4.292077,4.309649,5.3997803,3.9938564,4.73556,4.563191,4.3458734,5.186581,4.343081,4.049073,4.568202,4.2915454,4.5269675,4.928961,4.8129478,4.8700833,4.119463,5.048294,4.312984,4.264032,4.592699,5.059566,4.2318487,4.761365,4.280302,4.4993653
2004-07-16 12:00:00,4.4367976,4.501015,4.207455,4.6385827,4.637323,4.7979035,4.248229,4.824334,5.0643673,4.437592,4.760474,4.747097,5.283563,5.0986643,4.7775154,4.6561275,4.2460666,5.115234,4.072764,4.502932,4.704566,5.0958333,4.9300365,5.0776196,4.948298,4.9776635,4.7352104,4.981513,4.5006657,4.6146555,4.8790417,4.6776314
2004-08-16 12:00:00,5.550544,4.950195,5.305846,4.8602986,5.0563526,5.1294904,5.324143,5.146455,5.493884,5.1997113,4.8222904,4.884576,5.011599,4.405135,5.017342,5.4118366,4.8949857,5.1638217,5.0688367,4.996247,5.543273,5.4586453,5.1054707,5.5919666,5.09118,6.329243,4.612498,4.658853,4.4395123,4.937835,4.790916,5.2507396
2004-09-16 00:00:00,5.5797276,5.4434857,5.033529,6.238446,5.4900646,5.9262366,4.9760857,5.501807,5.9002104,5.084055,5.9704137,5.5997934,5.721246,5.4979773,5.1824102,4.927392,6.420988,5.648359,5.8771477,5.503448,6.1064115,6.842099,5.562421,5.42013,5.169806,5.5845914,5.8633313,6.109904,4.820292,5.6754174,5.4612255,5.288792
2004-10-16 12:00:00,5.776185,5.5057306,5.2223287,5.623458,5.203854,5.2035527,5.368503,5.4779468,6.1591516,5.198281,5.5480776,5.493014,5.6061707,4.8780417,5.3358436,4.66734,5.539489,5.2924886,5.7254205,5.4019494,5.8834686,6.0604596,6.0156655,5.5418,5.302245,5.6522303,5.662333,5.246598,5.449951,5.6988106,5.4729652,5.0224338
2004-11-16 00:00:00,4.6518817,4.9329505,5.3312554,5.452569,5.9702873,5.427036,4.9192233,5.911037,5.6594305,4.685484,4.937174,4.9835367,5.3388267,4.9067087,4.93206,5.6573915,5.6644583,5.4488993,5.4433565,5.160534,5.958776,5.2383146,5.6234293,5.6448298,4.9612317,4.6135373,5.6641865,5.9989877,4.576936,5.404147,5.361921,4.884152
2004-12-16 12:00:00,4.5759864,5.399839,5.5401874,5.6101313,5.103112,5.2524605,5.0357294,4.6693425,5.463409,5.3371754,5.162408,5.0374928,4.722123,5.614842,5.5764523,5.5889597,5.025269,5.3927207,5.1539345,5.773225,4.929507,5.3501487,5.6440725,5.260352,4.3354106,4.823056,5.772004,4.949142,5.1940484,5.1345816,5.643517,4.970524
2005-01-16 12:00:00,5.98054,5.56668,5.4451375,5.514396,4.820811,5.0050626,4.9208126,5.765211,5.045642,5.4592013,5.459481,4.870544,4.960846,4.6957645,5.4366345,5.152627,5.6063833,5.194396,4.8751917,4.998779,5.521909,5.812133,5.5114603,5.407039,5.188615,4.260696,6.0048532,5.2353687,5.31568,4.851587,5.0332904,4.5125375
2005-02-15 00:00:00,6.3770447,5.3785896,4.937781,5.3118887,5.622707,5.6446104,4.7590365,5.8701015,5.523161,4.796246,5.159728,5.1332603,5.3647127,5.8526835,4.5748043,4.955451,6.109591,5.6706586,5.0812817,5.004825,4.9070315,5.496079,5.338595,4.9603825,5.0404854,4.3498874,5.208943,4.634434,5.4920835,5.3437567,4.558689,4.6300206
2005-03-16 12:00:00,5.1158442,5.334305,4.6324906,4.329911,5.076223,4.5883136,5.1993866,5.0688715,4.5998883,4.9201527,4.8991733,5.556869,5.613496,4.830613,5.4767723,4.6782594,5.4934487,5.2182546,4.6117845,5.4092803,5.2140713,4.924298,4.8020325,4.50886,4.666439,4.7421165,5.2906485,4.704391,5.9446006,4.9572887,4.769025,4.149126
2005-04-16 00:00:00,4.4777455,4.4441595,3.9365072,4.4043775,5.025238,4.251593,4.383497,4.545401,4.638738,4.362042,4.6248374,4.441137,5.129452,4.894138,4.7558675,5.4456706,4.948416,4.3780785,5.1303473,4.8229523,4.7591543,5.6848927,4.788769,4.7215023,4.8212276,4.2231426,4.8857536,4.2661977,5.2905455,4.445459,4.93143,4.6612067
2005-05-16 12:00:00,4.2933655,4.604816,3.8425791,5.1774054,4.8356385,4.1928377,4.610798,4.2468343,4.19631,4.401278,4.276992,4.381951,5.0525727,5.148144,4.0819387,4.3595934,4.8566337,4.3452215,4.996486,4.5127206,3.942701,4.6471524,4.8400583,4.8225737,4.327316,4.742886,4.221668,4.1002407,5.2231956,4.2571115,4.6499476,5.171352
2005-06-16 00:00:00,4.682862,4.061051,5.8373194,5.4439626,4.6522036,4.372811,4.8836765,4.360337,4.668095,4.9975324,4.416171,4.2236853,4.475006,5.5667276,4.470312,4.739548,4.6020436,4.7871575,4.305799,4.991758,4.63361,4.2300067,4.7369237,4.2299337,4.9486837,4.7099695,4.7691455,4.736849,4.5925517,4.6482935,5.1571164,4.397474
2005-07-16 12:00:00,4.540606,4.5279903,5.2987175,4.5554833,4.664838,4.9061856,5.059212,5.697391,4.11439,5.0845404,4.415811,4.837748,4.6073594,4.701358,4.509899,4.768954,4.933354,4.469273,4.885964,4.9506717,4.5911407,4.493992,4.3576207,4.5073395,5.1128073,4.727649,5.170133,4.4829955,4.623028,4.830365,4.6693654,4.3569155
2005-08-16 12:00:00,5.4177666,5.1796355,5.034057,5.9406657,4.7103033,5.3368196,5.226743,5.133286,5.109945,5.3995457,4.865043,5.352929,4.994413,5.0199223,5.188789,5.1476464,5.809144,4.8698034,4.77009,4.824419,6.1212115,5.1946344,4.768674,5.4261637,5.2434163,4.796276,5.248597,5.2974787,5.2189918,4.9531646,5.630194,5.3134394
2005-09-16 00:00:00,5.1909156,5.29211,5.2457285,5.368509,5.4030266,6.618745,5.577935,6.0209203,6.275205,4.990439,6.0039935,5.4297137,5.966542,5.100324,5.9043,5.525431,6.851055,5.388271,5.526964,5.0910606,5.6320057,5.8224,5.8208303,5.716455,5.5412755,5.2969694,6.271288,5.350567,5.852355,6.339819,5.676687,5.5102153
2005-10-16 12:00:00,4.985149,5.608834,5.0046053,5.547682,5.784381,5.9987183,6.005975,6.6066365,5.539083,4.9467235,5.408252,5.376507,6.0846906,5.791915,5.4820943,5.255001,5.6266713,5.210715,6.385515,5.703854,6.275583,6.100064,5.652093,5.541839,5.2893147,5.3842444,5.3684316,5.0308924,5.526902,5.462601,4.876052,5.517303
2005-11-16 00:00:00,5.183776,5.6352963,4.882718,5.7967534,5.321277,5.393288,5.434553,5.5599027,4.89104,4.817545,5.8315225,4.8374777,5.3628917,6.11329,5.623713,4.7039595,5.684906,5.16591,5.4060793,4.94344,5.152407,6.2659855,5.508077,5.3352504,5.494753,5.2266674,5.8229647,5.2896385,6.0074115,5.6667852,4.980229,5.4081826
2005-12-16 12:00:00,4.967919,5.9034696,5.219842,4.6037974,5.2169523,5.6710873,5.1285453,5.276366,4.8449373,5.186611,5.3243365,4.888296,4.6642175,4.217269,5.3556256,4.621566,6.0050898,5.515281,4.4201775,4.7149267,5.1323586,5.5298805,5.273496,5.6103153,5.6144466,4.955468,5.422688,5.084615,5.007625,4.976537,4.4386425,5.1377645
2006-01-16 12:00:00,5.0311627,5.583769,5.3105264,5.419497,4.8019023,6.3584943,4.6975737,5.0884857,5.7478833,5.5432243,4.6232567,5.2492733,5.395075,4.650594,4.7235713,4.556943,5.6662498,4.5590453,4.893003,5.214022,4.533682,5.7506614,5.548962,4.9183764,6.041559,5.379717,5.1355214,5.2749114,4.581481,5.3123326,5.702557,5.35452
2006-02-15 00:00:00,4.8888097,4.8141665,5.723665,5.028312,4.91102,6.243476,4.225337,4.8842,5.1577945,4.5869718,5.3230267,5.427662,5.017492,4.677619,4.999478,5.966254,5.193058,4.8337135,4.453036,4.8935513,5.4379916,5.164605,5.3020315,6.033978,5.859991,5.570942,5.2090983,5.5985327,5.3527427,5.2597446,5.063804,5.352172
2006-03-16 12:00:00,4.4823937,4.7834387,4.64915,4.5146093,5.041225,5.228649,5.449208,5.5840645,4.7547054,4.5903325,4.7519226,5.065541,5.9043636,4.695303,5.097665,5.081388,5.7120175,5.163969,4.802161,4.2813864,4.7886515,5.6798005,5.2822437,4.7569604,5.181958,4.787687,4.307428,4.765537,4.281328,5.154297,4.6285563,4.99871
2006-04-16 00:00:00,4.6563396,4.112319,4.2648144,4.7193704,4.341932,4.6722865,4.6177654,4.2486386,4.4456644,4.5085506,5.1970644,4.746368,5.641385,5.719558,4.643928,5.6428833,5.2853913,4.8473845,5.0227823,4.979312,4.445226,4.137889,4.7391477,4.9001436,5.0958133,4.501821,4.8446217,4.3500757,4.775864,4.425327,4.287741,4.3314977
2006-05-16 12:00:00,4.313561,4.765167,3.8082812,5.318026,3.903652,4.6847296,4.087506,5.098576,4.4607725,5.0170674,4.4666247,4.9713583,4.6488543,4.1528416,4.3022246,4.275753,4.5429044,4.3843083,4.954401,4.6535163,4.014017,4.785552,4.809232,4.24966,4.664364,4.354788,4.6381907,4.2564335,4.9184413,4.294635,5.0788755,4.3251123
2006-06-16 00:00:00,4.464677,4.5138855,4.4452066,5.2500463,4.5543666,4.0815473,4.401878,4.399118,4.9516635,4.1555796,4.3889728,4.182327,4.491543,4.197141,4.599826,4.3716884,4.1137934,4.407526,4.801161,4.738135,4.3074617,4.338604,5.3760138,5.231115,4.3959756,4.7605104,4.2425656,4.30856,5.1906924,4.647131,4.34935,4.5661306
2006-07-16 12:00:00,4.7475667,4.7685905,4.404965,4.8918276,4.540842,4.6572704,4.754077,4.7971644,5.278487,4.4514155,4.636179,4.595679,4.4423165,4.7153964,4.4426403,4.5089884,4.7952695,5.370227,5.402832,4.244935,4.9639673,4.3689914,4.5783086,4.3677077,4.6546845,4.891596,4.5400295,5.307068,5.7047772,4.733312,5.311649,4.5610833
2006-08-16 12:00:00,4.9163213,5.0153265,4.5442753,4.664817,4.9992414,5.5525026,5.3526893,4.8207603,5.193484,4.7547393,5.4315877,5.6083765,5.255982,5.24417,4.976592,5.279042,5.6647525,4.495747,5.6928415,4.6271505,5.3862,5.75827,5.538799,5.454614,4.6899524,5.7578034,5.4397454,5.0952115,5.222064,5.153793,4.8093047,5.696193
2006-09-16 00:00:00,5.770087,6.3397694,5.3771815,5.8522043,5.6531024,5.928018,5.4344645,5.4242597,5.872605,5.296643,6.7277164,4.776636,5.5933146,4.8915167,4.9863977,5.1508007,5.3775287,5.2714,5.6795316,5.988035,5.651882,5.624459,6.5154552,6.441675,5.6238337,5.189104,5.773882,5.250601,6.073142,5.439886,6.178841,5.476493
2006-10-16 12:00:00,5.803918,5.6004515,5.292774,5.513375,5.538433,5.5758953,4.9631824,5.929596,5.865084,5.559675,5.46868,5.0871205,5.5649524,4.969524,4.8741374,5.214728,5.8426557,5.6369147,5.1895413,5.8523808,5.2615924,5.0942907,5.944684,5.8377037,5.669767,5.0744476,5.465134,5.186573,6.154794,5.7561216,5.9162507,5.2880154
2006-11-16 00:00:00,5.574878,6.2718196,5.10027,5.2728205,5.6093836,5.239332,5.3434052,5.4144807,5.867876,5.2690945,5.126208,6.0014534,6.184284,5.025736,5.8309436,5.009615,5.491635,5.5287604,6.426257,5.723844,5.024106,4.828433,6.782892,4.883841,5.9029326,5.187951,5.378786,5.411726,5.3205175,5.7036195,5.1258116,5.0829673
2006-12-16 12:00:00,4.4348235,5.7827463,4.880582,4.439178,5.1071997,5.7455015,5.1988406,5.4676356,5.9097614,5.4512625,5.0577984,5.1088753,5.0284066,4.726625,5.3218665,4.402335,5.4714007,5.3960867,5.1078377,4.6071534,5.334263,5.3682117,5.743339,4.4194484,5.1587276,5.749884,4.9375143,5.770682,4.915846,5.586575,5.169705,4.9417534
2007-01-16 12:00:00,5.263601,4.7609963,5.1039124,4.6551886,4.522791,6.187577,4.476344,5.1496887,6.6683683,4.958547,5.6872716,4.5789833,6.101127,5.5380077,5.654121,4.5995755,5.6331887,6.413023,4.7148156,4.5252337,4.96023,5.264359,7.1795764,5.121755,4.9167852,4.8110404,5.482429,5.157364,5.3276997,5.101023,5.2970757,4.631009
2007-02-15 00:00:00,4.433249,4.945322,5.068246,4.8269787,4.8196387,4.9859734,5.258783,4.8652344,4.561869,5.525314,5.0835595,4.863348,5.0857725,5.058918,5.0000033,4.9489927,5.47582,5.5078573,5.6455426,4.802811,5.2009087,5.7631125,5.1297393,5.1603923,5.723312,4.791869,4.9306445,4.962469,5.4781427,5.5792346,5.0645547,5.033665
2007-03-16 12:00:00,4.471003,4.963222,5.2680902,4.7460275,5.3780384,4.7975636,4.35814,5.2074943,5.1722565,4.5994487,5.108733,4.6265864,4.4092894,3.9351807,5.0747533,4.3973293,5.9716854,5.612378,4.262064,5.1025085,5.3483586,5.1345906,5.286002,4.6140175,4.819831,5.10606,5.1334534,4.4302697,4.712867,5.314654,4.8745675,4.6406827
2007-04-16 00:00:00,4.3492513,4.101362,4.455291,5.2255816,5.3296337,5.530901,5.162472,4.302136,4.8416634,5.1435604,4.869036,4.845849,4.9073143,3.9351163,5.2214313,4.801235,4.4742126,4.4240184,4.3796735,3.848704,4.651791,5.21626,4.5220585,4.631889,4.814138,4.508762,4.6890116,4.9203224,4.809731,5.1323175,5.028303,4.540554
2007-05-16 12:00:00,4.4246387,4.6059957,3.9431458,5.057712,4.8756647,4.52025,4.5656343,4.931022,4.756775,4.230267,4.407199,4.60629,4.0805445,4.414524,4.9789124,4.8708982,4.532727,5.3750734,4.1470056,4.391589,4.556553,4.3829346,4.9009104,4.609707,5.17742,4.6772485,4.539683,4.1230664,4.664382,5.0219464,4.3591924,4.753521
2007-06-16 00:00:00,4.6277046,4.6738863,4.242789,5.266046,4.878228,4.772198,4.224793,4.8863435,4.4607096,5.068848,4.842277,4.078969,4.6369867,4.457484,5.7639318,4.431126,5.0196095,4.8946586,4.74293,4.887852,4.042119,5.161921,5.3141603,4.47507,4.61693,4.488583,4.4611807,4.951005,4.3301215,4.9646006,4.697671,5.038841
2007-07-16 12:00:00,5.1360598,4.5614543,4.7006693,5.06322,4.3916993,4.4957786,3.913185,4.901321,4.3970294,5.4787683,5.025162,4.406308,4.787928,5.2517633,5.103299,4.443518,4.4404907,4.352338,4.7993693,4.9965734,4.3269334,5.130654,5.3486733,4.533555,5.2363095,4.6707597,4.9190845,4.567411,4.3247986,4.8421516,4.378503,4.754346
2007-08-16 12:00:00,4.865015,6.069888,5.1655316,5.6922417,5.167182,5.1382527,4.899108,4.6118884,5.028525,5.010712,5.531907,5.0080557,5.8535857,5.341399,5.228557,4.77695,4.8818965,5.5967193,5.231806,4.481909,5.0407534,5.4489284,5.5620217,5.7447205,5.7958612,5.1055536,5.4483223,4.9659953,5.503513,4.922468,5.106314,4.6607504
2007-09-16 00:00:00,5.455756,6.520959,5.5666933,5.4329915,5.746371,5.5943365,5.7971487,5.7093267,5.353071,5.493087,5.5961957,5.0163097,6.072112,4.921876,5.9551992,5.2900453,5.2395754,5.5527534,5.793659,5.900822,5.5130525,5.9513683,6.361205,5.3918495,5.882812,5.589919,6.1164865,5.4917536,5.821787,6.027662,5.242072,5.445455
2007-10-16 12:00:00,5.188493,5.5336733,5.533804,6.1358914,5.0482063,5.3080783,5.9954653,5.660232,5.377181,5.6669617,5.93992,6.0310984,5.222686,5.947219,5.880341,5.624825,6.1225824,5.7546535,5.4754276,5.9735847,5.5609426,5.9488473,6.9857483,5.683603,5.2468724,5.72046,6.480411,5.3786273,5.4763308,6.463386,6.0159674,4.9486413
2007-11-16 00:00:00,5.6611667,5.255048,4.8647394,5.5676,5.592327,5.02118,4.880118,6.195069,5.2263145,5.1714473,4.9342113,5.630374,5.4283447,4.9792876,5.012461,5.354231,5.487717,6.0280194,5.2422643,5.0963902,5.2566466,5.2047687,7.0270452,4.9347224,5.623692,5.6019635,5.7247314,5.2926965,4.9905643,6.561093,5.5343547,5.2549095
2007-12-16 12:00:00,5.1859946,5.2439275,5.0391674,5.261914,5.1506753,4.7431097,4.2421207,5.3432164,5.038692,5.32252,5.2258782,5.280924,5.353954,4.7491455,5.3562922,5.0251737,4.991106,5.5077877,5.266779,4.9906855,5.1196437,4.9334555,5.3222475,5.356053,4.9391756,5.5505686,6.4839296,5.81627,5.4654303,6.2520685,5.503326,4.646869
2008-01-16 12:00:00,5.1172547,4.9064007,5.700773,5.2944574,5.3476615,5.676154,5.087945,5.240784,5.1769743,5.4900603,5.526027,5.833887,5.661717,6.6957026,5.93894,5.325735,5.0664935,5.384705,5.4407563,5.5189705,5.652572,4.7364874,5.421216,5.3504033,5.099436,5.531667,5.2827435,4.8142023,5.1480145,5.100291,4.9925685,5.0706096
2008-02-15 12:00:00,5.008745,5.196751,5.2212005,4.9765625,4.9628386,4.970539,5.189165,5.4803185,5.6721315,5.031905,4.576655,5.666905,5.433622,4.9922676,4.8580346,5.2693653,6.75711,5.0567636,5.7116156,4.413281,5.2996373,4.8851433,4.7546444,4.948621,5.3665123,4.475965,4.362479,4.93919,4.7932377,6.12336,4.8449483,5.188422
2008-03-16 12:00:00,4.592098,5.856536,4.687844,4.9706106,5.152298,5.1998053,5.2454495,4.5760274,5.597637,4.781336,4.44191,4.7403865,4.6765695,4.699485,4.6860867,4.925985,5.254179,5.1624136,4.849949,4.690351,4.4334435,4.5349402,5.6073804,4.9525905,5.462686,4.4169927,5.140188,4.5882134,4.747643,5.129521,4.5669317,5.150568
2008-04-16 00:00:00,5.017463,4.7415614,4.386584,5.623041,4.1848574,4.657725,4.9343343,4.793124,4.3530674,4.313695,4.7971587,4.7056093,5.1356616,4.2416053,5.4601,5.096942,5.2916217,5.0153875,4.793228,4.2929497,4.7051177,5.4228387,5.4301686,4.9958334,4.883584,5.429907,4.7017384,4.2682137,4.759603,4.608742,4.7378945,4.086593
2008-05-16 12:00:00,4.837078,5.3934917,4.2772994,4.325096,4.23336,4.353526,4.6046405,4.8303246,4.1603394,3.833609,4.9662867,4.104234,5.259895,4.4637394,4.647103,4.218228,4.4585643,4.729029,3.9673264,4.762499,4.2974343,4.5367503,4.1548114,5.111344,4.63585,4.884708,4.500438,4.7974377,4.4921603,4.387134,4.712228,4.442932
2008-06-16 00:00:00,4.193145,4.313941,4.9699593,4.7561216,4.307645,4.5836163,4.3894525,4.7481284,4.14581,4.618025,4.234218,4.450981,4.2677197,4.2758045,4.5067024,4.528522,4.52349,4.576361,4.342115,4.9340506,4.2402644,4.6497173,4.69242,3.9409177,4.803238,4.6120796,5.063238,4.660766,4.6656137,5.062915,4.377062,4.607253
2008-07-16 12:00:00,4.3751197,4.321024,4.6537104,4.6200385,4.2436194,4.2916317,4.3830314,4.944052,4.97565,4.4276295,5.087493,4.052827,4.592341,4.2914467,4.5114455,4.7078166,4.850812,5.0921755,4.813628,5.0720453,5.1718636,4.3907967,4.6362104,4.8289037,4.4382744,5.2511253,5.2426214,4.796519,5.227613,5.0091424,4.4516172,5.125405
2008-08-16 12:00:00,4.989087,5.4288306,5.646733,5.05562,5.0275884,4.653546,4.593793,5.4459505,6.059602,5.3937106,5.7982793,4.8403544,5.271767,4.4998817,5.2792473,4.8461757,5.56049,5.722501,5.307654,5.777024,5.3098383,4.5497074,5.8185005,5.4031434,5.14269,5.266072,5.492567,5.1491976,5.125727,5.382612,4.8555684,5.117107
2008-09-16 00:00:00,5.5594025,5.8133054,5.6353636,6.036023,5.0836544,5.255755,5.417091,6.306126,5.917988,5.7041144,6.2332754,5.2188687,5.5447254,5.102772,6.242307,5.319424,5.8593044,6.1920924,5.3486195,5.6561594,5.9933786,5.948465,6.865606,6.0195403,5.1563983,6.5863385,5.4179835,5.8673615,7.011936,5.669857,5.7568626,5.5988455
2008-10-16 12:00:00,5.8417034,5.5096684,5.607527,5.441888,5.505725,5.3019238,5.4732823,6.2154317,5.05091,5.1738334,5.3285556,5.498355,5.526417,5.1649485,6.5805483,4.814553,5.334675,6.282015,5.5712028,5.83561,6.6880927,5.4166408,6.1702952,5.9747405,5.895505,5.6918316,5.983121,5.3796444,5.262928,6.151263,5.788941,5.4535036
2008-11-16 00:00:00,4.9372334,5.222678,5.436025,5.620065,4.7977114,5.454885,5.691294,5.9229703,5.0985394,5.1172915,5.1196346,5.78578,4.960907,5.338529,5.7259088,4.526444,5.133546,5.3579984,5.118819,5.459678,5.86544,5.816821,5.9444757,5.1530523,5.046766,5.616629,5.438504,4.711948,4.6187863,5.6065235,6.141904,5.398618
2008-12-16 12:00:00,4.6215534,5.2038903,5.653283,4.5086966,5.092163,5.611396,5.2275634,6.3817005,5.1326427,5.098389,5.57949,5.1640863,5.5644493,4.6001997,5.407292,4.979578,5.554407,5.6186094,4.7393336,5.4925165,4.742962,5.319467,6.5530953,5.147758,6.323214,4.586528,5.4518933,4.5967526,4.578608,5.0643573,5.457893,5.38572
2009-01-16 12:00:00,5.859549,5.718401,4.8827014,5.4635367,4.632511,5.037415,5.2450595,5.4846926,4.757226,4.858588,5.737436,5.2355933,5.2955203,4.871644,5.02142,5.41247,5.0467987,5.9774284,4.7576547,5.902073,4.901237,6.043701,5.2938166,5.3866367,5.4902167,5.3454404,4.745453,4.821865,6.523123,5.6830106,4.851721,5.628866
2009-02-15 00:00:00,5.2664433,5.6430106,4.688468,5.6042356,5.3423214,5.0136027,4.6006627,5.2821026,4.600511,4.6554394,4.8426704,5.654275,4.6130733,4.4196887,4.669962,4.974804,4.7230706,5.2305603,5.338558,5.144755,5.0870857,5.5938497,5.345492,4.684141,5.6698284,5.2481303,5.686016,5.6401787,4.701854,5.071527,5.04198,5.541397
2009-03-16 12:00:00,5.542818,5.4552803,4.174154,5.9671025,4.7589717,5.036564,5.254309,4.409553,4.796408,4.392023,4.6020474,5.217014,4.370687,4.4356036,5.6216917,4.377152,5.155233,4.892498,4.7580624,5.421953,5.030886,5.4590783,4.56063,3.9942842,4.471033,4.8311005,5.3975654,5.1892333,4.785586,5.1713037,5.257036,5.521731
2009-04-16 00:00:00,4.4341574,4.44074,4.050534,4.571919,5.220945,4.7625327,5.118964,4.800388,5.444362,5.1141667,4.8449945,4.815701,4.317051,5.0655146,5.0001006,4.9562664,4.4987864,4.5857244,4.8639913,4.877845,4.4994617,4.0810213,4.630504,4.641064,4.678679,4.1162224,5.2923455,4.961834,4.7324667,4.742078,4.0185814,4.4260015
2009-05-16 12:00:00,4.491712,5.26449,4.941734,4.984496,4.53186,4.6885686,5.6682954,4.63045,4.776079,4.8750877,5.27811,4.748607,4.5019584,3.9956365,4.6320615,4.602703,4.736685,4.6366744,4.4171405,4.81428,4.6960897,4.590018,4.1299143,4.256204,4.3211536,4.131424,5.3071003,5.3055363,4.8405886,4.4600644,4.6997504,4.1446133
2009-06-16 00:00:00,4.515545,4.600378,4.3254046,4.374613,4.603005,4.4341836,5.4472194,4.8463316,5.129618,4.8626914,4.3732305,3.9694626,4.848335,4.629609,4.7773304,4.5101013,4.184435,4.5699058,4.6581225,4.474509,6.161098,4.7312703,4.8043528,4.38031,4.8232217,4.907265,4.2437634,5.1616864,4.7023106,5.02502,4.6997647,4.275848
2009-07-16 12:00:00,4.4485626,5.277516,4.4444356,4.9786143,4.759138,5.3895903,4.7769814,4.6966066,5.47427,5.001606,5.2368875,5.103843,5.7241483,4.532202,4.6194525,5.054316,4.88079,4.412068,5.344802,5.168213,4.5268464,4.5740776,4.5235586,4.4037085,4.625262,5.5873322,4.320652,4.749544,4.7390075,5.503512,5.124905,4.69217
2009-08-16 12:00:00,4.8471837,5.1944203,4.984165,5.372028,4.9187126,5.764538,4.629391,5.773878,4.856182,5.8891816,5.2342887,5.511338,4.79985,5.064786,4.838982,5.025558,5.561798,5.3340826,4.7272954,5.352118,5.5674176,5.513563,6.203834,5.01345,5.182363,5.285736,5.044523,4.8085256,5.113521,5.547804,5.413952,5.0354266
2009-09-16 00:00:00,5.390457,5.497933,6.144684,5.695939,5.2755075,5.8387947,5.86043,5.631226,5.9930873,5.5980663,5.806072,5.2578692,5.411758,5.677605,5.588896,5.1220117,5.739099,5.4586782,5.1875815,5.3618,6.2262444,6.052784,6.8216496,5.488683,5.0964856,6.127509,6.6967473,5.416065,6.5059733,5.735224,5.666219,4.995075
2009-10-16 12:00:00,5.8059382,5.3388805,5.605938,6.3050914,5.405785,5.8327456,5.8020697,6.238661,5.828037,5.983758,6.306012,5.7005196,5.925043,5.2737603,5.5470014,5.680585,5.4223332,5.3592997,5.485797,5.9845037,6.1291137,5.6228604,6.9200625,5.6186275,5.519407,5.0835414,5.867964,5.6009026,5.6604557,5.473808,5.4316015,5.3187656
2009-11-16 00:00:00,5.052665,4.7976594,5.3669686,5.38765,5.582673,5.550854,5.762612,5.376594,5.671265,5.4561033,5.8829193,5.049937,5.3128076,4.9641356,5.0442023,4.6134243,5.0713434,5.9049497,5.452451,5.6542697,5.0061984,5.459766,6.363695,5.911543,5.470121,4.989343,5.839944,4.9962215,5.956576,4.8895016,5.3224616,5.541799
2009-12-16 12:00:00,5.792547,4.584801,5.546625,5.7185736,5.1717067,5.8850536,5.4368124,5.2409983,5.8908834,4.6776085,4.910845,5.543411,5.920025,5.0969634,4.703559,5.2907295,4.9377832,5.77609,4.953845,5.596688,6.3771725,5.10238,6.7093234,4.810868,5.710113,4.6928353,5.760966,5.8915367,5.2992797,4.621759,5.180013,5.2240458
2010-01-16 12:00:00,5.0693145,4.7557793,4.6515336,5.7939487,5.414166,4.8625298,5.2987704,4.5855594,5.4851866,5.229308,6.1332927,4.823886,5.213172,3.9708853,5.8695555,4.5829387,5.726313,5.263134,6.1138234,5.55066,5.698488,5.8643403,5.5723095,5.3515162,5.6503205,4.766736,5.809698,5.940009,5.769268,5.266761,4.9933767,6.0307593
2010-02-15 00:00:00,5.5287375,4.5125084,4.6440177,5.711759,4.566955,5.12185,4.9605527,4.6394296,5.7461967,4.6297255,4.682986,5.0880713,5.3247113,4.5061517,4.8073425,4.7574487,5.4324927,6.0167775,5.0029254,5.36286,5.1725454,5.8871007,5.3123055,4.7082806,5.809792,5.5301003,4.78523,5.3073387,5.801855,6.136681,5.1900554,5.639599
2010-03-16 12:00:00,4.639958,4.474527,5.1780963,5.141675,4.552121,4.8075247,4.9153385,4.6422324,5.579825,4.957352,5.2308803,4.6005616,4.949377,4.2195425,5.109211,4.7719507,4.78294,5.5468626,5.073866,5.1764393,4.852474,4.795157,4.9588246,4.9362183,5.246689,4.7411814,5.0915475,5.379193,4.9246364,5.8119164,4.876025,4.8223486
2010-04-16 00:00:00,4.4055576,4.129685,5.058073,5.6636443,4.311089,4.9056864,4.7326617,5.067162,4.640857,5.00871,5.350223,4.2741156,5.0115504,4.5815306,4.246991,4.409366,4.239274,4.98349,4.6812153,4.163543,4.57566,4.825168,4.84127,4.452787,4.053272,4.314133,4.400588,4.8785877,4.899848,4.202465,4.1103687,4.3294964
2010-05-16 12:00:00,4.731746,4.1333065,4.3248825,5.483896,4.8717685,4.671027,5.0102496,4.3218803,5.0233936,3.9385355,4.6345143,4.7698345,4.6864343,4.2886662,4.4430676,4.0975575,4.650477,4.0888147,4.611442,3.8259022,4.5756464,4.4233747,4.2444468,3.9891052,4.9995484,4.7640696,4.528874,5.19144,4.5206966,5.359195,4.82699,4.6474338
2010-06-16 00:00:00,4.704938,4.3071866,4.7397738,4.787057,4.5678983,4.575809,5.0615277,4.505119,5.2106404,4.6018796,4.8240323,4.4747753,4.3140497,4.0481195,4.8051972,4.656012,4.678384,4.60055,4.4151764,4.1271067,4.6402874,4.807419,4.2151613,4.291747,5.1403866,4.545605,4.8734965,4.2785883,4.1299796,4.2287073,4.404674,5.161544
2010-07-16 12:00:00,5.01962,4.19586,3.8817136,5.4277015,4.6440797,5.2613287,4.4727726,5.0592823,5.511481,4.232711,4.692939,4.94555,4.5126963,4.734799,4.509428,5.0006194,4.098795,5.0534964,5.3525176,5.0398936,4.3632207,5.092234,4.4472394,4.6314387,4.676583,4.4750285,4.372977,4.4610405,5.394503,4.9224367,4.5879054,4.561068
2010-08-16 12:00:00,5.236878,4.8744473,4.8004875,6.1897106,4.7194686,5.3071694,5.2904797,4.630609,6.1491666,4.507594,4.843906,5.622705,4.9711204,4.9445925,5.346745,4.6434255,5.041036,5.140865,4.7068954,5.832315,5.2049327,5.5876794,5.78545,5.376691,5.4381375,5.398105,4.747979,5.296064,5.267464,5.292494,5.037904,5.2407312
2010-09-16 00:00:00,6.183849,5.740622,5.808701,6.4786153,5.4677777,5.4722095,6.487932,5.6938896,6.113493,5.331128,6.2579064,6.2782774,5.534522,5.921396,5.7088623,4.977341,5.1325064,5.4863195,5.1633215,5.5501394,5.8849683,5.8080964,6.07405,5.7929506,5.53454,5.7073016,5.368693,5.0907683,5.0586863,5.820875,5.408556,5.674365
2010-10-16 12:00:00,5.9723663,5.5890436,5.754995,6.7705226,5.1247597,5.1150107,5.6011233,5.112442,7.1090446,5.329636,5.992954,5.5015564,5.8476324,5.456857,6.051266,4.6801567,5.3897524,5.5113435,5.89746,6.4253383,5.2145343,5.8292723,5.879139,4.9824557,5.9466395,5.3124824,5.808604,5.419264,5.1858816,5.7445455,5.334519,5.782056
2010-11-16 00:00:00,6.1116056,4.799114,5.3314424,6.4712467,4.965717,5.5170984,5.0454035,5.0222282,5.590731,5.1052,4.855725,5.6328626,5.1136026,4.8417654,5.80378,5.112653,5.421667,5.9900084,4.729479,5.8626,5.2409496,5.542087,5.4856424,5.265959,5.1946673,4.874305,5.724578,5.1754723,4.659583,5.3036933,5.5566444,5.3445835
2010-12-16 12:00:00,5.0072336,5.213268,5.3793344,5.88236,5.248029,5.1711864,5.5111456,4.844476,5.104942,5.2164774,5.4880857,5.0665803,5.077484,4.6943917,4.9205,5.327969,6.345295,5.764141,5.46977,5.1964154,5.041497,6.1773276,5.386722,4.5791507,5.146981,5.012448,5.951021,4.6940503,4.864303,5.327734,5.6346893,5.713189
2011-01-16 12:00:00,5.6900735,4.454381,5.2141848,6.0299296,5.4510083,4.8202515,4.9111533,4.9059787,5.6094975,5.261426,5.443703,5.243572,6.405649,5.9218593,5.3665233,4.955754,5.2816205,5.4255652,5.3707514,5.8849216,5.8647637,5.60029,5.4691195,4.7845664,5.5928364,4.67596,5.6969724,5.1154785,5.0407286,5.4974756,5.6696324,5.44988
2011-02-15 00:00:00,5.296945,4.9628725,5.0253916,5.1823153,4.902234,5.029649,5.0451527,5.9169116,5.202144,5.405845,4.693479,4.712855,5.9070797,5.045154,4.5663004,5.6511564,5.124323,4.775936,5.680577,4.9671836,5.4956517,5.691116,5.6349154,4.951046,5.184491,5.8473725,4.831784,5.574993,4.592746,4.8223166,5.3124614,5.466024
2011-03-16 12:00:00,5.062025,4.7271404,4.953165,5.313342,5.0925555,5.0494304,5.3730145,4.669165,5.0552244,4.2617216,4.671607,4.468337,4.902899,4.7550106,4.9664874,4.5728726,4.4173503,4.5233526,5.1215086,4.4051576,5.663963,5.023486,4.937219,5.119342,4.4753213,5.5208898,6.557297,4.627113,4.7008476,4.637154,5.998917,5.0279927
2011-04-16 00:00:00,4.6626635,5.098236,4.901298,4.649906,4.360816,4.2441225,4.979041,4.600305,5.266016,4.4439034,4.807522,4.582089,4.4694023,4.50693,4.755066,4.6219716,4.6979256,4.522918,4.464884,5.1688123,5.2789364,4.8880434,4.812984,4.095768,4.6487393,3.8930087,5.0833735,5.141907,4.6505795,4.598983,4.9414926,4.9747596
2011-05-16 12:00:00,4.6069736,4.1436305,4.015135,4.7650676,5.0734367,3.9132307,4.313212,4.7333636,4.851948,4.3248706,4.767613,4.662829,4.8848705,4.1448283,4.1726565,4.8113403,4.661369,3.9770322,5.01337,4.739863,4.5202017,4.6471143,5.2464924,4.739656,4.757493,4.496944,4.335903,4.126492,4.4880223,4.541775,4.727473,4.476707
2011-06-16 00:00:00,4.143015,4.6653495,4.5153174,4.692219,4.34589,5.0940347,4.9262886,4.5532756,3.9714556,4.6185985,4.4900618,4.5843506,4.268112,4.496774,4.584811,4.4369597,4.1081014,4.352142,4.5334992,4.389137,4.3531303,5.086135,4.549953,4.785492,4.7065144,4.653388,4.5901957,4.9216757,4.3612456,4.7608542,4.575313,4.401858
2011-07-16 12:00:00,4.750213,5.487821,4.582331,5.2041616,4.725596,4.584914,5.038476,4.8983283,4.971448,4.7480764,4.4359493,4.772206,4.3661566,4.6085215,4.3016477,4.6922703,5.3591304,4.571255,4.4914474,4.618148,4.896065,4.96558,4.847246,5.924478,5.1129065,4.275107,4.7405014,4.659411,4.06756,4.5034084,4.996749,4.398598
2011-08-16 12:00:00,4.8393226,4.76356,5.0479465,5.5389957,4.943341,5.282475,5.4109373,4.6588674,5.080096,5.2553325,5.074283,5.326069,5.5387735,4.947348,4.5785694,5.275614,5.850951,5.430582,5.497996,5.036908,5.6269093,5.522881,4.6954136,4.9887595,5.415487,5.0013995,5.1365724,4.9533734,4.857888,5.2913637,4.986399,5.999337
2011-09-16 00:00:00,5.523058,5.702892,5.6375394,6.2046566,5.42034,5.9764214,6.001074,5.110915,5.9815164,5.968118,6.2370443,6.016115,6.092551,5.618235,4.968986,5.528842,5.7325144,5.2789807,5.7709293,5.3343053,6.143995,5.9666615,5.7013683,5.6793733,5.9696574,5.325147,5.4305134,5.5414615,5.208097,5.705338,5.8667293,5.4746037
2011-10-16 12:00:00,5.6485677,5.2892895,5.2067237,6.622119,4.951209,6.10802,5.863629,5.680588,5.453766,5.3179464,5.9800406,6.175204,5.17089,5.531086,5.2731085,5.000229,5.5734873,5.885244,5.705756,5.479932,6.372326,5.9600353,7.1137266,5.5261593,5.842755,5.369662,5.857007,5.064851,5.6373453,5.4876475,5.7237825,6.0441995
2011-11-16 00:00:00,5.991798,4.7869897,4.5430455,6.789682,5.1067696,5.5966544,5.5884886,5.6727853,5.1364465,5.3413086,4.9501276,5.6497793,5.67864,4.5973234,5.70565,5.4728985,5.9644833,5.3248982,5.424434,5.8055816,5.4907374,4.5041957,5.7043314,4.517589,5.1454196,5.0917563,5.842792,5.0801563,4.846911,5.622579,5.569204,5.807174
2011-12-16 12:00:00,6.0504107,5.248123,4.849858,5.7255383,5.299695,5.766944,4.9793477,4.8726654,5.714048,5.822428,5.558338,5.055906,5.9576745,4.8656826,4.9519405,5.231873,5.2621617,4.9981146,5.1760893,4.8393097,5.6272283,5.461361,5.2957897,5.5383797,5.138073,5.7647424,4.937397,4.6756287,4.8990674,4.9832582,5.0842686,5.6247363
2012-01-16 12:00:00,6.0424833,5.486334,5.193017,4.954867,4.5879927,5.104598,4.7962675,4.3441668,6.2094483,5.3849597,5.0021815,5.5460095,5.624152,4.7199287,5.105454,5.0613713,5.088647,5.0699077,6.031788,5.6475825,5.2833385,4.985477,5.132266,5.1897492,5.4458437,5.631649,5.3325615,5.4810853,5.4592247,5.3549967,5.7296042,5.2030416
2012-02-15 12:00:00,5.5692935,5.0723267,4.946853,5.092469,5.277215,5.456261,5.4760633,4.540027,5.474256,4.832506,4.984658,5.298159,6.1178465,5.246441,6.181481,5.2925067,5.570093,4.675807,5.1835203,4.652642,5.781479,5.044921,5.210558,4.893314,5.2474213,5.19186,5.402627,4.520587,4.304297,5.770877,6.1613884,4.6273556
2012-03-16 12:00:00,5.565573,5.1576514,5.3924975,5.2479815,5.4001713,4.900037,4.7290277,5.4593897,4.710641,5.220853,4.8303876,4.062182,4.49926,4.4392943,5.72876,4.7694,6.031391,5.0987177,5.165449,4.8550153,4.6404333,3.988908,5.250894,4.898634,6.1156435,4.639034,5.169983,4.551471,4.3809915,4.6137447,4.6666355,4.915559
2012-04-16 00:00:00,4.635804,4.3157983,4.6659427,4.921527,4.878281,3.9752874,4.781838,4.876701,4.8217072,4.399526,4.6688795,4.5300694,4.265601,4.2396064,4.921096,4.9307423,5.0187063,4.5672793,4.954226,4.3119626,4.9467154,4.838386,4.772511,4.565975,5.190129,4.6568604,5.8640084,4.294203,4.321318,5.1470327,4.3063498,5.4130206
2012-05-16 12:00:00,4.1275597,4.6727285,4.3904834,4.7402196,5.0808434,4.567878,4.6518474,4.5547576,4.453378,4.67218,4.7382846,4.707979,4.3287497,4.3377023,5.4302816,4.6203885,4.457647,4.9393682,5.3453197,4.470696,4.8474216,4.3939586,4.3406034,4.712351,4.4605265,5.630607,5.1302977,4.5006404,4.1770377,4.8523264,4.6167765,4.1818523
2012-06-16 00:00:00,4.6242714,4.2080126,4.537174,4.8832436,4.579833,4.6538653,4.4706945,5.0608325,4.2280927,4.790323,4.230126,4.32298,4.5980034,4.9518976,4.2030935,4.472822,5.2836123,4.3521185,4.286802,4.911612,4.852354,4.7000637,4.4041543,5.3169136,4.7085958,4.5559473,4.6507006,4.467681,4.346716,5.149906,4.9261518,3.7835574
2012-07-16 12:00:00,4.422352,4.939016,4.799224,4.7937384,4.503068,4.669627,4.514485,5.0606637,5.3017616,4.847641,4.7015085,4.2811413,4.934971,4.516594,4.207036,4.9155827,4.3946767,4.688998,4.5239725,4.6280327,4.73827,5.1539407,4.621601,4.319943,4.853537,4.4205165,4.2854676,5.763134,4.2639184,4.435828,4.190494,4.60118
2012-08-16 12:00:00,4.6619134,5.170365,5.3308077,5.4509797,5.248512,5.69883,4.99757,5.3283195,6.107328,5.3320017,5.1168113,5.093705,5.7582607,5.049902,5.0202985,4.865478,5.6820273,5.333764,4.661716,4.866244,5.431918,5.914621,5.3349667,4.945412,5.0304685,4.6236463,5.6720743,5.5184484,4.9764595,5.016431,4.686833,5.0960345
2012-09-16 00:00:00,5.6843014,5.8051686,5.0508423,6.1381254,5.2860675,6.479258,6.3729777,6.237134,6.5335336,5.6405783,5.4947114,5.305371,5.7585187,5.142465,5.391798,5.1604047,6.1476474,5.3096733,5.6180754,5.9958076,5.910174,6.64324,5.847765,5.5798035,5.5793605,5.4913735,6.676186,5.9554944,5.2739162,5.923108,5.238949,5.955442
2012-10-16 12:00:00,5.824517,5.9845314,5.3673086,6.2930117,5.7992706,5.899079,5.837754,5.8514247,6.175404,5.6399865,5.152612,5.6921477,5.97943,5.348036,5.7209077,5.091711,5.501391,5.442338,5.7497253,5.584995,5.9879065,5.5458546,5.9539447,5.4587345,5.7370706,5.3535056,5.9540462,5.885517,5.426705,6.748473,6.3077207,5.9828486
2012-11-16 00:00:00,4.9458737,5.826,4.909859,5.078931,5.650662,5.635522,5.4414177,6.2515717,5.315116,5.2500157,4.9867535,5.89929,5.984653,4.460953,5.1927795,4.446552,5.5269012,5.346616,5.414448,6.117959,4.9372563,4.7125144,6.5561705,5.3464794,5.196576,5.3705997,5.9540424,5.9756207,5.1017995,5.1870127,5.688187,5.7722054
2012-12-16 12:00:00,5.0407467,5.4512897,4.1362348,5.418955,5.1474953,5.4580927,5.334057,5.6491947,4.565933,4.790662,4.7067666,4.90531,5.422922,5.332783,5.434895,5.1571436,5.815484,5.3465357,5.6591587,4.75008,5.2644553,4.576813,5.594009,5.0169086,5.4138722,5.692051,5.742436,5.8020234,5.235184,5.0406957,5.412262,5.907197
2013-01-16 12:00:00,4.7487173,6.3228765,5.1362543,5.496967,5.4190526,5.3133893,5.1667414,5.1642437,5.261357,4.8241477,5.0067925,4.6161456,5.196551,5.0514073,5.946984,5.277014,5.994633,4.721888,5.086514,5.2062683,5.2604427,5.2840924,5.8358326,4.1294975,5.568006,5.389477,5.0511746,5.0371704,5.527014,4.714506,5.213044,5.0165687
2013-02-15 00:00:00,5.0867434,4.931869,4.345972,5.736629,4.953681,5.998161,6.353476,5.4236093,6.7056704,5.3529487,5.5270443,5.8738503,4.259039,5.3277407,4.529766,4.9805174,5.456353,5.621442,5.432995,4.939593,4.943875,5.0651603,4.9936914,4.9105563,4.4966106,5.5136538,5.784352,4.4549994,5.442929,4.507082,4.431978,5.1895623
2013-03-16 12:00:00,4.6197724,5.083884,4.2270417,5.3453603,4.7689247,5.114736,4.9936604,5.6683187,5.750179,4.5033092,4.76264,5.5872064,4.9315944,4.310238,5.239666,5.2238464,5.1447926,6.0313416,4.968915,4.3225,4.957935,5.0192103,4.888186,5.139883,4.4365673,4.794691,5.1597605,4.602675,4.5825725,4.8315454,4.587894,5.0443563
2013-04-16 00:00:00,5.1381054,4.7968802,4.203408,5.419715,4.6657286,5.1675196,4.618086,4.785213,4.9297643,4.9772687,5.1305814,5.2523103,4.507568,4.3932457,4.8945646,4.3078194,4.3762774,4.1846137,4.4104576,4.091871,5.0506663,4.0604534,5.1900034,4.5804973,4.922556,4.2059207,5.6041617,4.3014116,3.9854934,5.288426,4.8677297,4.2452044
2013-05-16 12:00:00,4.27791,4.5218525,4.6396747,4.389092,5.0038147,4.5945506,3.9553218,5.2716594,4.3891807,4.785504,4.54625,4.7428465,4.4413214,4.192478,4.902324,4.7472258,5.2737293,4.5532475,4.7772584,4.667338,5.043814,4.3671403,4.2925553,4.6546316,4.247818,4.1569614,5.1174417,4.730277,4.556911,4.57602,4.50329,4.5145917
2013-06-16 00:00:00,4.6367064,4.3416324,4.2690053,5.058378,3.994291,5.039737,4.42786,4.7834134,4.29822,4.686331,4.309945,4.701392,5.12946,3.8796518,4.662449,3.865907,4.1292934,4.747384,4.502165,5.01161,4.2290735,5.0167394,4.840331,4.8806906,4.5661616,4.190458,4.168362,4.3942127,4.5154595,5.0806155,4.0099263,5.0789785
2013-07-16 12:00:00,4.962466,4.503537,4.2932796,5.1024423,4.8303523,4.7760396,4.8135524,4.8214417,4.8848615,5.166738,4.672388,4.8100867,5.110543,4.6560645,4.583374,4.289951,4.6354666,4.1282544,5.2601466,5.1499276,5.431009,4.775728,4.97313,4.1767354,4.8072,4.309609,4.855988,5.015615,4.396358,4.808214,4.690881,4.107425
2013-08-16 12:00:00,5.1505194,4.974944,4.5926213,5.354464,5.0038657,5.252506,4.832393,5.4494195,5.777258,4.8461304,5.02758,5.7399025,5.2801857,4.9526715,4.984661,4.702699,6.256842,5.3858447,5.6027017,5.9502325,5.474569,5.4160757,5.277137,4.953933,5.70289,4.435819,5.2924285,4.7359185,5.7967944,5.041947,5.518249,5.371151
2013-09-16 00:00:00,5.8956842,5.627505,5.4330263,6.191446,5.81957,6.0207763,5.037973,5.7690973,5.902908,6.455075,5.067809,6.4155846,6.1707335,4.546638,5.255894,5.4401927,6.8435845,6.190381,5.7235074,5.857712,5.4561834,5.8392673,5.9431133,5.7748523,5.1660767,5.467094,5.997802,5.6750035,5.4815254,6.3693366,6.0474186,6.1686273
2013-10-16 12:00:00,6.289028,5.3082795,5.221566,6.8185215,5.4001474,6.591105,5.2862034,5.826493,5.8026543,5.7722955,5.4567657,6.51703,5.4180727,5.1352844,5.436547,6.0165954,5.9709554,5.262389,5.7231393,5.9224677,6.3919125,6.0377984,5.619221,5.356151,5.7194667,6.2186117,5.7814536,5.7001896,5.84925,5.6394176,5.7118487,6.4557133
2013-11-16 00:00:00,5.2271433,4.802512,4.9487724,6.151101,5.737776,5.8652277,4.3813877,5.473907,5.4081964,4.9532514,5.5179753,6.414953,4.982694,5.1625934,5.1592035,5.6565766,5.693986,4.836289,5.516952,5.4903803,5.865747,5.7452574,5.6194673,4.685549,5.216193,5.0137825,6.44266,6.175899,6.366815,5.3334203,5.646148,5.540375
2013-12-16 12:00:00,5.3734903,5.0174413,5.114307,5.7090015,5.7179756,5.76354,5.3700447,5.1827292,5.2772408,5.7900543,5.0365324,5.779987,6.0567894,4.726377,5.4179664,4.765756,5.3841867,5.2165933,5.363114,5.5369115,5.690229,5.4394903,4.8928466,5.617179,5.0448203,4.2520432,5.403189,5.896877,4.6086764,5.0705566,5.8635397,5.2942934
2014-01-16 12:00:00,4.763647,4.478855,4.520963,5.1547027,5.8457065,6.3855596,5.0504637,5.7751927,4.8890133,4.6250086,5.4591494,5.3963275,4.821596,4.8022137,6.3077188,4.9584394,6.216931,4.9983554,6.0938787,5.054714,4.7406926,4.9080243,5.3705974,4.938141,5.6175117,5.348392,5.1119814,5.5135155,4.879064,6.549038,5.078254,5.4845023
2014-02-15 00:00:00,5.1434155,3.9138815,5.384508,5.270196,4.8852444,4.8419952,4.717478,4.065383,6.1830792,5.0734982,4.8181114,5.128462,4.8558893,5.229111,5.650316,4.605826,5.055237,4.9885154,5.703115,5.7580776,5.845775,6.0707917,5.1891117,6.2137766,4.741733,5.557751,5.0022144,4.520469,5.0352955,5.4178185,5.0035396,5.3886356
2014-03-16 12:00:00,4.564659,4.829964,4.3335605,5.1460905,6.1583953,4.626823,4.1390724,4.469466,4.9926124,5.2112384,5.346042,4.89968,4.9001455,4.839234,5.1295466,4.4305725,5.1688046,5.0889683,5.235754,4.9834423,4.7705874,4.873499,6.2210693,4.679579,5.2314086,4.4789305,5.1436734,5.2386117,4.418213,5.081903,4.887589,4.4871364
2014-04-16 00:00:00,5.0919933,5.6293073,4.7224407,5.2268276,5.1669717,4.190396,5.125191,4.9307365,5.463351,4.7652383,5.1710014,4.9412208,4.328291,4.9021854,4.5876017,4.4404254,4.148959,4.765843,4.6883917,5.1939797,5.6085105,4.417086,4.7302766,4.8904605,5.268749,5.100806,4.921085,4.3045735,4.6655846,5.0154943,5.7906666,4.73475
2014-05-16 12:00:00,4.265759,4.449043,4.4040837,5.3443427,4.5130763,4.972747,5.5490746,4.7181807,4.6075673,4.7494273,4.4877906,4.0343666,4.6348853,4.659825,4.4209585,4.7345743,4.5313387,4.304939,4.3881674,4.473144,4.6103177,4.5928974,4.7178016,4.2028127,3.774682,4.516176,4.4936714,3.962973,4.6935983,4.79199,4.165924,4.6792407
2014-06-16 00:00:00,4.9074097,4.535669,4.114414,4.7383666,4.184677,5.100119,4.9822288,4.2103434,4.1953554,4.487335,5.4110937,4.5593038,4.623598,5.4283924,4.9161763,4.3092594,5.2680387,4.7063026,4.454309,4.1676106,4.8063183,4.804832,4.834034,4.71095,4.699393,4.3929586,4.828029,4.406672,4.242726,4.8194547,4.9917793,5.2744794
2014-07-16 12:00:00,5.081962,4.6607122,4.5661273,5.2059245,4.664506,5.4267454,5.0640836,5.025729,4.9654627,4.7763042,5.0836124,4.7771935,4.4961524,5.1161795,4.624647,4.5564146,4.3563824,4.4767003,4.5603952,4.8316264,4.8475657,4.976886,5.231918,4.450199,4.62172,4.765933,4.5360894,4.678648,4.3693285,5.2171946,5.5079975,5.154956
2014-08-16 12:00:00,5.4075403,5.2205653,4.757743,5.843232,4.655911,5.0572224,5.9219317,5.705127,5.1742573,5.455596,5.438297,5.6805916,4.9732885,5.125052,5.6063843,5.185386,5.3615756,4.842218,5.23559,5.266406,5.26701,4.9808507,5.329176,4.924103,5.6296787,5.645634,4.5067344,4.928529,5.0025725,4.624708,5.8345733,5.420567
2014-09-16 00:00:00,5.744494,5.2632446,5.104188,6.0890155,5.1639752,5.967638,5.423496,6.216737,5.6495357,5.24613,6.0744505,5.9707203,5.4757724,5.557205,6.0267344,6.079779,6.250253,5.940533,6.0075593,5.744293,6.1875653,5.978406,6.177637,5.42899,6.0612674,5.7538204,5.8541994,4.9586353,5.598963,6.1507897,5.6705194,5.8712044
2014-10-16 12:00:00,5.447893,5.323953,5.1400867,7.0414248,5.3445005,6.061747,5.225698,6.3742776,5.9347253,5.6415563,5.645185,6.43743,6.034655,5.500354,6.601935,5.6237907,5.2352357,5.4969654,5.3773956,5.9132714,6.6358113,6.1457634,6.727476,6.3837147,5.88201,5.2921047,5.353015,5.5424614,6.576306,6.0141377,5.8125024,5.994309
2014-11-16 00:00:00,5.8862133,5.233186,5.2348166,5.805481,5.018456,6.296292,6.0790234,5.5944695,5.3508067,4.980817,5.356184,6.3310027,5.643506,5.5575995,5.1736197,4.7482367,5.6157203,5.8239055,5.638881,5.6457367,5.7807155,6.13915,5.8896174,5.473742,5.0621967,6.126551,5.2481055,5.6424494,5.371619,6.3551607,5.7720823,6.152418
2014-12-16 12:00:00,5.7700763,5.256119,5.42601,5.003527,5.205824,5.192545,5.101122,5.1828985,5.398727,5.4775596,6.162211,5.548402,5.582263,4.7852283,5.4072742,6.241827,5.740623,5.4139004,5.6676507,5.225058,5.8638463,5.9143987,5.418212,5.0612583,5.75026,5.1332126,5.163841,5.627772,5.373051,5.6233654,5.0253572,5.8559794
