time,r1i1p1f2,r2i1p1f2,r3i1p1f2,r8i1p1f2,r9i1p1f2,r10i1p1f2,r6i1p1f2,r7i1p1f2,r5i1p1f2,r4i1p1f2,r1i1000p1f2,r15i1p1f2,r23i1p1f2,r22i1p1f2,r17i1p1f2,r14i1p1f2,r13i1p1f2,r12i1p1f2,r16i1p1f2,r11i1p1f2,r20i1p1f2,r18i1p1f2,r29i1p1f2,r30i1p1f2,r19i1p1f2,r27i1p1f2,r26i1p1f2,r28i1p1f2,r21i1p1f2,r24i1p1f2,r25i1p1f2
2000-01-16 12:00:00,6.6333857,6.5711737,6.5965433,5.6091537,5.5108347,6.733716,6.220015,6.4968705,5.9518714,7.2905335,6.111057,6.817192,7.412178,6.9997344,5.774297,6.7095504,7.0191627,5.842304,7.7547655,6.21838,6.3112955,7.889819,6.3794503,5.975088,6.9900236,7.842218,6.824334,6.7517424,6.949385,5.866801,6.264987
2000-02-15 12:00:00,5.9951377,7.4565496,7.669394,6.0338454,6.8299804,6.6809235,6.332409,7.0430727,6.2082496,6.505809,5.915194,6.7311506,5.691199,6.110057,6.412956,5.865752,6.6255174,5.767156,6.4406786,7.896983,6.382995,6.5046816,6.694032,6.287875,6.461299,6.791375,6.991301,6.645781,6.334592,7.6961427,6.4392724
2000-03-16 12:00:00,7.1931825,6.650467,5.5069914,6.3241787,5.7466593,7.153763,6.028192,6.8541946,5.971043,6.0592184,7.1176863,6.3718615,5.9765387,6.4070425,6.418762,6.3236747,6.019805,6.727669,6.811937,6.790188,6.4327154,6.07812,6.634259,5.33469,6.2306533,6.758714,5.9964533,6.0117545,6.0338836,5.905257,6.547728
2000-04-16 00:00:00,5.666194,6.2332397,6.4240594,5.6693354,6.4755945,5.4841094,5.619662,5.6781974,5.3088593,5.3443174,4.8806987,7.1500473,5.1736345,5.8106523,5.033935,5.918103,5.446094,5.3296256,6.616141,6.059847,5.5703535,6.4058404,6.19671,5.22398,5.262147,5.3749375,5.6178384,6.024602,4.90038,5.9611344,5.8074207
2000-05-16 12:00:00,5.0758195,4.459201,5.2619047,4.7466326,5.257148,4.7375746,4.945314,4.544339,4.930696,4.7472215,5.109498,4.748166,4.6486373,4.9343987,4.2687583,5.149038,5.1235147,4.7184753,4.956315,4.329425,5.0799456,4.801444,4.9973803,4.672348,4.7731266,4.8056793,5.2170587,5.3362594,5.087853,4.6658945,4.9016604
2000-06-16 00:00:00,4.712883,4.148065,4.7780166,4.522901,4.4536934,4.7905116,4.760849,4.881363,4.3306327,4.8222,5.1251984,4.4741607,4.5023017,4.7752113,4.3765364,4.577179,4.358241,4.5917864,4.5902786,4.6355376,4.7691145,5.138505,4.4681673,4.56433,4.6083603,4.69267,4.962072,4.991769,4.48069,5.0233445,4.8637714
2000-07-16 12:00:00,4.6663566,4.4568605,4.6763706,4.907431,5.3465366,4.6928897,4.696576,4.2493653,4.763765,4.9710298,4.772803,5.1425457,4.603716,5.136098,4.208855,4.897769,4.5840178,4.9607453,4.8600554,4.726136,4.8765388,5.270549,4.5305862,4.6874146,4.8398337,4.591963,4.2251434,4.5813966,5.0613604,4.408503,4.326234
2000-08-16 12:00:00,5.2300878,4.7969794,4.979824,5.179021,4.9348307,4.8998194,5.030281,4.868332,5.0720477,5.149553,5.2990656,4.8528543,5.029725,4.6063995,4.902257,5.368367,4.66602,4.5141106,4.4584036,4.743523,4.9428153,5.4049335,5.1061316,4.8608904,5.4317865,5.17427,5.0647144,4.7753716,5.3717294,5.232499,4.8395877
2000-09-16 00:00:00,5.4207935,5.147542,5.312943,5.22577,5.482412,5.814657,5.122842,5.9376,5.4472322,5.464157,5.1030016,5.2152033,6.0958815,5.597982,5.623669,5.301141,5.760333,5.4176736,5.480893,5.804902,5.8415623,5.067977,5.128398,5.354818,5.692178,5.29162,5.2453556,5.649175,5.484887,5.4361506,5.6504393
2000-10-16 12:00:00,6.123972,5.7779603,5.4079766,6.0656905,5.7104363,5.8413405,5.683868,5.9609084,5.5679727,5.6451206,5.587052,5.7088766,5.955511,5.7628975,5.9764338,5.6807184,5.842435,5.5461574,5.62379,5.8728456,5.8391604,5.7652206,6.5310874,6.024906,6.2078085,5.6492076,5.515245,5.469987,6.4872603,5.9250174,5.401375
2000-11-16 00:00:00,5.66496,6.4222045,6.755732,6.488431,5.6553407,5.77964,5.9200897,6.203859,6.748764,5.5857134,5.2100286,6.1910653,6.0392323,5.727587,6.0536604,5.4128838,5.391906,6.1467233,6.1045732,5.441568,5.5882173,6.264882,5.893518,5.7493916,5.6803303,6.3269086,6.4256487,5.9033294,5.894103,6.0348372,5.503064
2000-12-16 12:00:00,5.6782475,6.831913,6.2982497,6.6756387,6.8424087,6.46631,5.119849,6.3490224,5.8419394,6.1713514,5.9129553,6.159419,5.2967906,5.859685,5.8041024,6.353385,6.929471,6.234296,6.0072885,6.66429,5.9148126,6.183925,5.2367506,6.932985,6.8533936,5.432331,6.070089,6.2724643,6.445231,6.526599,6.208824
2001-01-16 12:00:00,6.7664175,5.9575076,6.033643,6.3143744,7.7737985,6.3150187,6.3766546,6.496938,7.078077,7.0896606,6.1167283,6.592044,6.648172,6.792581,6.837369,5.8767505,7.3071375,6.4756536,5.6537666,6.3882875,5.78067,6.1747775,6.1334186,5.5723724,7.025183,7.1953874,6.678079,6.937126,7.1396513,5.8195276,6.8683457
2001-02-15 00:00:00,6.0681686,6.4911537,6.2264853,6.424983,6.7419662,7.505909,6.294497,5.491872,6.511033,6.739583,5.9118786,6.4853196,7.3853235,6.617345,7.5361037,5.9772635,6.577508,6.315401,6.4072204,5.9973845,5.786056,6.185898,5.661208,7.017123,7.140239,6.477366,7.5946608,6.0810056,7.245996,6.380795,7.5493135
2001-03-16 12:00:00,7.25721,5.316382,6.0797243,6.293644,5.818513,6.1122994,6.0175486,6.819052,6.1706533,6.320075,6.1218424,6.722519,6.1109,6.0419517,6.512192,6.981949,6.6315856,5.791227,5.947093,5.8587165,6.6789856,6.575885,5.5119486,6.329469,6.0792923,6.6344023,6.278153,6.255067,6.385493,6.1075935,6.58806
2001-04-16 00:00:00,4.845992,5.401347,5.602607,6.3867717,5.517843,5.280249,5.80785,5.5011773,5.442485,5.310987,5.799157,5.3448906,5.632009,5.4117646,6.1014924,5.744084,5.729197,5.3533616,6.109397,5.216488,5.500123,5.520838,5.203133,5.575977,6.280734,5.205455,5.607564,5.7146196,6.442881,5.925056,6.093234
2001-05-16 12:00:00,4.5020456,4.800378,4.6881943,4.7438383,4.5500684,4.9385614,4.6255507,5.409266,4.5402327,4.715652,4.7375994,4.131654,4.1427093,4.3956785,5.189744,5.1957054,5.1164446,4.5780525,4.9882317,5.5565667,4.8852973,4.4856644,4.8513646,5.262766,5.0140944,4.80406,4.7857976,4.5653296,4.9229383,4.8820124,5.3079004
2001-06-16 00:00:00,4.267998,5.042163,4.2134066,4.5692015,5.0190635,4.64861,4.935151,4.4836054,4.677527,4.517926,4.7316465,4.6790633,4.797859,4.428784,4.5107203,4.6294556,5.0143094,4.3581047,4.8650055,4.9943686,4.8502636,4.36954,4.5275507,4.356103,4.597765,4.894562,4.956695,4.4019537,4.5000114,4.165605,4.8184
2001-07-16 12:00:00,4.296134,4.420864,4.9164443,4.4104924,4.8429217,4.5133767,4.884551,4.1492357,4.7848883,4.584245,4.427829,4.722646,4.605418,4.47703,4.7347784,4.7857122,4.2072916,4.4759264,4.7316017,4.3604097,4.5278325,5.0325875,4.260235,4.663024,4.7038956,4.6755652,4.657189,5.6965346,4.6985736,4.970857,4.885983
2001-08-16 12:00:00,5.0457973,5.1054864,4.670784,4.7580733,4.6631675,5.180298,5.956535,4.911025,5.1524835,5.053735,5.337874,5.130189,5.364053,4.8120027,5.343571,5.19856,5.1907616,5.3181105,5.7155347,4.9677973,4.926839,4.6274157,4.977163,4.8792257,4.779546,4.841441,5.146268,5.320771,4.877426,4.7019687,4.9657755
2001-09-16 00:00:00,4.8169317,5.456623,5.8970413,6.2013893,5.2022753,5.826512,5.9666953,5.4483795,5.28563,5.97931,5.974727,5.282485,5.6862144,5.186142,5.8616714,5.3492804,5.503669,5.3709183,5.811013,5.6069694,5.6560197,5.320607,5.192651,5.3894453,5.8565655,4.999989,5.4425955,5.409993,5.6920424,5.887098,5.8426733
2001-10-16 12:00:00,6.07996,5.9708304,6.138213,5.4455767,5.166894,5.57687,6.214595,6.3525248,5.926215,5.713119,6.0718107,5.968704,5.6280146,6.164961,6.2104807,6.247055,5.301931,6.0542083,5.45121,6.1714487,5.51734,6.217107,5.3076797,5.469625,5.9779716,6.088994,5.8952446,5.840207,5.745885,6.0686355,5.566341
2001-11-16 00:00:00,6.319874,6.7438917,6.086712,6.5574007,6.0981255,6.0722437,5.91789,6.551079,6.169653,5.9713182,6.1517487,5.974688,6.3111672,5.9223003,6.073081,6.141307,6.363467,5.945321,5.7582593,5.354853,7.056235,5.4460654,6.1578164,5.2769165,6.204236,5.5705123,6.403356,5.6913505,5.9349146,6.008173,5.7139626
2001-12-16 12:00:00,5.806951,6.1020684,6.8427377,6.074355,6.1220484,7.301245,5.38083,6.0296974,6.215182,6.5166793,6.5429244,6.3911414,6.398871,5.957769,6.279772,6.065889,5.94695,5.9429173,6.2012987,6.6114454,6.2628527,5.740836,6.109576,6.188622,6.3501453,6.112771,7.201581,6.4272475,6.9584045,5.5673723,5.9975157
2002-01-16 12:00:00,6.5393844,6.7062287,6.52359,6.827773,6.472238,6.2804503,7.313918,6.9156227,7.2677803,5.8754106,7.378662,6.1980276,5.9744587,6.50326,7.019803,6.5969877,6.3311224,7.071107,7.43544,6.9073133,6.5653315,5.994163,6.0113974,6.237229,5.5786147,6.2197533,5.733017,6.2082314,5.215148,6.5930085,6.55268
2002-02-15 00:00:00,5.773776,6.45733,7.1822724,6.7437563,7.1163774,7.8384523,6.01983,6.848859,6.514186,6.5222116,6.4237657,6.438639,6.534856,7.192488,6.728564,6.498294,5.4314885,6.180066,6.2924376,5.615055,6.2408514,6.2995634,6.9395614,5.978172,5.8944573,7.105632,5.975384,6.7815375,5.277621,5.8425074,5.9253616
2002-03-16 12:00:00,6.9672976,5.8112106,7.173887,6.5944695,6.8913865,6.933165,5.8169374,7.4993057,6.91936,5.663232,6.0573626,6.342106,5.813899,7.5188203,6.72397,6.1234274,6.6004767,6.3212104,6.7816696,6.229797,6.43711,7.114824,6.118707,5.842228,7.5956864,7.3893433,5.531906,5.8507676,6.2397485,6.367902,6.7082343
2002-04-16 00:00:00,5.3746142,5.837824,5.211461,4.8139267,6.0025115,5.7194324,5.883095,5.724545,6.153508,5.876919,4.9945674,5.4508553,5.6236734,6.0935903,6.7255187,6.353998,6.246789,5.7695746,5.71585,5.341896,5.4614954,5.2635155,6.4688125,5.173699,5.571006,6.2780185,5.5661144,5.0332656,6.3017526,5.3131423,6.21471
2002-05-16 12:00:00,5.0098295,4.9504814,4.891431,4.6281815,4.684291,4.8480043,4.4073267,4.510493,5.061465,4.2879615,4.3460913,5.0719805,5.453627,4.644952,5.0631247,4.632226,5.246435,5.2300634,5.076812,5.3595552,4.3964067,4.3588457,4.706773,4.6308722,4.7723064,4.7699776,4.764949,5.0745544,4.5643044,5.220576,4.8661513
2002-06-16 00:00:00,4.6401,4.5330787,5.2442856,4.182916,4.8278465,4.3217483,4.9502616,4.3016925,4.907609,4.970788,5.277252,4.554473,4.518369,4.8606524,4.47286,4.560336,4.4734955,4.8773537,4.553359,4.6164713,4.4409513,4.552441,4.0013647,4.092964,4.433229,4.983626,4.843057,4.3111715,4.893139,4.9193835,4.263726
2002-07-16 12:00:00,4.3293977,4.977243,4.989358,4.786466,4.5433197,4.6359754,4.9756885,4.4410973,4.20409,4.2530484,4.82713,4.5578623,5.0448327,5.023425,4.961236,4.245588,4.5809007,4.5054336,5.0178323,4.3022346,4.779302,4.616005,4.850609,4.5379205,4.656132,4.7447257,5.0037565,4.949955,5.2394295,4.8763094,4.590847
2002-08-16 12:00:00,4.891973,5.0602593,4.6374984,4.7332244,5.460038,5.265511,5.0135603,5.011317,4.348917,4.501338,4.896624,4.703474,5.091095,5.295478,5.106788,4.745119,4.489636,4.8939033,4.7131567,5.2375283,4.958609,4.6166177,4.566489,4.7708497,4.976423,5.0676475,5.7091775,4.676228,5.523523,4.728524,5.0186844
2002-09-16 00:00:00,5.386222,5.185343,5.3661866,5.310224,5.5273027,4.815309,4.904882,5.387984,5.844,5.256835,5.458623,6.0239935,5.74922,5.652543,5.2022867,5.812707,5.3794622,4.9256926,5.6102386,6.0316124,5.6752625,5.6584234,5.981878,5.147229,6.0515327,5.566728,4.73825,4.805606,5.5121756,5.567544,5.242238
2002-10-16 12:00:00,5.834658,5.552112,6.3094597,5.7369223,5.6536756,5.7597895,6.3617973,5.7678576,6.2516327,6.0326347,5.4465833,5.8240914,5.6577644,6.5601454,5.9705596,6.0403557,5.2261047,6.27752,5.977313,5.413588,5.4773035,5.37593,5.2208014,6.481543,5.45645,5.9459352,5.7209153,5.4523535,5.851119,5.659098,5.262368
2002-11-16 00:00:00,5.7673254,6.47285,7.050917,5.47227,5.6659417,6.5739202,5.61379,5.957857,5.6397276,5.9879756,5.671549,5.497233,6.65999,6.54711,5.7535295,5.8967276,6.633142,5.6346846,6.6497955,6.0960135,5.8770924,5.899411,6.573186,6.4464445,6.5781226,5.1114783,5.568784,5.962982,5.8829265,6.47886,6.236184
2002-12-16 12:00:00,5.8278947,5.636627,6.748137,6.7913284,6.0970335,5.054995,5.8844075,6.8288164,6.410216,5.6790276,5.779328,6.974324,6.6293535,6.613443,6.4153724,6.397195,6.241892,5.6665983,6.426712,5.6747665,5.6216407,5.8629427,6.6302385,6.6879377,6.3053083,7.1930184,7.049512,6.4306145,6.638646,5.9765058,5.711868
2003-01-16 12:00:00,6.56185,6.0616875,6.45299,6.9772463,6.5717673,5.897586,6.2770967,6.9428816,6.6815047,5.4833665,5.6678815,5.485265,6.983435,6.077709,6.2044854,6.305687,5.980652,6.5714884,6.7115464,6.6455736,6.9670043,6.6396713,7.0344505,6.143496,5.959935,6.7253685,6.9014754,7.490097,7.521576,6.924176,6.938594
2003-02-15 00:00:00,7.781409,6.844307,5.916063,6.4803514,6.606125,6.289762,5.868921,5.797053,6.429712,6.0744042,6.996466,6.7451873,7.0429482,6.477422,5.906059,6.0176444,5.8963885,6.4671645,7.333711,6.818235,7.5148497,6.514226,6.486528,6.1830835,7.3895264,6.1952486,7.1097765,7.277856,7.170842,6.12041,6.920381
2003-03-16 12:00:00,6.5587134,6.0304394,5.5035415,6.5252457,6.2052584,6.029992,6.295057,6.4630356,6.477787,6.1402297,6.7117386,6.440623,5.851325,6.260421,5.8159027,6.004598,5.999194,6.017756,6.0978756,6.637872,7.0888047,6.149723,6.0322204,6.1822753,6.518654,6.099807,6.698661,7.0847993,6.0134125,6.56269,6.0040464
2003-04-16 00:00:00,6.269059,5.9575515,5.63566,6.177623,6.5985856,6.1718397,5.339081,5.5053124,5.178775,5.5149355,5.6890755,5.3380685,6.122557,5.5801315,6.0267043,5.402063,5.629274,5.971143,5.956828,5.5419555,6.3173013,5.7008176,5.018135,5.949751,5.586091,6.167946,5.2569094,6.5659494,6.052066,5.6765037,6.501096
2003-05-16 12:00:00,4.98799,4.5621777,4.7433944,4.6688676,4.5979433,4.605423,4.6038146,4.9767575,5.1482472,4.5725403,4.4727426,4.6503763,5.4410233,4.5932612,4.7356887,5.044633,4.766063,4.579356,4.907686,4.6471934,4.6153407,5.0659857,4.6722713,4.768546,4.8828697,5.112962,4.80396,5.128411,5.308792,5.0757284,4.8520875
2003-06-16 00:00:00,4.568324,5.062285,4.4612665,4.604274,4.4272413,4.446051,4.657982,4.242206,4.2474985,4.6321173,4.4927998,4.2337785,4.4553056,4.7494917,4.8561087,4.44724,4.734391,4.441003,4.4234414,4.216938,4.7822347,4.6469674,4.6721926,4.0437956,4.538563,4.6778154,4.8400154,4.667598,4.0889125,4.7546353,5.368917
2003-07-16 12:00:00,4.3766084,4.6292996,4.7751474,4.741086,4.9048343,4.4586678,4.4952617,4.8917904,4.4314766,5.1209664,4.335716,4.425593,4.4854403,4.7165055,4.6894217,4.8369536,4.5255723,4.7896395,5.267933,4.9156713,4.4747953,4.8110113,5.141291,4.751625,4.472604,4.764036,4.3155913,4.2887354,4.925703,4.8658285,5.006991
2003-08-16 12:00:00,5.021876,4.9616194,5.5023527,4.71074,4.773842,4.9801006,4.8682914,5.084169,5.4232903,4.8657646,5.197358,4.7224526,5.4764724,4.5940604,4.936416,4.572357,5.25848,5.409784,5.166993,5.2118254,5.0351133,4.7715836,5.686841,4.9630113,5.0302477,5.4303117,4.852233,5.1712966,4.6740084,4.565379,4.7786894
2003-09-16 00:00:00,5.950759,6.3006034,5.764249,5.1809664,5.3374867,5.464559,5.822007,5.8174825,5.296691,5.3739443,5.512191,5.366018,5.0803285,5.4741254,5.190272,6.154645,5.4310007,5.2715425,5.5591674,5.854432,5.4823484,5.7511573,6.216651,6.075454,5.178234,5.896301,5.164584,5.433024,5.8164663,5.776572,5.4413767
2003-10-16 12:00:00,5.1517487,5.679567,5.823884,5.6552315,5.448049,5.5678916,5.237056,5.576457,5.7349415,5.6290855,5.313595,5.7445407,5.186936,5.7279596,6.3918457,6.1353126,5.7348495,5.433543,5.798525,5.012823,6.649502,6.597585,6.112704,5.416871,5.2833376,5.704003,5.9422,6.41418,5.864093,5.729178,6.3161044
2003-11-16 00:00:00,6.9829803,5.8488016,6.0219755,5.8374853,6.6304107,6.706865,5.8409395,6.5265326,6.2232924,6.2694654,5.758164,5.95381,6.03165,6.2465696,5.6407533,6.1544356,6.3914895,6.368861,6.3758316,5.680059,6.717189,5.572634,5.651419,6.111096,5.8426237,6.6884246,6.0403614,5.726333,6.7908096,6.1985807,5.99489
2003-12-16 12:00:00,6.319455,6.0159106,6.5232573,6.430463,5.6853943,6.538274,6.3894877,6.3774137,7.082419,6.5317926,6.6398544,6.2106752,6.3044906,7.1460037,5.94632,7.2953444,6.561166,6.461731,6.0605283,6.7043977,6.3148375,6.6976686,6.012976,6.6148973,6.7459536,6.4833307,6.6791244,6.583838,5.9061728,6.0065513,6.3551674
2004-01-16 12:00:00,6.3001337,6.5268416,6.971736,6.1701384,5.992854,6.6976624,7.5959425,6.1664934,7.5577993,5.9604397,5.887084,5.374816,7.0611205,6.178251,6.329746,5.2042665,6.3734684,5.775346,7.713422,7.070932,6.3630557,6.871733,6.441397,7.52911,5.8623476,6.3872585,6.3456087,6.650374,6.4146986,6.0127935,6.369387
2004-02-15 12:00:00,6.9484816,7.511998,6.4473405,5.9464374,7.0598693,6.835994,6.8965273,7.076477,6.723468,6.0944595,5.8363924,6.0547814,5.8931947,6.9215508,6.9045434,6.812668,6.1431417,6.2798796,6.6186705,7.1689157,6.7567167,6.258326,6.7956877,6.7712173,6.8556557,6.298584,7.0508933,6.2767925,6.924054,7.1765947,6.664262
2004-03-16 12:00:00,6.387258,6.591971,5.8695006,7.487458,6.626634,6.338469,5.8391066,7.5652466,6.592046,6.7375197,6.768518,6.88501,6.072439,6.0055594,6.580861,6.001837,6.202795,5.7065806,7.2161293,7.3168716,6.8659744,5.665759,6.0493064,7.0376253,6.6517296,6.0108066,6.5702577,5.6914077,6.425804,6.414099,6.356595
2004-04-16 00:00:00,5.039116,5.736011,5.370959,5.804501,5.1955023,5.085441,6.4052353,6.1285667,5.74741,5.2892103,5.294539,6.23594,6.0772705,5.591545,4.9549456,5.450593,5.0919085,5.673543,6.139818,6.1095757,6.064294,5.8087387,5.86566,6.102621,5.5580144,5.7994223,6.3733616,6.453682,5.43574,5.0994782,6.1495104
2004-05-16 12:00:00,4.915257,5.160056,4.5637956,4.963843,4.796467,4.7162375,5.321949,4.9315963,4.615384,5.542396,5.058511,5.314004,4.593869,4.940936,4.90821,4.562075,4.652113,4.938199,4.5627937,4.8896346,5.1562057,5.6703696,4.802748,4.3146315,4.313923,4.632745,5.779284,4.868478,4.6643662,4.668261,4.867045
2004-06-16 00:00:00,4.6555853,5.2501407,4.884459,5.0849195,4.271488,4.6371584,4.8037405,5.124585,4.150492,4.9810953,4.2937007,5.071606,4.809887,4.33829,4.5405474,4.339013,4.495172,4.183384,4.761567,5.589917,5.084214,4.502138,4.6218553,4.4003115,4.9782133,4.6350427,4.5047655,4.5954523,4.3850145,4.2809954,4.8098984
2004-07-16 12:00:00,4.926923,4.839638,4.962214,5.554005,5.0352936,5.0045996,4.636468,4.450155,5.1893053,5.261243,4.7290583,5.552806,4.267283,4.247344,5.186789,4.986013,5.0147943,4.588702,4.8173037,4.7711287,4.776439,4.811923,4.3968134,4.4069686,5.0018187,4.6492834,4.895343,4.745646,5.2927094,5.005246,4.1730795
2004-08-16 12:00:00,5.4194307,5.8161726,5.0345535,5.0717993,4.994986,4.7324977,4.9807615,4.9453583,5.1149817,5.134073,5.364806,4.7954245,4.5720143,4.9157424,5.5424013,4.990625,5.000454,4.7660747,5.381321,4.6260624,4.706089,5.231379,4.6790895,5.364023,4.763665,4.6424317,4.973588,5.52492,5.0645876,5.2720356,4.6262197
2004-09-16 00:00:00,5.380192,5.626371,5.844271,5.6491065,5.2518454,5.7297435,5.411928,5.3903246,5.0864596,5.2503166,5.3851757,5.6875467,5.866346,6.021579,5.6321373,5.8662972,5.258629,5.614685,5.733476,5.1794662,6.022691,5.624662,5.4195414,5.31439,5.7365904,4.951525,5.798391,5.3950415,5.4528356,6.0363975,6.044493
2004-10-16 12:00:00,5.816842,6.3844833,5.343137,5.57533,5.7559676,5.812356,5.3428316,6.0296893,6.036762,6.197066,5.3553715,5.769021,5.932781,5.7746625,6.428833,6.28251,5.7268867,6.1368475,5.575532,5.7292523,5.2227583,5.826583,5.497206,5.7265186,6.027749,5.730691,5.988604,5.8971634,6.2233286,5.7456484,6.090118
2004-11-16 00:00:00,5.9364448,5.910667,5.9001036,5.440471,6.1520767,6.240664,6.026187,5.7121167,5.7633524,5.7804346,5.6942215,6.103432,6.09081,6.5268874,6.263461,6.1659074,6.44917,5.3103323,6.162905,6.0545516,5.9445624,5.691956,5.894099,6.6184144,6.3360734,6.028959,5.743844,6.481897,5.9344645,5.6487064,5.70477
2004-12-16 12:00:00,6.2683764,6.0371957,5.57985,5.763004,6.0566316,6.479024,6.180764,6.797179,6.4485307,6.188444,5.621464,5.8402276,6.0609064,6.0941277,6.4044905,6.6277337,7.2358704,7.580461,5.874372,6.291719,6.1372323,5.948453,5.989576,6.3524475,6.2934837,6.2293043,6.7303452,5.63495,6.6105943,6.6552095,7.8152847
2005-01-16 12:00:00,6.141121,7.549765,6.143561,6.206581,6.2061157,7.507354,6.7522354,6.4351654,6.3292494,6.5716324,5.506241,6.280511,5.545536,6.7235594,6.6218023,6.430588,6.6283445,6.776168,6.4934263,6.1965423,6.7648377,6.4540987,6.421004,6.7086754,6.192429,6.8908067,7.1142883,7.4000273,6.7693253,6.5201635,7.286967
2005-02-15 00:00:00,6.842672,7.0888796,6.1860304,6.7263412,5.960505,6.946101,5.755962,6.404686,6.797759,6.9749136,6.148267,6.8368354,6.0103507,6.016876,6.4144654,6.639907,6.1183977,6.0264435,6.008994,5.889512,6.8166747,6.8009386,7.4724455,5.7375855,6.3541527,6.6496305,6.12837,6.475625,8.565059,6.646041,6.096064
2005-03-16 12:00:00,6.4466276,6.3322186,6.428192,6.6832724,6.074092,6.149897,6.4671144,6.9349794,5.7081366,6.044432,6.21734,6.3489065,6.069326,6.129994,6.8760695,7.198825,5.8760247,7.3558607,5.941722,6.057194,5.801637,5.9376907,5.754902,6.33162,5.998864,6.3755426,5.9091234,5.566661,6.5106215,6.6491113,6.513893
2005-04-16 00:00:00,5.705861,6.4793825,5.962837,5.345112,5.539931,5.63978,5.8665476,6.586816,5.7084937,5.266478,5.8840837,6.0075254,5.454853,5.2682657,6.241038,5.217166,5.0606155,5.3761263,5.7617044,5.199708,5.1939993,5.8904853,5.1998177,5.4364495,5.3128824,5.8468575,6.273369,5.0429316,5.5405684,5.634898,5.367165
2005-05-16 12:00:00,5.117669,5.3788795,5.2407956,5.00254,5.2182527,4.991338,4.9072495,5.9288607,4.81079,4.4861054,5.1490326,4.711334,4.3600364,4.777873,5.15554,4.9498396,5.1213684,4.8969827,4.777748,4.9088545,4.748147,5.3510814,5.1917267,5.3448305,4.955098,5.676486,4.7346616,4.61976,4.915091,4.9511423,4.7328887
2005-06-16 00:00:00,4.7905784,4.539268,4.415918,5.5302444,4.738314,4.607036,4.449848,4.2679205,4.4047074,4.4166994,4.722058,4.899833,4.6419773,4.350909,4.947493,4.461768,4.929509,4.29134,4.435262,4.2722616,4.922828,4.7400894,4.740342,4.3839293,4.61034,5.2658706,5.0630674,4.7705383,4.676575,4.256663,4.6407185
2005-07-16 12:00:00,4.616238,5.077499,5.181846,4.9918323,5.0611053,4.8601613,4.6071916,4.5972333,5.114678,4.3114953,5.0366755,4.446051,4.64277,4.402664,4.5122476,5.622276,4.3312516,4.883479,5.022704,5.206355,4.8543625,4.41102,4.362176,4.752881,4.447141,4.7076683,4.422378,4.88339,4.9930434,5.1231585,5.112282
2005-08-16 12:00:00,4.6384635,5.34529,5.0101547,4.9965935,5.1139216,5.05876,5.2517347,4.9249716,4.9810905,5.383352,5.9311037,5.1845117,4.5983706,5.624488,5.048587,5.201004,5.159613,5.5658383,5.0083466,5.307086,4.7010207,5.5546155,4.725421,4.9468174,4.9719133,4.9123535,4.7737274,5.0582767,4.4857626,5.308909,4.9352255
2005-09-16 00:00:00,4.556136,5.9267807,5.5981817,5.8529615,5.0529456,5.4449377,5.846183,5.785043,5.061267,5.3951297,5.83299,5.745665,5.3792257,5.9621487,5.566224,5.239209,5.8015347,5.378122,5.7880173,5.2200212,5.777369,5.813485,5.239772,5.2671533,5.3172736,5.3626075,4.960697,5.2994304,5.346322,5.9683876,5.237064
2005-10-16 12:00:00,5.648885,6.4081,5.634406,6.0645914,5.5580974,5.696406,6.1559205,6.279975,5.824641,5.362778,5.6903844,7.0599947,6.142789,5.499608,6.070674,6.3066015,5.36761,6.35861,6.0509195,5.596095,6.139475,5.429751,5.794551,6.0781555,6.1169057,6.0163765,5.4923525,5.695801,5.6647825,6.006123,5.93106
2005-11-16 00:00:00,6.322127,5.409041,6.3863916,6.1577234,6.1598206,5.994716,5.5844717,5.964602,6.3347983,6.8963623,6.509472,5.5691323,5.7540717,6.123803,6.046701,6.083169,6.490541,5.7814674,5.8823805,5.8571525,6.7540793,6.2709336,5.906969,5.123469,5.9683876,5.7623663,5.9772243,5.7601566,6.172622,6.4820046,5.6476636
2005-12-16 12:00:00,5.5623446,6.59147,6.7271943,5.9952765,6.3883247,6.031116,5.774604,5.6523147,5.9406614,6.8028517,6.785394,5.8763037,6.2367754,6.613242,6.4416723,6.7103415,5.911252,6.629588,5.956603,7.0480537,6.039504,7.7502165,6.1455154,6.2681346,6.3827543,6.1117373,5.9167604,6.9636383,5.7881804,5.888974,6.378323
2006-01-16 12:00:00,7.8483415,6.726645,6.6768217,6.4172935,7.018201,6.366405,5.9238167,6.502411,6.506861,5.8495626,5.8744307,5.9317408,6.5905943,6.5568876,6.7536592,6.539019,6.8636465,6.376861,6.449109,6.361274,6.868335,6.4073935,6.3612356,6.083303,6.3014874,6.3667183,6.2844696,7.0186186,6.340889,6.6381087,6.017105
2006-02-15 00:00:00,7.510138,6.605787,6.640831,6.465767,6.6864243,7.1364455,5.7978663,7.611838,6.169964,6.015538,7.050418,6.570216,6.526676,6.9383545,7.0372133,6.3687825,5.8901505,6.6010714,5.8225265,5.9441314,5.583538,6.831618,6.3974595,6.752083,6.5866404,7.360701,6.8345413,6.9100075,6.3902044,6.5785017,7.2237334
2006-03-16 12:00:00,7.7591553,6.992688,6.0125103,6.399127,7.322876,6.5263567,6.7686186,6.7562776,5.4625726,5.842568,5.9805,7.397699,5.951904,6.139694,6.339467,6.9384813,6.776741,5.8847933,6.054996,5.672629,5.929514,7.1714735,6.020543,5.8374352,7.281676,7.2142515,6.269194,6.4636536,6.2223544,6.6617002,6.54704
2006-04-16 00:00:00,5.609853,5.5794716,5.5557375,6.628957,6.023782,5.6400814,6.254346,5.685079,5.7829576,4.7364445,5.472581,4.7252,5.371953,5.6351213,6.0827913,5.221301,6.0450106,5.739859,5.6311164,4.8909645,5.7284007,6.0723863,5.1745696,5.841962,6.018304,6.147905,5.876339,5.4697065,6.7530847,6.2835016,5.8289495
2006-05-16 12:00:00,5.3887506,4.8422723,4.802781,4.8203483,4.664441,5.210181,4.9766974,4.8153768,4.903035,5.029444,4.715669,5.0023375,4.978605,5.0679746,4.9314604,5.249372,4.6199274,4.3039374,4.709235,4.705323,4.609412,4.3084555,5.0252047,5.0097575,5.132943,4.6860533,5.383653,4.932653,5.317209,4.5803437,4.795341
2006-06-16 00:00:00,4.8444376,4.8076534,4.4196053,4.2664757,4.868625,4.1758156,4.9515495,5.2371373,4.8115015,5.02555,4.54173,4.305835,4.3358793,5.331929,4.565208,4.961735,4.992248,4.455328,4.465656,5.067504,4.605227,4.6123047,4.5107355,4.654135,4.5374107,5.473649,4.712474,4.5386934,4.894075,4.038151,5.036636
2006-07-16 12:00:00,4.5518045,4.3898497,4.652502,4.850444,4.5944724,4.551906,4.6854396,4.6120477,5.206582,5.0783157,4.343648,4.17155,4.6664333,4.6683397,4.952468,4.6043997,4.2626357,5.1149445,4.8659296,4.538797,4.4308596,4.5910974,4.667704,4.6828203,5.433767,4.781348,4.8717914,4.7039275,4.682838,5.106149,4.5466456
2006-08-16 12:00:00,5.0628457,5.0692115,5.928714,4.965324,5.5780573,4.766212,5.050029,4.474902,5.5226965,4.782243,5.363939,4.933484,5.105057,5.4794846,4.7459574,5.071704,5.536031,5.053667,5.08795,4.678869,4.8824167,4.979369,4.4205675,5.007786,5.255373,5.1786184,5.04132,5.1423273,5.4974923,4.8910694,5.2860804
2006-09-16 00:00:00,5.354018,5.5911236,5.438627,5.545736,5.8790216,5.2183237,5.3665895,5.343901,5.82445,5.8640075,5.358813,5.4917326,5.407233,6.061385,5.6378593,5.6961565,5.695446,5.2638593,5.245837,5.955701,4.856458,5.729599,4.9808645,5.3627615,4.9605002,5.156665,5.5822268,4.951314,5.84289,5.8588476,5.3793497
2006-10-16 12:00:00,5.571328,6.1775546,5.47619,5.565995,5.559865,4.9764204,5.729656,5.4315696,5.891153,5.987675,6.1781673,5.779742,5.883863,5.980508,6.0976753,6.0883894,5.5883756,5.664675,5.9507003,5.1743913,5.6402454,5.180116,5.930894,5.867047,5.4596815,5.99696,5.9118648,5.570504,6.1677322,5.9537096,6.025441
2006-11-16 00:00:00,6.0599627,6.0395403,5.9758635,6.348057,5.9680653,6.5312247,6.3860598,5.808875,5.654969,5.622455,6.0334177,5.774749,6.175807,6.069688,6.355571,6.186068,6.0329227,5.8527274,6.3290415,5.7335,7.0303316,5.5802946,5.4693975,6.401848,5.734031,5.528632,6.4266806,6.7974815,6.412955,6.2215796,6.203894
2006-12-16 12:00:00,6.127303,6.4540377,6.7009783,5.824436,5.7090464,7.432892,6.4832916,6.287662,6.9367857,6.584674,6.161962,5.8621607,6.7204843,6.0945787,7.039425,6.630732,6.6036744,5.5806627,6.327757,6.3867507,6.0350986,6.795148,6.450059,6.3910575,6.492531,6.450567,6.702006,6.732993,6.2096777,6.5170503,5.7319856
2007-01-16 12:00:00,7.050241,7.7401366,6.7822685,6.461829,6.1775866,6.562425,6.938585,6.800641,6.9586487,6.0731277,6.468465,7.073943,6.477229,6.985643,6.350383,6.528945,6.543709,5.7398996,5.817546,7.0224442,6.01569,6.7038765,6.8498917,7.031615,7.2591805,5.4683766,7.4487734,7.189595,5.64291,6.2029724,6.792778
2007-02-15 00:00:00,5.850552,6.635833,6.88424,6.112519,7.3020163,6.5457125,6.0842147,5.5674286,7.546687,5.95031,6.962924,7.511776,6.6273613,6.9499984,6.557541,6.412938,6.263833,6.8226976,6.29476,6.691405,7.285417,7.1384544,6.513626,6.3090644,7.370723,6.083644,6.786186,6.816405,5.6309366,6.18385,6.2173223
2007-03-16 12:00:00,5.887718,5.722261,5.710395,6.096102,6.081194,7.0166945,5.4627085,6.1777663,6.428406,6.622978,6.194238,5.572831,6.1866693,7.0057817,5.542186,6.7591143,6.7095704,6.3841543,6.6974616,6.8869843,5.8969355,5.9475045,6.0331893,6.1259413,7.0638046,5.819642,6.445239,7.3275633,6.1142282,6.1796618,5.8554025
2007-04-16 00:00:00,5.94763,5.3323116,5.4645195,5.2508054,6.5955734,5.5426884,5.8649273,5.493052,5.678562,6.6150026,5.3272758,5.4206634,5.522618,5.2932878,5.0028954,5.7193604,5.461732,5.2241488,5.817896,5.9636755,5.512685,6.3502975,5.706292,5.880397,6.010154,5.64046,5.549507,5.5683146,5.712634,6.6055436,5.7297072
2007-05-16 12:00:00,4.463311,4.972419,4.4881134,4.679435,4.8408804,4.6358004,4.6575227,5.192912,4.4849806,5.3836946,4.5759134,4.4417,5.0373735,5.227983,5.132324,5.1192026,4.9792757,4.613815,5.1598563,4.5725527,4.9214725,4.5488415,4.620717,4.958596,4.4939775,4.77827,4.898059,4.59533,5.2272515,4.7409596,4.72374
2007-06-16 00:00:00,4.876757,4.5220814,4.5861363,4.5978446,4.804043,4.1599035,4.771975,4.504347,4.6061606,4.373167,4.547953,4.755214,4.495932,4.530326,4.439993,4.603565,4.5684304,4.1981697,5.272723,4.9499846,4.226949,5.322915,4.6217422,4.625856,5.011,4.5877748,4.7902803,5.253549,4.6544046,4.913049,4.3194604
2007-07-16 12:00:00,4.3475657,4.606864,4.5917645,4.4147134,4.9468775,4.880172,4.4239283,4.3727274,4.4264965,4.7501764,4.1055655,4.8844314,4.6256847,5.05116,4.3457937,5.0514045,4.307008,4.1745567,4.9016123,5.4920044,4.851931,5.2908845,4.8979273,4.375905,4.939533,4.969649,4.721484,4.9707537,4.5227838,4.933078,5.090087
2007-08-16 12:00:00,5.419455,5.6508293,4.810261,4.9787683,4.714083,5.5576377,4.826048,4.838469,5.010415,5.1904078,4.942609,5.3042183,5.038123,5.092192,4.5658455,4.5912876,5.286642,4.763643,4.9321613,5.5698814,4.8964667,5.358969,4.863156,4.702072,5.476512,5.221362,5.2472157,4.521957,4.9454775,4.938012,5.31576
2007-09-16 00:00:00,5.9062767,5.46527,5.601312,5.811087,5.835875,5.8837557,6.007328,4.901824,4.7784066,5.564676,5.5482836,5.767821,5.690922,5.623554,5.1971955,5.7182674,6.487222,5.5599775,5.2725754,5.172212,5.388383,5.53043,5.3247437,5.495098,5.780932,5.2865143,5.914646,5.7670646,5.6750073,5.2075605,5.309319
2007-10-16 12:00:00,5.6647196,6.1983023,5.4190416,5.8499646,5.7610064,6.1518836,6.051019,6.1995516,6.0686607,6.1090913,5.7099767,5.5974703,5.752515,5.9938955,5.786096,6.547663,6.3264003,5.7812867,6.5681624,5.866992,5.5293236,6.048402,5.881004,6.598834,6.0880713,5.990094,5.741365,5.2942157,5.567846,5.7351203,5.350152
2007-11-16 00:00:00,6.016876,6.650183,6.455751,6.037187,6.118226,6.2744646,6.3767304,5.6823483,5.526765,5.884591,5.977746,6.408746,5.3391085,6.0400643,6.5194902,5.5640464,5.9329743,6.1699333,6.6400285,6.5753036,6.315262,6.3734455,6.1838126,6.069533,6.4423537,6.4809237,6.0102544,5.770285,6.3172503,5.7458096,6.154182
2007-12-16 12:00:00,5.742738,6.1623034,6.2083235,6.0225506,6.1972227,6.0293503,6.1500225,5.7965937,6.438092,6.111793,5.8344717,6.0501432,6.2655196,6.618772,6.828106,6.3856416,7.316873,6.215297,6.0187874,6.7315254,6.5311956,6.810014,6.6085844,6.5326705,6.841292,5.822482,6.696463,6.088859,6.769702,6.208165,6.7695494
2008-01-16 12:00:00,6.653352,6.3469567,6.4501505,6.817121,7.3432493,6.1396036,6.3832536,6.8338675,6.3430696,7.4243813,6.3582077,6.427246,6.056043,6.363836,6.6488924,5.7776136,7.077141,5.483345,6.601964,6.666251,6.8927407,6.493634,6.4349685,6.7214813,6.599176,6.2041497,6.2562857,6.3318005,6.924451,6.5431876,5.596019
2008-02-15 12:00:00,5.909424,6.3386173,6.696953,6.602548,6.8257356,6.3676133,6.857236,6.544591,6.7828016,6.2487745,6.283971,7.1083097,6.8155775,6.943405,6.9462614,5.7622404,7.282186,6.6783323,7.044473,6.5467224,6.557692,6.0435123,6.956105,5.883762,5.810929,7.0023766,6.8166723,6.5850244,6.407852,7.4424906,7.2006364
2008-03-16 12:00:00,7.3673925,5.7726526,6.9832397,6.483537,6.7586503,6.257405,6.5075426,6.316584,6.6836905,6.322309,5.5375633,7.0187926,6.539641,6.0402417,5.9871664,6.5809655,6.3680234,6.850548,6.578607,7.1635675,6.7296767,6.3075924,6.570811,5.952877,5.695884,6.0039916,6.3717484,5.811373,6.609903,6.6567597,5.9463477
2008-04-16 00:00:00,5.8757353,5.7326574,6.2858925,6.1045656,6.427826,6.257857,6.0161195,6.005254,6.328018,5.16982,6.129318,5.802615,5.656288,5.5661907,5.5225935,5.367556,5.2522535,5.2863297,6.2411036,6.258268,5.5593114,5.756843,5.9094977,5.6705966,5.385858,5.3860893,6.10954,5.5750766,5.2712617,5.019385,5.422877
2008-05-16 12:00:00,4.4683776,4.6471972,4.6821284,5.0596895,4.385482,5.1497965,5.1603,5.216422,4.247549,4.688573,5.1498437,5.279385,4.8487105,4.985446,5.0657926,4.6526585,5.062692,4.8022537,4.7681084,4.6934752,4.795411,5.6660147,4.8387437,4.5050063,4.6071167,5.5801787,5.2296576,4.617477,4.9091506,4.4584265,5.077742
2008-06-16 00:00:00,4.4296584,4.673898,4.552045,4.3108053,5.1154075,4.739766,4.6614723,4.635842,4.74333,4.532271,4.4966536,4.606101,4.563753,4.854441,4.203805,5.0302896,4.8303223,4.750473,4.6874595,5.006593,4.6551104,4.4555244,4.585849,4.3846498,5.027453,4.4379992,4.6825905,4.8642917,4.8909593,4.738578,4.1592293
2008-07-16 12:00:00,4.9077506,4.7804365,4.8190947,4.611764,4.60271,4.588194,4.7244864,4.81843,5.133786,4.9141603,4.456277,4.918995,5.1356244,4.0825324,4.589431,4.9287395,5.3638053,4.5854583,4.6871676,4.864848,5.2688584,4.712999,5.152125,4.864411,4.5580397,4.4188676,4.8823347,5.0635324,5.235378,5.086018,4.470107
2008-08-16 12:00:00,4.9126954,5.039398,5.0040636,4.940422,5.167247,5.200311,5.277459,5.7261357,4.814723,4.5814304,5.165798,4.7154007,4.8716545,4.748133,5.422592,4.9795685,4.875528,4.6250944,5.323098,5.1498466,5.168549,4.8448715,5.296551,5.0920587,4.54623,5.342336,5.477387,4.932705,5.196174,4.914787,5.0747895
2008-09-16 00:00:00,5.3035803,5.8720922,5.515163,5.149241,5.333072,5.2548122,5.804844,5.4305396,5.594884,5.61028,6.1270733,5.974559,5.5310216,5.5108423,4.840683,6.198686,5.3069444,5.031058,5.186839,5.5210805,5.664298,5.562389,5.6093483,5.07804,5.6889963,6.0270433,5.3848658,5.5892463,5.373536,5.6610208,5.985738
2008-10-16 12:00:00,6.2222733,5.6218314,5.7940855,6.1314626,5.7185607,5.6188064,6.0466943,5.883628,5.749891,5.719085,5.205105,5.7457895,5.912905,6.040597,5.661203,6.6902733,6.2557325,5.2265787,5.681627,6.670842,5.9370193,5.737591,5.9212303,5.4945235,5.7967405,5.925095,6.033264,6.2155905,5.650016,5.3689957,6.183628
2008-11-16 00:00:00,6.0321913,6.3014054,5.8108554,6.071624,5.6675467,5.3271327,6.544629,5.6210203,5.903642,5.768919,6.013377,6.766968,6.2525415,5.950433,6.4283257,6.54749,5.5414658,5.968302,5.893563,6.3160295,6.487648,5.7464385,6.5632906,6.19298,5.5751295,5.7559295,6.328042,5.638452,6.4431243,6.190081,5.7453218
2008-12-16 12:00:00,6.188975,6.995021,6.39079,6.0084343,6.1742744,6.56064,7.0491295,6.1502647,6.9075403,5.885554,6.821988,6.254085,6.860582,5.9205413,6.6759367,6.4952517,6.5676165,6.5657134,5.989062,6.1200957,6.5204573,6.4575377,6.8201475,6.6879015,6.060102,5.7142406,5.799472,6.300595,6.4316177,6.2235146,6.8909087
2009-01-16 12:00:00,6.726964,6.633979,6.5117507,5.912358,5.78015,6.6320252,6.5635424,6.2801695,7.1533585,5.9420037,6.5361876,6.515994,6.2180214,5.8225355,6.4842825,6.7448287,6.788545,6.561618,5.7304606,6.5689254,6.3472004,5.9231515,6.78376,6.070836,6.044408,6.5725837,6.1808424,5.924421,6.156267,6.318849,6.773421
2009-02-15 00:00:00,5.9216123,6.1115546,6.1055923,6.0974627,6.259877,6.28462,7.776671,6.1591334,6.2863445,5.944892,6.054896,6.295596,6.1002827,7.9130797,8.256828,6.807663,6.0900326,6.7642426,6.420995,5.5399466,6.5791373,6.862605,6.340537,6.4691954,6.626372,6.7120695,6.120343,5.5138783,6.7480493,5.99159,6.077567
2009-03-16 12:00:00,6.3690643,6.398121,6.484454,6.2829933,6.6050887,5.564583,6.6354723,6.564289,6.597827,6.987362,6.379169,6.616707,5.4975624,6.4671965,7.119986,5.617903,8.422773,6.661879,5.5784636,6.409894,5.9866724,5.5955095,5.893106,6.711253,6.6307497,5.956147,6.715758,8.215284,6.081189,7.136016,5.2962008
2009-04-16 00:00:00,5.257989,5.6975884,5.8793907,5.350646,5.117545,5.227774,5.4810867,6.533002,5.2569623,5.776101,5.9831457,5.7426744,5.792402,6.588191,5.3996086,5.576753,5.750337,6.1463404,5.7185693,5.5369964,5.4466066,5.0940166,5.890673,5.363738,6.1898737,6.349084,4.684462,5.455744,5.4123106,5.8809967,5.146481
2009-05-16 12:00:00,5.189658,4.7216516,5.1931744,4.877054,5.726886,5.0604095,4.638459,5.225797,4.6169376,4.62728,4.7034903,6.5003676,4.9048634,6.5419145,5.049563,4.8453317,5.172437,4.440886,4.8275046,5.0797706,5.069024,5.470048,4.4945865,4.8765545,4.555294,5.191191,5.2029366,5.3495545,4.9309435,4.457254,5.0432134
2009-06-16 00:00:00,4.3431973,4.3168097,4.7802052,4.8114805,4.428785,5.3027086,4.558524,4.8209076,4.477732,4.481822,4.695065,4.6057553,4.778692,4.9146852,4.577339,4.4406333,4.7853613,4.7889543,4.860083,4.254084,4.6548266,4.5637236,4.761531,4.8479013,4.859082,4.645173,5.1624928,4.598206,4.39359,4.6381555,4.9332457
2009-07-16 12:00:00,4.911809,4.7515616,4.76687,4.6326256,5.3487816,4.310327,5.415901,4.3973837,4.785955,4.8608055,5.052086,4.7172146,4.8499174,5.372426,4.6274858,4.717042,5.0020194,4.178942,4.4874,4.78392,4.826106,4.662942,5.515889,4.9851317,4.9759154,4.454418,4.4638925,4.9002123,4.8222566,5.05124,4.231683
2009-08-16 12:00:00,5.583139,4.9994073,5.11098,5.3246207,5.6599197,5.104338,4.9953423,5.1041093,5.6019564,5.107074,5.4919386,5.8980026,5.401302,6.121715,5.0718293,4.7971816,5.3400908,5.2158594,5.561542,4.531697,5.4456472,5.1526947,5.4790955,5.0539246,5.097519,4.841831,5.2672806,4.9785995,4.677942,4.818381,4.845662
2009-09-16 00:00:00,5.122719,5.647666,5.253218,5.3483667,5.4092913,5.4829683,6.120188,5.8890285,5.0871444,5.7085886,5.468544,5.451837,5.304651,6.190211,5.767872,5.2605453,5.1754103,5.2625976,5.545159,5.416316,6.233117,5.3124433,5.7100267,5.0805526,5.8543043,5.6929255,5.2635,6.05941,5.88085,6.05329,5.424613
2009-10-16 12:00:00,6.038112,6.0206447,5.38838,6.0583696,6.244414,5.732789,6.304483,6.2236185,5.665109,5.763096,5.6853666,5.275264,5.477501,5.580863,6.465581,6.0155997,6.51532,5.8905935,5.577161,5.4997354,5.9266367,5.978198,5.7962747,6.0788603,5.524634,6.1299043,5.5265923,5.702159,5.539773,5.4141545,5.78659
2009-11-16 00:00:00,6.0450354,5.888312,6.0837355,5.8740172,5.7296133,6.2284846,6.49615,6.715907,5.7910166,5.450485,5.9806085,5.369724,6.305928,5.6268215,5.8907957,6.467471,5.756366,6.24338,6.2636485,5.5294647,6.0586724,5.524185,5.6764245,5.6274614,6.280832,5.7096634,5.566142,5.978167,6.8109665,5.907569,6.405773
2009-12-16 12:00:00,6.307231,6.1147366,5.776282,7.666823,5.919062,6.1395288,6.267118,5.8784537,6.647523,6.623606,6.395218,6.562773,6.3606653,6.5019608,6.4834785,6.2722535,5.947596,5.2314863,6.2449427,6.547099,5.50944,6.3709397,6.0035515,6.0732474,5.4952435,6.8070006,6.2524495,6.1321273,6.4975996,5.668131,6.2196364
2010-01-16 12:00:00,5.903178,7.6863127,6.0034113,6.1000457,7.271314,6.640898,5.8238,6.755806,6.910543,6.8484983,6.5117464,7.264385,6.794028,5.7242603,6.445981,6.0808167,7.1372004,6.746498,5.993024,6.403514,6.1551714,5.873048,6.8703012,7.419406,6.6737623,5.8668046,6.3974485,6.601226,6.283157,6.704886,6.1044183
2010-02-15 00:00:00,6.9908996,6.0376496,6.4744444,6.7532396,6.524717,6.682185,6.602918,6.6528015,6.765971,6.1355214,6.5291452,6.446414,6.568746,6.1819973,6.7376494,5.3036084,6.257197,7.364821,6.48407,6.4518766,6.15589,7.448018,6.454071,5.8357234,7.93264,6.9589233,7.9667726,6.627713,7.2779837,6.008889,5.844833
2010-03-16 12:00:00,6.2917786,5.5823917,5.855733,6.3916674,6.257238,5.7055526,6.8942466,7.3238564,6.892802,6.3509345,6.2135735,6.7557206,6.957246,6.613904,7.125773,6.0100365,7.1643386,7.2303314,6.5337753,6.3007016,5.614206,6.2114725,6.504136,5.839333,6.245488,6.483153,6.1818786,7.23107,7.232724,5.5079355,6.8446717
2010-04-16 00:00:00,5.4285173,5.5840654,5.9402857,5.6280293,5.1853614,5.771614,5.144553,5.830547,5.0642977,5.627722,6.274194,6.258607,5.2322755,5.793189,5.4092965,5.65088,5.9241614,5.604987,6.320739,5.6399083,5.5945287,5.1473494,6.0793066,5.753742,5.7491837,5.8247004,6.8067703,5.8533363,6.910329,5.919469,4.7082353
2010-05-16 12:00:00,4.8205914,4.5452843,4.504607,4.527046,5.197161,4.5361705,4.9997916,4.9615555,4.3379354,4.432574,5.559015,4.8360696,5.0250497,4.32258,5.071116,4.7865143,4.921912,4.9908447,5.288237,4.892671,4.6887774,4.397559,4.6135397,4.7205877,4.9973264,4.3395834,5.8467283,5.3316107,5.9151525,4.533328,5.228521
2010-06-16 00:00:00,4.8910475,4.5763245,4.600999,4.935645,4.9742723,5.041636,4.514261,4.874766,4.7643576,4.950532,4.493926,4.5238314,5.229671,4.930581,4.7514586,4.8945274,4.512519,4.548628,4.997995,4.9526534,4.634043,5.0620775,4.886696,4.407623,4.815918,5.091729,5.0200033,4.2478056,4.651239,4.324923,4.79539
2010-07-16 12:00:00,4.6188936,4.5276146,4.83216,4.953103,4.3689704,4.663247,4.5622673,5.379386,4.661521,4.4889607,5.112139,4.9930363,4.9169507,4.5855856,4.908258,5.016056,5.3103848,4.851756,4.836905,4.7226496,4.725112,4.8802195,4.7770624,4.4146295,4.601474,5.5956664,5.29759,5.295623,5.0857115,4.6883335,4.39591
2010-08-16 12:00:00,4.678095,5.2530394,4.711607,5.109236,4.507711,5.1562366,4.7837057,4.9814773,5.2473764,4.671263,5.1744785,5.2742543,4.906041,4.743183,4.963544,5.452981,4.9561286,5.107465,4.5686045,4.516268,4.8302727,4.996927,5.261872,4.617341,5.0951586,5.028261,4.8974543,4.96801,5.3320327,5.2452736,5.1687384
2010-09-16 00:00:00,5.5781183,5.450957,5.364648,6.144735,5.817219,5.3951464,5.238141,5.6125627,5.302297,5.3984566,5.7664537,5.8720627,5.9371095,4.5574136,6.1136065,5.2107606,5.078227,5.8034606,4.817359,5.1125793,5.444488,5.4938917,4.9896455,5.3768845,5.5535235,4.742737,5.9490533,5.829876,5.0692797,4.871897,5.320763
2010-10-16 12:00:00,6.562204,5.8532495,6.0378847,5.862073,6.2854943,6.249949,6.016015,6.1185274,5.304398,6.5492654,5.540854,6.5218377,5.5872674,7.0067887,6.1689987,5.7508116,6.2191896,6.4469366,6.2644544,5.8315935,5.271451,5.958801,6.437854,5.9934335,6.0193663,6.256894,6.358296,6.120691,5.7510157,5.710593,5.5265093
2010-11-16 00:00:00,5.9928217,5.760728,5.8210936,6.2378044,6.459063,6.525341,6.3636694,6.6425767,6.2468557,5.95214,6.1031632,6.221886,6.059568,5.078794,5.6192746,6.0571923,6.0534983,6.355383,6.1906905,6.19575,6.5047317,5.565678,6.5734024,7.147912,5.9509354,5.9570565,6.139368,6.425144,6.3000555,6.083535,6.0078616
2010-12-16 12:00:00,6.8621383,6.493056,6.032804,6.6720476,6.526422,6.240216,6.633734,6.358499,6.3173375,6.238618,7.0934777,5.7708564,6.291218,5.9693093,5.923562,6.653405,6.341451,5.666315,6.0439324,6.37641,6.1934366,5.7941284,6.842837,5.9892564,5.8779593,5.5713005,5.8504076,5.9280214,6.5209985,6.9023714,6.967986
2011-01-16 12:00:00,6.073783,6.9064293,6.9935074,6.672582,6.185399,6.8101883,6.2707987,6.1550293,7.5292115,6.544759,7.0115294,6.020213,6.558093,7.3058867,6.8460183,6.706912,6.362359,6.9751463,7.121386,6.372705,6.5674567,6.795564,6.5926237,6.3142257,6.84795,6.3577123,6.4027147,7.285716,7.1913404,6.071288,6.1955256
2011-02-15 00:00:00,6.27851,5.4697847,6.003185,6.5103655,6.0326314,6.1670656,6.1695437,7.248236,7.247712,6.6413064,6.6719384,6.7554197,7.7342806,6.8012037,6.986949,6.8876786,6.579089,6.7138033,6.030679,6.448636,5.926404,6.383683,6.281658,6.772139,6.4803605,6.219276,6.6343484,7.166093,7.6395125,7.2470064,6.9201746
2011-03-16 12:00:00,6.2275286,6.6481233,6.342017,6.1820574,5.9754877,6.591899,7.1557837,7.19768,6.7173705,6.049625,7.1660204,6.232175,6.2525177,6.815463,6.001751,6.1120806,6.8121185,6.976516,5.728156,7.332544,5.1898103,7.614923,6.545526,6.023782,6.6415834,5.3786955,6.6081924,6.218348,7.755914,6.009315,7.3544745
2011-04-16 00:00:00,5.2264876,5.6060553,5.550589,6.01654,5.852706,5.485076,5.6208253,5.3376017,6.835065,5.2971835,5.373643,5.9465227,5.0888524,5.242934,5.881469,6.0821,6.273989,5.8311524,5.6553726,6.1334734,5.7127013,5.75358,5.403594,6.4270544,4.7007895,6.2863007,6.21602,5.796195,5.9527383,5.3925934,5.937098
2011-05-16 12:00:00,5.6365037,4.945123,4.3928595,5.0235567,4.8518076,5.088966,4.8809547,5.4103217,5.298111,4.8863306,4.7672906,4.7090883,4.1101127,4.7474546,5.23724,5.206549,5.0291567,5.195344,4.5878754,4.827932,4.3303366,4.9657717,4.8049417,4.6096177,4.913668,5.1922617,4.596232,4.63004,4.826056,5.02835,4.8295984
2011-06-16 00:00:00,4.7202487,4.6012588,5.0772467,5.1975417,4.9537096,4.783026,4.8646264,5.3912787,4.516015,4.881396,5.2364645,4.032048,5.286874,4.2749453,4.4924955,4.8743973,4.9343925,4.370267,4.6239824,4.4301825,5.5043583,4.929896,4.4767923,4.9266844,4.8203015,4.42933,4.709119,4.631053,4.387308,4.318304,4.2692895
2011-07-16 12:00:00,4.501067,4.8093467,4.918956,4.251996,5.784687,4.922345,4.8667154,4.410524,5.2827497,5.25124,5.0679016,4.922816,4.4526567,4.4014063,4.517239,4.7417088,4.3357506,5.2254567,4.9439316,4.3868356,4.3535695,4.65421,5.2172604,4.989881,4.781886,4.4549437,4.594897,5.075362,4.8058963,4.4340615,5.1663613
2011-08-16 12:00:00,4.960658,4.924032,5.0609922,5.5313573,4.878525,4.5215425,5.5344515,4.9164324,5.98552,5.028711,4.269961,5.251972,5.3338614,5.321814,4.799773,4.8263154,5.1642394,4.7270308,4.3933234,5.395967,4.959437,5.579889,5.2425227,5.0224676,4.8574433,5.1545095,5.365238,5.4311843,5.2079453,5.105073,4.970433
2011-09-16 00:00:00,5.56985,5.5571265,5.448951,5.6275797,5.93285,5.9785876,5.396857,5.5247884,5.770125,5.9911637,6.0659575,5.2027116,5.854552,5.7967334,5.319222,5.900946,5.5793223,5.752937,6.5580916,4.942401,5.429008,5.8416033,5.1539254,5.470888,5.409255,5.549082,5.534266,4.7553153,5.693177,5.414018,5.444935
2011-10-16 12:00:00,5.490155,6.3351607,5.5767984,6.466934,6.165556,5.5211973,6.0340548,5.8932457,6.4363694,5.4816437,5.9161634,5.9734497,5.8449306,6.4155855,5.502855,5.6392183,5.766519,5.3545938,6.09725,5.900142,5.7832117,6.4701295,5.8856907,5.7270017,6.2180357,5.766369,5.508101,5.772402,6.1256256,5.7233286,6.032492
2011-11-16 00:00:00,6.0176325,6.0719748,6.570774,5.721823,5.3220882,6.2267838,6.0821896,5.7379847,6.216516,5.0328226,5.9789305,5.664424,5.9356356,6.2411475,5.7044573,6.3601313,6.1304064,6.3552456,5.67974,5.7594194,5.782637,5.874505,5.9911933,6.2415953,6.2116804,5.9147277,6.301243,6.084858,5.8211412,6.4308853,6.4794335
2011-12-16 12:00:00,5.9051714,6.3903055,6.771718,6.8391557,6.12861,6.0316315,5.8679595,5.7409644,6.793235,6.4459167,5.88082,6.216118,5.567878,6.316674,5.8372774,6.609296,6.620542,6.547333,7.153652,6.9896073,6.791163,5.52069,6.2601557,6.473723,6.4431734,6.4811907,6.59095,5.9699354,6.3872323,5.3795314,5.565328
2012-01-16 12:00:00,6.4565215,6.331477,6.2944717,6.3539925,6.793077,6.405458,6.6529565,6.5492067,6.408995,7.397588,5.6612635,6.304904,6.2334833,6.619401,7.008906,6.0540676,6.8152595,7.0252395,5.862197,6.6147738,6.501498,6.676992,6.954129,7.6382246,6.6020103,6.3148713,6.822983,6.4954376,6.4700613,6.064466,5.9778113
2012-02-15 12:00:00,6.6619887,6.2279,6.427661,6.3983445,6.4891233,6.7333694,6.8462424,5.8017883,7.322689,6.060292,5.6412263,5.533271,6.503511,6.1091676,6.6424103,6.438327,6.1644096,7.534987,6.0790224,6.249726,7.288241,7.035615,7.0088224,6.331379,5.706428,7.2626314,6.416215,5.896352,6.3305955,6.118899,7.469596
2012-03-16 12:00:00,5.9538364,5.6660233,5.4169664,6.1793237,6.894609,6.960771,6.2091727,6.57483,6.1010985,6.60031,5.8734794,6.7379045,6.556018,6.283292,6.227673,6.4788766,6.468132,6.285754,6.7061744,5.7329836,6.2488937,6.791588,6.5749993,6.489788,6.40429,6.9370055,6.1364965,6.647785,6.6508193,6.065896,6.9948997
2012-04-16 00:00:00,5.3421555,5.795166,6.982446,6.092888,5.8742495,5.7719774,6.1999354,5.712522,6.336754,6.6460314,5.151717,5.6392794,5.579284,5.4912243,5.987294,5.415974,5.784491,5.868419,5.3202815,5.781199,6.1105947,5.2963324,5.8821664,5.6317377,6.023992,5.5171847,6.194951,5.658357,5.724719,5.390265,5.5383844
2012-05-16 12:00:00,4.8275294,5.0535417,4.377807,5.3738623,4.3562403,5.205245,4.550765,5.0272956,5.3476944,4.9995475,4.7483397,4.115733,4.561661,4.859157,4.7582083,4.4934053,5.045057,4.33993,5.23689,5.414613,5.284449,4.784063,4.7972364,4.5832925,5.060607,4.4298334,4.83805,5.1427054,4.9756455,4.649228,4.513872
2012-06-16 00:00:00,4.335547,4.816983,4.5176563,4.7246046,4.388047,4.7167945,4.6443434,4.5460877,4.516677,4.9896507,4.5372195,4.5724716,4.4015417,4.7883205,5.428836,4.870855,4.3043146,4.4760385,4.291663,4.2805214,4.586688,4.477458,4.5583696,4.152653,4.7190485,4.472249,4.8975286,5.063325,4.1220803,4.5400553,4.948735
2012-07-16 12:00:00,4.7501516,4.9588447,4.8278556,4.775895,4.960817,5.072811,5.142621,4.5528903,4.8658094,4.6763997,4.118806,4.9202843,5.114321,4.9004316,4.763746,5.39314,4.7514224,4.5437617,4.5739493,5.006018,4.51634,4.502162,4.6331964,4.6325774,5.1081543,4.4131594,4.8409715,4.5632887,4.4643574,4.6421275,5.188334
2012-08-16 12:00:00,5.715796,5.514618,4.4159126,5.605241,5.2340736,5.533987,5.0783567,4.9849668,4.647996,4.923172,4.6805696,5.6008472,4.8979416,5.351325,5.1187835,5.0550394,4.755242,5.031205,4.7248855,5.031007,4.7271743,4.8324327,4.9232497,5.4118223,4.6433344,5.107654,4.8033485,5.0165625,4.536777,5.0035243,5.433809
2012-09-16 00:00:00,6.112914,5.2562776,5.668647,5.381631,4.864766,5.2991123,5.717796,5.5232797,5.3178544,5.4568605,6.098015,6.208623,5.744684,5.644025,4.985667,5.618786,5.6924105,5.324032,5.579975,5.8485427,5.097944,5.1593714,5.3298717,5.7552996,5.630872,5.564645,5.6902404,5.7903996,5.4502463,5.754622,5.490312
2012-10-16 12:00:00,5.4451275,5.627019,6.022368,6.135161,5.8767624,6.236285,6.290109,5.484525,6.410254,6.1754866,6.5548387,6.101785,5.7148924,6.3400297,6.010872,5.7407317,6.107123,6.0346847,5.434665,5.989533,6.4162292,5.813568,5.577625,5.6809754,4.9293885,6.4845743,6.518496,6.3793497,6.476959,6.0481377,6.0151205
2012-11-16 00:00:00,5.875509,6.418776,5.7847843,5.7931733,5.695484,6.2530966,5.549617,6.241671,5.371555,5.064555,6.0227504,6.3163476,5.947461,6.26184,6.255587,5.919581,5.9135113,6.114942,5.893715,6.3067093,5.5834947,6.100262,6.2120504,6.323899,5.8898153,6.311176,5.9755945,5.3524218,5.414277,5.5849466,5.8358965
2012-12-16 12:00:00,6.128372,6.289195,6.1902475,5.5313697,7.125785,6.1207986,6.0389905,5.9476995,5.708178,6.5644317,5.730245,6.2287364,6.5566797,6.0604205,7.016841,6.302927,6.4084396,6.5581055,6.403903,6.365983,6.293489,5.3884087,5.879838,6.1302977,6.68246,5.819668,6.398777,6.2891126,6.9532166,6.398478,5.75299
2013-01-16 12:00:00,5.902719,5.7815313,6.9526186,6.8392196,6.795903,6.6847925,7.0704513,6.61069,6.1739287,6.0865774,6.5669084,6.448415,6.167214,5.875781,6.1936316,6.589958,6.2097754,5.903407,7.1851335,6.213929,6.840107,6.0430307,6.584737,6.6659317,6.915976,6.8901505,6.545972,6.922316,6.7372847,6.343376,6.090672
2013-02-15 00:00:00,6.178545,5.535529,6.8854127,5.425461,6.4715424,6.3345656,6.7696657,6.622912,6.681699,7.584653,5.8365145,5.9932337,6.3827085,6.5299006,6.115557,6.1500726,6.20982,5.8126893,6.361349,6.336539,7.0873923,5.8521943,6.3626823,8.051989,7.258766,6.4265337,6.8321495,7.697075,6.312915,6.4424148,7.1584716
2013-03-16 12:00:00,6.9882812,6.0792227,5.588193,5.898399,6.6874833,6.076524,6.1395473,6.3193345,7.428258,6.409507,6.857772,5.794401,6.73208,6.5375776,6.583824,5.5687304,7.601001,6.756285,7.487532,7.159648,6.2179866,6.707657,5.93752,6.522116,7.590268,7.5649033,6.280361,7.00553,6.3137856,6.6845145,7.296954
2013-04-16 00:00:00,6.258066,6.121965,5.824151,5.557002,6.287317,5.9473357,5.4026804,5.5612535,6.010939,5.165147,5.600751,5.0695853,5.8542433,5.8801017,6.1565886,6.7318735,6.202701,5.81215,6.2824945,6.5128202,5.241661,6.054253,5.3674455,6.401477,6.1361823,5.462756,5.5563116,5.7609797,5.4863153,6.8165693,5.926403
2013-05-16 12:00:00,5.1451273,4.692851,5.518794,4.8181105,4.6386147,4.724427,4.487113,5.1219916,4.755618,5.30355,5.5389757,4.4348154,4.900389,5.4228654,5.392328,4.676013,5.017869,5.061694,4.8034487,5.3417215,5.40182,5.456603,4.525171,5.729035,5.0881286,4.705939,4.368196,5.077323,4.6064024,5.315921,5.321431
2013-06-16 00:00:00,4.3163824,4.90236,4.6738086,4.325907,4.387927,4.578443,4.309224,4.5472946,4.94779,4.46219,4.695011,4.6406546,4.4566298,4.5316277,4.65008,4.4640074,4.9164543,5.00098,4.095063,5.0829406,4.871613,5.255149,4.4717836,4.5862536,5.074824,4.979674,4.8739343,4.1711216,4.4471426,4.3662558,4.0765224
2013-07-16 12:00:00,4.4629564,4.450165,4.99994,4.9626994,4.2734904,4.6112385,4.8325267,5.195956,5.2875094,4.806656,4.646076,4.57576,5.208256,5.011902,4.948791,4.876651,5.1473017,4.5359635,4.382645,4.7443323,5.1718783,5.1944833,4.6312027,5.0459948,4.8952966,4.934298,4.732137,4.222045,4.9431005,4.435248,4.784336
2013-08-16 12:00:00,4.978451,5.2308226,5.0006742,4.439042,5.47734,4.831824,4.4770384,5.413259,5.0569634,5.0587273,4.635203,5.13984,5.5768538,5.074279,4.7949824,5.028839,5.249025,5.1333704,5.091854,4.9414635,5.6378436,4.9405756,5.100858,5.074121,5.020755,5.5971894,5.008199,4.5600505,5.0232024,5.129687,5.0342407
2013-09-16 00:00:00,5.5326357,5.107672,5.7199674,5.7364416,6.0303264,5.3839087,5.438444,5.8945265,5.4718843,5.689318,5.4114785,5.5881615,5.613308,5.5870066,5.6715584,5.927484,5.874266,5.131587,5.596032,5.572916,5.5788145,5.8356447,5.1337767,5.6292458,5.046855,5.513246,5.696968,4.898658,5.664672,6.0173326,5.1852098
2013-10-16 12:00:00,5.7421503,6.3476286,5.7068567,6.1248255,6.248895,5.497636,5.736369,5.638312,5.5240083,5.53782,6.0022383,6.440858,5.8333054,5.8247404,6.1076016,5.996573,6.065908,5.5214934,5.936954,5.4020815,5.740923,5.770998,5.3203497,5.6980696,5.359774,5.682387,5.5135674,6.135157,6.479524,5.9297643,5.9588714
2013-11-16 00:00:00,6.541626,5.9771967,6.033356,5.6679287,5.9375606,6.6270165,5.8530197,6.4100847,6.031358,5.6105423,5.6664343,6.117436,5.8712893,5.8048697,6.7552094,6.266995,6.889772,6.034846,6.2586737,6.00158,6.085538,6.006379,5.834794,6.4272156,5.714434,5.6324215,6.248391,5.445314,6.3209844,6.579999,6.156259
2013-12-16 12:00:00,6.0600634,6.0749183,6.708289,6.374603,6.227435,5.851536,6.1998415,5.7799196,6.2755156,6.539216,5.940929,6.931834,6.4559107,5.864264,6.396675,6.247842,6.2968073,6.415576,6.544404,6.0294585,5.90158,6.3886714,6.3538756,6.1485085,6.25513,6.1959333,5.9278426,6.939154,6.792169,7.182157,5.5856695
2014-01-16 12:00:00,6.8311133,6.550048,6.052607,6.132605,6.832434,6.898332,6.452091,5.616874,6.351349,7.0525866,5.958008,5.8343186,6.6266785,6.335641,6.3352084,6.577722,7.588626,7.1690674,6.4434443,6.526889,6.2420325,6.051959,5.855368,6.326243,7.3260956,6.2926993,6.142739,6.3119445,6.341922,6.189783,6.0222673
2014-02-15 00:00:00,6.2559214,5.5949593,6.0946054,6.4260445,6.5847626,6.497203,6.816237,6.7696333,7.754834,7.150998,5.8890204,6.4711504,6.5956955,6.0187144,6.981038,6.8885674,6.073545,6.125196,6.1337576,6.581922,5.9247828,7.1118517,6.4748483,6.3332815,6.659173,6.4457474,7.670916,5.6761065,6.546505,7.381565,5.887062
2014-03-16 12:00:00,6.823729,6.5302978,6.011472,5.5665197,6.030674,6.7212996,6.7515993,7.200959,6.563736,6.1275153,5.6320944,6.5242815,6.104699,5.7398386,6.0251603,5.7804804,5.606594,6.335653,6.512929,6.8755646,6.1880636,5.94756,5.8189645,5.9854403,5.914012,6.2625475,6.272834,6.49386,6.98813,6.1118965,6.4218383
2014-04-16 00:00:00,5.594017,5.629371,5.2248983,5.590759,5.4215674,6.657843,4.53889,5.2329955,6.3647475,5.910086,5.435866,5.8049273,5.0395136,5.494052,6.582905,6.2432528,5.8900213,5.3060102,5.0033197,5.99401,5.514669,5.220996,6.237912,5.436661,5.1213427,5.519924,6.1290016,6.0851426,6.485437,5.971596,6.130059
2014-05-16 12:00:00,5.3352222,5.158869,5.2818193,4.4664545,4.6402783,5.4507484,5.184394,4.667108,4.7019362,5.106988,4.9223814,4.616685,4.9842224,4.531638,4.62996,5.282238,4.570966,4.681698,4.547054,5.719175,5.024789,4.963986,4.9239244,5.035901,4.6572204,5.047797,4.868594,4.9437513,5.1174583,4.940959,5.2037187
2014-06-16 00:00:00,4.3805313,4.7541094,4.9315195,5.4787965,5.372897,4.555315,4.559911,4.335077,4.844517,4.4769897,4.74551,5.1211424,4.9996533,4.361836,4.6719556,4.3592987,4.4825478,4.021611,4.97217,5.2244616,4.4554586,4.917113,5.239663,4.512619,4.520762,4.773647,4.3570647,4.352188,4.474714,4.856982,4.3340125
2014-07-16 12:00:00,4.7726755,5.1386156,4.6719427,4.6625214,4.63704,5.6126013,4.2669234,4.330911,4.5920515,4.512811,4.1298957,4.7840934,5.534073,5.324347,4.982901,4.7719574,4.3182344,4.871437,4.8975425,4.4386673,5.234889,4.3727584,4.716743,4.7255344,4.543724,4.6892905,4.7694225,4.5385084,4.2048016,4.6475134,4.94721
2014-08-16 12:00:00,4.699812,5.050946,5.363351,5.267625,5.3165064,5.7109838,5.1051717,5.3146544,5.02722,4.764112,4.723292,4.938476,5.0837336,4.993614,4.8982015,4.6742935,4.5645285,4.584183,5.5866613,4.843419,5.2195053,4.7578683,5.548198,4.6845613,5.111064,4.9623923,5.342215,5.160369,4.86717,4.8968277,4.9220986
2014-09-16 00:00:00,5.561463,5.8584356,4.987279,6.028824,5.5710855,6.2648435,6.3682556,5.7290697,5.0238686,5.410978,6.0744405,5.5484986,5.769984,5.280024,5.5293074,5.5666914,5.219931,5.14698,5.416711,5.5931244,5.0595484,5.8402305,6.3040266,6.0518103,5.715259,5.2821226,5.4696875,5.565333,5.6752825,5.6351194,5.6381435
2014-10-16 12:00:00,5.7606072,5.6460676,5.5937104,5.7375994,5.8515673,5.8361464,5.509028,5.204012,6.046522,6.046813,5.854654,6.4822183,5.7157564,5.885068,5.740885,5.7110333,6.4224854,6.353589,5.834811,5.4970884,5.766487,5.9821978,6.298286,5.1184373,5.847758,5.9338465,6.293696,5.7069,5.917594,6.192221,6.0546365
2014-11-16 00:00:00,6.1617956,6.7304077,5.8991504,5.982314,5.0379667,5.57424,5.969613,6.6331186,5.2871537,6.2227936,6.2666445,5.59903,5.968318,6.3055854,5.6160965,5.847857,5.7114134,5.3869376,6.019864,5.44844,6.122537,6.131779,5.8739843,5.3647323,5.95858,6.2390327,5.977095,6.080058,5.870803,6.616376,6.459108
2014-12-16 12:00:00,5.791648,6.513724,7.157134,6.675641,6.9821877,6.6740084,6.357988,6.4643373,6.6688285,6.0383253,5.9836006,5.8887033,7.8347254,6.6503496,7.0356917,5.441879,6.199645,6.00588,5.7104173,6.031588,6.605504,5.881749,6.5557265,6.3206487,6.245283,7.218623,6.424769,6.314189,6.188212,6.8477755,6.1261683
