time,r5i1p1f1,r13i1p1f1,r19i1p1f1,r9i1p1f1,r3i1p1f1,r12i1p1f1,r1i1p1f1,r4i1p1f1,r11i1p1f1,r14i1p1f1,r29i1p1f1,r6i1p1f1,r26i1p1f1,r2i1p1f1,r7i1p1f1
1979-01-16 12:00:00,0.14725153,0.13804367,0.14120701,0.13952461,0.15342519,0.118503764,0.14143877,0.1424332,0.13698447,0.1382412,0.16282673,0.14961162,0.15371633,0.17205632,0.15462096
1979-02-15 00:00:00,0.14980179,0.13631357,0.13221237,0.12149425,0.14165239,0.13425404,0.14471295,0.13903992,0.13110434,0.1403619,0.14117798,0.12272791,0.12291029,0.14581086,0.12422794
1979-03-16 12:00:00,0.11116359,0.11488233,0.11694808,0.11666087,0.12040178,0.1199873,0.13028969,0.12776479,0.12178022,0.12035321,0.13756219,0.1085854,0.11245248,0.12828009,0.121994875
1979-04-16 00:00:00,0.1100521,0.11936382,0.10702936,0.10548244,0.11947663,0.10905801,0.10669346,0.11460908,0.11142766,0.10791055,0.12650773,0.113278225,0.10873261,0.12681842,0.10934451
1979-05-16 12:00:00,0.10641804,0.101632245,0.11151025,0.10523583,0.11091114,0.108632624,0.115911596,0.11111854,0.09939657,0.09294608,0.1115371,0.10240723,0.10295642,0.11258485,0.09971025
1979-06-16 00:00:00,0.11136074,0.10597319,0.11334498,0.10970456,0.10082862,0.106268264,0.12399176,0.1076633,0.112035975,0.10494258,0.10294822,0.100615874,0.107161194,0.108813524,0.104359746
1979-07-16 12:00:00,0.11657212,0.10434652,0.111382715,0.10737701,0.11092046,0.12810233,0.11651862,0.13563536,0.10351709,0.112280205,0.10637245,0.116755284,0.11178548,0.110877514,0.114480436
1979-08-16 12:00:00,0.11591561,0.12045505,0.12497846,0.11401012,0.12338545,0.1153021,0.123766005,0.12444704,0.13172424,0.13752632,0.12183513,0.1187157,0.12309147,0.110178754,0.13657779
1979-09-16 00:00:00,0.12265876,0.115853556,0.13012064,0.13317776,0.12821598,0.13394871,0.12482336,0.12406994,0.124983296,0.114621446,0.09513576,0.1194355,0.13519987,0.10965192,0.13346073
1979-10-16 12:00:00,0.16182546,0.12401074,0.14669177,0.15126307,0.11733805,0.13764392,0.12408453,0.12509274,0.13795355,0.11921386,0.13336791,0.1287787,0.13320725,0.13751142,0.13283028
1979-11-16 00:00:00,0.14287473,0.13104828,0.14750193,0.13559471,0.1344213,0.16703461,0.14381501,0.14216712,0.15227166,0.12758365,0.13085474,0.13955377,0.13719097,0.15014082,0.1293325
1979-12-16 12:00:00,0.14104775,0.14417356,0.16098124,0.15468514,0.1430723,0.14741386,0.14753638,0.14055067,0.14688063,0.148647,0.14277038,0.12771295,0.14208575,0.14503911,0.1425104
1980-01-16 12:00:00,0.14399067,0.12991343,0.13772316,0.15053208,0.14158048,0.14922021,0.14367343,0.13025093,0.15152918,0.14066158,0.13614552,0.13551262,0.14441678,0.14114107,0.1355602
1980-02-15 12:00:00,0.13834967,0.12642978,0.12488794,0.12734324,0.13427877,0.14263445,0.14064533,0.14550729,0.12256292,0.13520233,0.12677993,0.12168157,0.13100323,0.1346337,0.14620867
1980-03-16 12:00:00,0.1262315,0.10212082,0.11916301,0.13181959,0.12422729,0.12235858,0.10345926,0.11768391,0.13327806,0.121587,0.124814965,0.1324176,0.12965442,0.14814404,0.13519819
1980-04-16 00:00:00,0.11209869,0.099888444,0.109271035,0.11143437,0.10644484,0.11582009,0.11019104,0.11568526,0.11359899,0.10068393,0.12111696,0.10413413,0.122232385,0.11797489,0.11794548
1980-05-16 12:00:00,0.10514985,0.10053463,0.10467281,0.10958033,0.10155786,0.10211545,0.10599034,0.1172899,0.106323585,0.11284585,0.10714635,0.105056226,0.11385841,0.10704518,0.104657866
1980-06-16 00:00:00,0.10788632,0.10309944,0.10019815,0.11531129,0.102140956,0.107349806,0.108700834,0.1084057,0.09978328,0.1058161,0.11835019,0.105689526,0.1122134,0.101672366,0.118412614
1980-07-16 12:00:00,0.115405604,0.10312359,0.10933521,0.10984645,0.1267852,0.12013441,0.111935996,0.10552787,0.11296124,0.11428135,0.11300611,0.11445613,0.109651774,0.117558084,0.1093542
1980-08-16 12:00:00,0.12277431,0.11521238,0.125791,0.121867254,0.12275667,0.10885221,0.11678503,0.13437344,0.115621425,0.11552273,0.12226544,0.12374705,0.12011672,0.123095036,0.122115485
1980-09-16 00:00:00,0.13629805,0.116907075,0.11433119,0.11842238,0.13153909,0.1381953,0.13443202,0.14271803,0.12750703,0.13179937,0.12252071,0.14315861,0.1256047,0.12493135,0.13782686
1980-10-16 12:00:00,0.14121562,0.12003339,0.13522172,0.14552814,0.14538597,0.12626514,0.13356452,0.156404,0.1442495,0.12600602,0.12829489,0.12620145,0.14351587,0.13804837,0.1201873
1980-11-16 00:00:00,0.14459431,0.12824917,0.12271741,0.14937837,0.15411615,0.14428128,0.15209486,0.14144824,0.1280828,0.14506227,0.13371025,0.12713903,0.143054,0.15100704,0.15193218
1980-12-16 12:00:00,0.1461654,0.1273892,0.13827683,0.1470009,0.14828429,0.14747024,0.14196472,0.17805432,0.13612996,0.13502467,0.14880112,0.15040486,0.16649762,0.14799625,0.13860877
1981-01-16 12:00:00,0.15791129,0.1334518,0.15225771,0.1488415,0.14108248,0.1571658,0.13519159,0.15956943,0.14924216,0.13261195,0.14073983,0.13064483,0.1492403,0.14413148,0.16166864
1981-02-15 00:00:00,0.14033577,0.13209222,0.13537608,0.13264804,0.13317287,0.14009552,0.13387293,0.14781274,0.1379242,0.13804303,0.13643382,0.11987571,0.13663922,0.13245778,0.1489271
1981-03-16 12:00:00,0.11063397,0.12538372,0.11971516,0.12834822,0.14560384,0.119666584,0.122649916,0.12274232,0.119500935,0.123079784,0.12495741,0.105558425,0.11443405,0.13695744,0.11617592
1981-04-16 00:00:00,0.1253042,0.10790976,0.115318574,0.1259629,0.121540695,0.106514715,0.10477885,0.10217586,0.111809544,0.12772135,0.10534909,0.10059123,0.122492775,0.112800024,0.108091235
1981-05-16 12:00:00,0.12053188,0.09881453,0.104751326,0.123983026,0.102083385,0.0992452,0.095569946,0.0936766,0.107151516,0.1174218,0.107392654,0.10567981,0.09853771,0.10250335,0.10905677
1981-06-16 00:00:00,0.10864251,0.106554426,0.1087496,0.1191191,0.11239553,0.11612783,0.11796888,0.112254575,0.10661638,0.10435924,0.10075656,0.106776975,0.117926486,0.12254841,0.10049288
1981-07-16 12:00:00,0.1306832,0.107662566,0.124287605,0.12816066,0.099505894,0.11776192,0.10557505,0.120089546,0.10256673,0.09404966,0.11204537,0.10107938,0.13069218,0.11459053,0.10246828
1981-08-16 12:00:00,0.12305447,0.1175804,0.118741386,0.14136815,0.10455593,0.12206164,0.129172,0.111777194,0.116616525,0.12850016,0.13568324,0.117995694,0.12967259,0.13326854,0.12572934
1981-09-16 00:00:00,0.14223519,0.13575183,0.119735695,0.13111351,0.13190694,0.13643533,0.13217679,0.119562164,0.12726453,0.13776928,0.11433461,0.13075791,0.12715782,0.13521557,0.12206356
1981-10-16 12:00:00,0.13538808,0.13260879,0.1255779,0.12212931,0.12859036,0.14143945,0.13652015,0.12227911,0.13687763,0.1257866,0.12369136,0.14313139,0.15309353,0.12935768,0.13194051
1981-11-16 00:00:00,0.16431274,0.13797419,0.14273478,0.13985854,0.15361723,0.14996086,0.13206084,0.13743997,0.13832201,0.13858035,0.12714027,0.16025485,0.1526645,0.14189117,0.14524576
1981-12-16 12:00:00,0.16576314,0.1330798,0.14631785,0.16389823,0.14588565,0.1514357,0.13742225,0.13965867,0.15314215,0.14987206,0.1418496,0.14850526,0.13850553,0.14509472,0.16561691
1982-01-16 12:00:00,0.14561687,0.14689879,0.15276912,0.1456683,0.13809593,0.14192878,0.14232773,0.1488607,0.14368702,0.13877156,0.14214402,0.1292319,0.15170316,0.13529737,0.13888039
1982-02-15 00:00:00,0.1490151,0.13730879,0.1338465,0.12910222,0.13929659,0.15164897,0.13288832,0.14073108,0.14102232,0.12898408,0.14742881,0.13866998,0.1363992,0.1471354,0.16343579
1982-03-16 12:00:00,0.12806374,0.114755504,0.13759992,0.121915534,0.13507758,0.10664639,0.12147042,0.13001162,0.13327812,0.12834495,0.12987514,0.13506375,0.12440483,0.12853162,0.13505442
1982-04-16 00:00:00,0.10724607,0.118916504,0.11617287,0.122799486,0.12300006,0.11719683,0.10758306,0.111591846,0.12113636,0.11927804,0.10243534,0.118783,0.12854633,0.10757472,0.122611605
1982-05-16 12:00:00,0.11003622,0.09903871,0.11584962,0.108038895,0.11187076,0.119645946,0.11264367,0.09508901,0.10456745,0.106776826,0.10240177,0.116406925,0.12311503,0.11373105,0.11653043
1982-06-16 00:00:00,0.12018136,0.1104186,0.12602131,0.11615893,0.09550668,0.11916369,0.10770915,0.10190722,0.0915724,0.114852615,0.1035539,0.11071154,0.12000892,0.11080462,0.11806983
1982-07-16 12:00:00,0.118535034,0.101746425,0.11621748,0.11268755,0.10009845,0.115429066,0.11871263,0.11003672,0.1130354,0.11044894,0.11242629,0.108631186,0.11334797,0.108536646,0.124534115
1982-08-16 12:00:00,0.12243631,0.13057081,0.10725968,0.12140714,0.12254221,0.11819573,0.119769916,0.118101336,0.10538877,0.11724814,0.116511956,0.116687365,0.12025891,0.14515996,0.1207404
1982-09-16 00:00:00,0.12604101,0.12460348,0.13920756,0.1327194,0.11986503,0.13285807,0.11748468,0.12026306,0.110156104,0.1374216,0.12345058,0.13978371,0.12825303,0.12798531,0.1072952
1982-10-16 12:00:00,0.12984222,0.12138287,0.13089882,0.1454978,0.12863187,0.13241398,0.12130214,0.14159155,0.11728709,0.13737805,0.12844995,0.11300175,0.15821946,0.1357708,0.13205123
1982-11-16 00:00:00,0.1400525,0.14979057,0.14360157,0.15422359,0.1491363,0.15566295,0.12751901,0.13399687,0.13019681,0.1585538,0.14816642,0.12660332,0.14809257,0.14292946,0.1478589
1982-12-16 12:00:00,0.14406197,0.15971729,0.16589972,0.15729615,0.1558091,0.16124806,0.13993478,0.14486974,0.14118032,0.15762839,0.14027958,0.14245254,0.16376156,0.14375432,0.1464123
1983-01-16 12:00:00,0.14080694,0.14006472,0.1454009,0.15516505,0.14376746,0.15100752,0.14321652,0.13473623,0.14768726,0.15705201,0.15086724,0.16128723,0.16761738,0.15619667,0.15685499
1983-02-15 00:00:00,0.13788582,0.1482724,0.14814052,0.14352669,0.14662288,0.12853855,0.123406075,0.12582794,0.13368219,0.1497874,0.13064377,0.13667853,0.15454358,0.12980734,0.13798869
1983-03-16 12:00:00,0.13182588,0.12188696,0.11673062,0.13470416,0.12028949,0.11499201,0.113463715,0.12280758,0.14469095,0.118226014,0.12282356,0.10958355,0.13218337,0.11515185,0.1209602
1983-04-16 00:00:00,0.11633294,0.1129545,0.10407716,0.1074875,0.10768599,0.10833177,0.107478574,0.1041986,0.13585694,0.12189644,0.09063142,0.11329824,0.122888066,0.11398688,0.111914575
1983-05-16 12:00:00,0.12295771,0.09795271,0.1121227,0.11222336,0.11501268,0.1163855,0.10751571,0.10277205,0.1296086,0.10918974,0.118606634,0.12193229,0.115166165,0.112724885,0.11065951
1983-06-16 00:00:00,0.10549096,0.11148874,0.10730038,0.11698931,0.10893506,0.11613257,0.11644964,0.10713122,0.103269726,0.109229825,0.1129278,0.11025097,0.117277116,0.117850244,0.09956693
1983-07-16 12:00:00,0.114838116,0.111439094,0.11260564,0.11998781,0.10900713,0.11531798,0.11799793,0.108341224,0.10495028,0.1137086,0.11569092,0.10458898,0.118279636,0.11430512,0.120959155
1983-08-16 12:00:00,0.12456066,0.12945472,0.12015427,0.13799718,0.10882898,0.11975709,0.13194937,0.12825897,0.122622505,0.14626755,0.116254546,0.10517966,0.123664156,0.11741087,0.11654996
1983-09-16 00:00:00,0.12536918,0.114317134,0.12430623,0.13404135,0.1144649,0.13154835,0.12839864,0.12593913,0.12851712,0.12825035,0.13000497,0.122900546,0.13659917,0.13617045,0.13286173
1983-10-16 12:00:00,0.1490465,0.1256432,0.14762196,0.124933966,0.12878168,0.13096233,0.1477317,0.13229512,0.12880205,0.12510924,0.13343124,0.12328543,0.13299678,0.13698852,0.14460993
1983-11-16 00:00:00,0.14550139,0.12668978,0.12745391,0.15800187,0.16114287,0.12323183,0.14352676,0.12758155,0.14694177,0.14400916,0.13065244,0.14898372,0.14884655,0.14366211,0.1414974
1983-12-16 12:00:00,0.13859919,0.13786559,0.1371213,0.1516501,0.14696935,0.17049567,0.15140897,0.12846601,0.14904325,0.13708763,0.15131064,0.13111411,0.1523314,0.1628616,0.14301915
1984-01-16 12:00:00,0.14582682,0.13587198,0.13489035,0.13190635,0.14732684,0.1410168,0.1460911,0.14690429,0.14473316,0.14116491,0.15254812,0.13723314,0.14033507,0.1563104,0.12748556
1984-02-15 12:00:00,0.13774869,0.13298902,0.13971235,0.1299964,0.14355804,0.1222592,0.1337928,0.11774107,0.14580634,0.14303194,0.14392576,0.1412666,0.13928103,0.15437527,0.1331641
1984-03-16 12:00:00,0.13725269,0.11841961,0.124392875,0.117604926,0.13737355,0.11556343,0.10791533,0.12006038,0.13156772,0.124309994,0.12163393,0.12307556,0.12661606,0.12598445,0.1253422
1984-04-16 00:00:00,0.107114665,0.099682264,0.10897411,0.10438509,0.12581919,0.11047738,0.10755078,0.11173495,0.09815152,0.11317417,0.1216606,0.10632486,0.13018979,0.12506944,0.10532746
1984-05-16 12:00:00,0.10482338,0.10873373,0.108435564,0.11072225,0.109677,0.11170046,0.10858384,0.10635478,0.10801152,0.09789123,0.12084321,0.11533671,0.10073787,0.118493505,0.095850796
1984-06-16 00:00:00,0.11880843,0.116497755,0.106026396,0.11185565,0.1191658,0.11001943,0.10022,0.10955833,0.11459737,0.09897381,0.10228888,0.107568696,0.12739159,0.10903311,0.11099573
1984-07-16 12:00:00,0.11619629,0.102566555,0.11749268,0.115506895,0.114210606,0.11091742,0.10380116,0.113427386,0.11124233,0.10983127,0.12173334,0.10586684,0.1207711,0.11653268,0.11517922
1984-08-16 12:00:00,0.118779965,0.1261561,0.11922272,0.12529556,0.112244874,0.115721315,0.1175399,0.12181659,0.11374477,0.12889756,0.116866834,0.12580775,0.12541996,0.12110457,0.11459473
1984-09-16 00:00:00,0.12789862,0.13069423,0.11323816,0.13306239,0.13137922,0.12386107,0.13371226,0.105131924,0.11911268,0.13290851,0.13500158,0.13388081,0.13276978,0.12015801,0.12147349
1984-10-16 12:00:00,0.14822513,0.12422653,0.13242117,0.13671322,0.13397352,0.14933409,0.14522654,0.13271938,0.13507394,0.12953572,0.1231924,0.13693605,0.14251006,0.142178,0.120657444
1984-11-16 00:00:00,0.15390001,0.13056177,0.18283243,0.14528391,0.14119911,0.14458674,0.14109997,0.15376528,0.15742157,0.13703015,0.14786498,0.15040617,0.14971079,0.14311306,0.14133045
1984-12-16 12:00:00,0.15314361,0.14948568,0.14827485,0.14924516,0.16677581,0.16357069,0.15692307,0.1506709,0.15813261,0.15258537,0.14306371,0.14717485,0.15815027,0.15944716,0.15507433
1985-01-16 12:00:00,0.1504283,0.1473512,0.1449219,0.14148493,0.15314724,0.1355538,0.13291848,0.15132293,0.15145122,0.15391268,0.15854383,0.1428083,0.15587991,0.14974736,0.15793628
1985-02-15 00:00:00,0.12781917,0.14648686,0.13725433,0.133955,0.14608543,0.14316183,0.14698696,0.13967268,0.13884924,0.12869775,0.13027911,0.1405997,0.13747977,0.12777437,0.13112947
1985-03-16 12:00:00,0.122632764,0.12518154,0.1100831,0.1271425,0.13811894,0.12101414,0.11903104,0.12282046,0.12882553,0.11185605,0.12443915,0.115065135,0.14651611,0.117676765,0.12930459
1985-04-16 00:00:00,0.118019566,0.1166658,0.11399165,0.11021686,0.11548611,0.11470218,0.11360211,0.11590263,0.1037431,0.122200705,0.11438505,0.11658886,0.1365799,0.10985542,0.12087868
1985-05-16 12:00:00,0.10450056,0.11243544,0.09768049,0.116913214,0.104524426,0.10304723,0.115796514,0.106498174,0.111894645,0.10833388,0.096276924,0.1065376,0.13257417,0.103109345,0.11265614
1985-06-16 00:00:00,0.11569713,0.11472464,0.11629363,0.11451901,0.10862217,0.10918745,0.0996985,0.11134057,0.101015754,0.10677123,0.106330924,0.10965949,0.118618704,0.11767403,0.1045458
1985-07-16 12:00:00,0.10727787,0.106349275,0.11364679,0.108377844,0.1100473,0.12752661,0.10797603,0.10239024,0.11297316,0.103503704,0.113563545,0.10400258,0.106943205,0.11073047,0.12641956
1985-08-16 12:00:00,0.11984969,0.11086148,0.11831974,0.121993296,0.114258744,0.13363029,0.1342818,0.11090878,0.12694637,0.12928773,0.12639102,0.12428268,0.10721356,0.12937686,0.12446118
1985-09-16 00:00:00,0.1323781,0.1381666,0.120710135,0.13888304,0.11427614,0.11010743,0.1248929,0.12101213,0.13601996,0.13358876,0.13265492,0.11592565,0.1244865,0.12352861,0.117483094
1985-10-16 12:00:00,0.12077186,0.118203744,0.121309325,0.152519,0.13935024,0.1300793,0.13645083,0.12803556,0.14915395,0.13818233,0.11377669,0.12946513,0.13720989,0.13654217,0.13369122
1985-11-16 00:00:00,0.14888929,0.13933924,0.15909865,0.14376096,0.14213511,0.14779106,0.14388984,0.12756371,0.12630466,0.14527397,0.13338146,0.14392884,0.15143548,0.14407274,0.13854791
1985-12-16 12:00:00,0.16098344,0.14230022,0.15854527,0.15544654,0.16042836,0.14225169,0.14466283,0.15394405,0.14478962,0.13937072,0.15898773,0.13599159,0.14584908,0.15795228,0.14164212
1986-01-16 12:00:00,0.15829937,0.15712927,0.15634163,0.1584906,0.15375933,0.13201065,0.13791373,0.15405509,0.13274375,0.14671977,0.15033923,0.13361184,0.1624332,0.14391091,0.13948172
1986-02-15 00:00:00,0.13269627,0.15061465,0.12861677,0.14364265,0.124787,0.13552634,0.14422986,0.15145536,0.13906282,0.12915038,0.1332639,0.124462724,0.15787244,0.13095206,0.13230225
1986-03-16 12:00:00,0.117568545,0.13850228,0.10568248,0.13038582,0.12726246,0.14376485,0.14285488,0.13480535,0.11698294,0.12023225,0.11764493,0.12259903,0.12920119,0.11545216,0.12613907
1986-04-16 00:00:00,0.113877445,0.11901958,0.11732198,0.13312608,0.1019736,0.11923499,0.11883833,0.13510744,0.098487295,0.10201716,0.115984306,0.11795829,0.12820609,0.12729602,0.12003187
1986-05-16 12:00:00,0.10698073,0.11119105,0.11239554,0.11741844,0.10416152,0.116391346,0.1148521,0.11424269,0.11214324,0.11557366,0.103262275,0.11012935,0.12252902,0.10745056,0.10331318
1986-06-16 00:00:00,0.105922066,0.110899955,0.1149043,0.10994501,0.1119073,0.10900602,0.10977696,0.10796317,0.1018665,0.11410507,0.12606344,0.10394679,0.10904293,0.09511795,0.11792447
1986-07-16 12:00:00,0.11894129,0.111164875,0.115338825,0.119560756,0.12035415,0.11568776,0.1150015,0.11735252,0.11867785,0.11921807,0.11988852,0.100956805,0.108691186,0.11372111,0.12224497
1986-08-16 12:00:00,0.11618746,0.13353458,0.13782464,0.14338864,0.120228626,0.13500531,0.102178186,0.12541084,0.11905007,0.10668185,0.12278736,0.12633087,0.13113976,0.12562658,0.10711762
1986-09-16 00:00:00,0.13661283,0.11824951,0.13134806,0.122719094,0.13277133,0.114539795,0.1192542,0.12607856,0.10682177,0.13904645,0.14569949,0.12681954,0.13293314,0.12406713,0.11584297
1986-10-16 12:00:00,0.12416546,0.13949843,0.13321689,0.15200052,0.15617613,0.12266395,0.14085473,0.13658962,0.1342671,0.14003302,0.14696565,0.13187058,0.15398379,0.14312129,0.13417864
1986-11-16 00:00:00,0.14539,0.16086951,0.14536324,0.15138888,0.1444048,0.1619673,0.1401334,0.1635078,0.13585733,0.15053222,0.1394594,0.14577976,0.16512707,0.14721316,0.13821115
1986-12-16 12:00:00,0.16321139,0.14313793,0.14855404,0.16181302,0.13787575,0.14946045,0.14998516,0.16337751,0.15037693,0.14640921,0.17554277,0.16672954,0.16178206,0.14111143,0.13689229
1987-01-16 12:00:00,0.13977179,0.14946575,0.15533586,0.15567052,0.14999096,0.12924233,0.14244111,0.14812286,0.13054426,0.14523667,0.14367494,0.1616435,0.16236067,0.14203016,0.14200588
1987-02-15 00:00:00,0.13825384,0.13753372,0.14337869,0.14987896,0.1203107,0.14075357,0.13275442,0.14125887,0.13146682,0.13787654,0.14077559,0.14911644,0.14548664,0.13859282,0.1283824
1987-03-16 12:00:00,0.13095145,0.115581624,0.11859764,0.13140634,0.11209189,0.12005578,0.120062105,0.11964255,0.11766259,0.12996013,0.123226374,0.104460664,0.12971264,0.11223061,0.12124272
1987-04-16 00:00:00,0.11655904,0.11589364,0.117175445,0.116951816,0.096449666,0.104480416,0.1258029,0.09718691,0.10304826,0.11739109,0.1114271,0.11501921,0.12227612,0.11189587,0.11227952
1987-05-16 12:00:00,0.11172747,0.1151792,0.10672777,0.113482095,0.09873443,0.10415313,0.10813145,0.10052523,0.09729167,0.10937407,0.11047117,0.111568876,0.11915723,0.11327617,0.105656035
1987-06-16 00:00:00,0.10833037,0.11049542,0.11507251,0.117506236,0.10255774,0.117597945,0.11133869,0.11616148,0.09958367,0.11435648,0.101776585,0.11148928,0.1141733,0.113195,0.12117052
1987-07-16 12:00:00,0.1265515,0.106432214,0.11364441,0.1041387,0.12033151,0.124903545,0.12172115,0.105231866,0.11801955,0.11941514,0.11850762,0.10969156,0.11461569,0.106663086,0.12968852
1987-08-16 12:00:00,0.13045901,0.12022968,0.12194555,0.12919909,0.115896195,0.13337597,0.10661991,0.11842309,0.11665064,0.11553118,0.12576969,0.12115258,0.12728734,0.12158067,0.13415231
1987-09-16 00:00:00,0.10729398,0.124874674,0.13733907,0.1329346,0.1296607,0.13603495,0.12082162,0.1242349,0.12771444,0.11321224,0.13252263,0.13102129,0.1453404,0.12283663,0.12360798
1987-10-16 12:00:00,0.13402002,0.13560809,0.13709806,0.14518586,0.1262105,0.15808456,0.12642464,0.1376625,0.12685317,0.12603989,0.13855012,0.1432891,0.131604,0.12611969,0.15205243
1987-11-16 00:00:00,0.16315337,0.14759226,0.15502264,0.14016312,0.15554726,0.14850184,0.14750211,0.15276802,0.13266537,0.121930555,0.14874873,0.12730761,0.14986348,0.1557355,0.13960828
1987-12-16 12:00:00,0.14790326,0.14349909,0.1423916,0.15832074,0.14173505,0.15389533,0.14789012,0.14917168,0.14905018,0.14286444,0.14297746,0.14270933,0.15280823,0.15681641,0.14044197
1988-01-16 12:00:00,0.1389158,0.15180224,0.14748907,0.14991195,0.1425419,0.13769719,0.14844039,0.15264247,0.13772514,0.13174655,0.15322235,0.14291131,0.14466617,0.14523046,0.1546541
1988-02-15 12:00:00,0.13581051,0.14149915,0.13553494,0.13498163,0.14097202,0.15877976,0.12542121,0.13931166,0.13310824,0.13978627,0.13750026,0.13185106,0.15592977,0.13876407,0.1417168
1988-03-16 12:00:00,0.12463278,0.123978555,0.13000207,0.123224586,0.117407374,0.10156957,0.11428388,0.13258596,0.123167224,0.1173658,0.12646627,0.12463711,0.13013725,0.12524831,0.12454064
1988-04-16 00:00:00,0.12173673,0.12717879,0.1173558,0.10073066,0.10797019,0.10485565,0.114656076,0.11370105,0.10358639,0.11549844,0.108302444,0.10711903,0.10942686,0.113122486,0.11583669
1988-05-16 12:00:00,0.12049823,0.10226343,0.116234824,0.1202221,0.10094697,0.10657114,0.102727436,0.1130733,0.106472746,0.101198114,0.099372804,0.101976,0.115580514,0.114867456,0.11037495
1988-06-16 00:00:00,0.12103374,0.113409646,0.110067785,0.1068081,0.11555626,0.107636236,0.11388773,0.11123399,0.09502394,0.10293991,0.11764209,0.11064035,0.11238539,0.12454846,0.1033384
1988-07-16 12:00:00,0.113207445,0.11940285,0.115106374,0.122146785,0.11484006,0.10937387,0.118487746,0.11191276,0.11477148,0.1053309,0.11021341,0.11504295,0.12610407,0.1210601,0.11748338
1988-08-16 12:00:00,0.12442612,0.120110154,0.12190412,0.11959194,0.116172224,0.12055603,0.12165035,0.13132879,0.11928874,0.11350708,0.14660127,0.116279066,0.12340996,0.123569466,0.12753974
1988-09-16 00:00:00,0.1308829,0.10697388,0.13707346,0.14013402,0.13107136,0.1244012,0.12335216,0.13132335,0.13086675,0.11610494,0.13846818,0.12939787,0.14300452,0.1357373,0.14213172
1988-10-16 12:00:00,0.1322287,0.12948547,0.1221969,0.13183871,0.12688583,0.12939131,0.13662833,0.13148117,0.1403547,0.14932516,0.13941076,0.13265535,0.14052281,0.13607162,0.14092502
1988-11-16 00:00:00,0.15544431,0.14238209,0.15156583,0.14068708,0.14594902,0.14595228,0.15342407,0.16475654,0.13169038,0.1452292,0.13442096,0.1534773,0.14729203,0.15862897,0.13338615
1988-12-16 12:00:00,0.14428645,0.1373963,0.13841324,0.15571496,0.14625569,0.1443694,0.16528907,0.15079169,0.15500037,0.14803423,0.1653202,0.13913137,0.14798033,0.15637827,0.15118548
1989-01-16 12:00:00,0.13923863,0.14326106,0.1584958,0.14607374,0.1486434,0.15174949,0.13226214,0.1389968,0.15492746,0.16780734,0.1465593,0.13940787,0.15407518,0.1473719,0.1421183
1989-02-15 00:00:00,0.16820188,0.12774041,0.12489866,0.14408346,0.14315125,0.14053674,0.14652419,0.14806134,0.13346687,0.128599,0.1307229,0.13562554,0.1257862,0.14669198,0.13967335
1989-03-16 12:00:00,0.13364054,0.115489885,0.1029616,0.1333835,0.12235757,0.12571774,0.11657778,0.13791037,0.124467164,0.12604102,0.12196344,0.12010507,0.12988818,0.11676543,0.14408615
1989-04-16 00:00:00,0.12455693,0.10871653,0.08807734,0.10854615,0.11031549,0.12149927,0.11578118,0.12737526,0.10681956,0.11101148,0.114242986,0.12120868,0.11954007,0.10922233,0.11834402
1989-05-16 12:00:00,0.12343593,0.11249055,0.10436896,0.10981313,0.10591185,0.10699631,0.112764105,0.118425846,0.09612512,0.10026112,0.10693462,0.11989883,0.110541515,0.10869115,0.11255948
1989-06-16 00:00:00,0.11038787,0.10847236,0.1183404,0.117634214,0.109973796,0.10145737,0.11692871,0.11213407,0.11376857,0.10100399,0.11399998,0.101610065,0.12441499,0.11398493,0.10335549
1989-07-16 12:00:00,0.11043676,0.12271557,0.112973176,0.10678247,0.11488575,0.1128744,0.11611936,0.10425504,0.12602222,0.10298971,0.113555804,0.10436585,0.108484015,0.1256594,0.11090161
1989-08-16 12:00:00,0.12429867,0.12957364,0.12817927,0.11577361,0.11878863,0.13333216,0.12994944,0.120759174,0.14704388,0.11007449,0.12060537,0.11426061,0.12367171,0.12214045,0.12425155
1989-09-16 00:00:00,0.12247658,0.15115649,0.13922416,0.12913823,0.13267952,0.15085354,0.13834706,0.10633338,0.14005734,0.11739805,0.13519752,0.12724644,0.1368061,0.1377696,0.12209001
1989-10-16 12:00:00,0.13796587,0.1499988,0.13123544,0.14311527,0.13232373,0.13919875,0.13342912,0.13072948,0.1316536,0.13057745,0.12119119,0.12794746,0.1431414,0.13431673,0.13784972
1989-11-16 00:00:00,0.15318966,0.14363854,0.11864392,0.14499353,0.13109,0.14033094,0.14036192,0.14592987,0.14408018,0.1344821,0.15562342,0.14869952,0.14124893,0.14170776,0.16058984
1989-12-16 12:00:00,0.15936947,0.1394452,0.14047088,0.15714596,0.16286008,0.16063878,0.16041075,0.1729802,0.13141567,0.14147738,0.15619075,0.13829485,0.13928984,0.16535762,0.15300591
1990-01-16 12:00:00,0.1531535,0.14400084,0.13930129,0.16039144,0.14154774,0.14629035,0.1436397,0.15688571,0.14164227,0.14028771,0.17211252,0.15505983,0.16591948,0.14402255,0.14258553
1990-02-15 00:00:00,0.13631648,0.14503866,0.13469341,0.120029725,0.12342334,0.14069399,0.14595453,0.14684042,0.141338,0.13623707,0.13420992,0.12778208,0.14477266,0.14975913,0.14116539
1990-03-16 12:00:00,0.12353098,0.11993682,0.124848135,0.114097364,0.13143629,0.122723795,0.11438059,0.12280316,0.1200658,0.12457301,0.1347311,0.12389179,0.12949055,0.12596722,0.12019931
1990-04-16 00:00:00,0.10054799,0.103625625,0.122510895,0.12013718,0.11495572,0.10239249,0.10244986,0.111643255,0.109881476,0.102180496,0.101137355,0.10752516,0.12134839,0.113986805,0.11471144
1990-05-16 12:00:00,0.10549262,0.11915025,0.10205726,0.11197185,0.102510326,0.108760655,0.12014834,0.10863712,0.11152554,0.09628933,0.10968943,0.104413554,0.10486324,0.10969043,0.10511376
1990-06-16 00:00:00,0.111531824,0.107705794,0.109149,0.11730789,0.10215442,0.1158776,0.112800874,0.117877826,0.11063663,0.100384995,0.10144371,0.105958454,0.11330814,0.11544479,0.108620755
1990-07-16 12:00:00,0.1175507,0.11853631,0.12310219,0.111745395,0.11421767,0.109864056,0.12071929,0.114703596,0.11752491,0.10507147,0.11585681,0.11169812,0.12068092,0.10869085,0.115574084
1990-08-16 12:00:00,0.12965581,0.11633198,0.12285875,0.13091576,0.116319515,0.12696971,0.12227144,0.14138952,0.11767926,0.113890745,0.13453987,0.12058837,0.120146215,0.11775172,0.11183348
1990-09-16 00:00:00,0.12361106,0.15266593,0.13951999,0.12075073,0.12373096,0.13761249,0.1264861,0.1177061,0.13202867,0.1089542,0.115684055,0.13428293,0.1175421,0.13967478,0.1398093
1990-10-16 12:00:00,0.15153475,0.13424459,0.13349149,0.14235617,0.11884867,0.1337587,0.1244621,0.13246395,0.15279378,0.11991817,0.13659172,0.11697661,0.14022693,0.14255664,0.14131516
1990-11-16 00:00:00,0.15909794,0.14947003,0.13058215,0.14574952,0.15211844,0.14970566,0.15530136,0.14937949,0.14271717,0.1337152,0.141925,0.14175856,0.1389963,0.13384083,0.15328032
1990-12-16 12:00:00,0.16885002,0.15267144,0.1343029,0.16471985,0.14168678,0.14521854,0.15060505,0.14160156,0.15495652,0.14606822,0.1516197,0.15319926,0.16216749,0.14863245,0.14623852
1991-01-16 12:00:00,0.15188685,0.14048636,0.14984865,0.15020435,0.15011272,0.14872092,0.1434753,0.14133061,0.14255968,0.12893909,0.14376792,0.13766663,0.15337381,0.14702436,0.15758696
1991-02-15 00:00:00,0.14301851,0.12755491,0.12919807,0.13916181,0.13905773,0.14634162,0.14437747,0.14449748,0.14171085,0.13149005,0.15360774,0.14634942,0.15278618,0.13532875,0.13814911
1991-03-16 12:00:00,0.12983271,0.1253797,0.116240434,0.11498558,0.11073476,0.12600578,0.119311884,0.12547843,0.10923083,0.124364614,0.12548201,0.1431702,0.122877985,0.1293986,0.11818563
1991-04-16 00:00:00,0.11896022,0.10939627,0.116266206,0.12336934,0.121131696,0.111208536,0.111294754,0.11202622,0.10399944,0.13151439,0.109631814,0.09505282,0.11206622,0.10856739,0.10832459
1991-05-16 12:00:00,0.11147801,0.1108693,0.11425227,0.12303534,0.107759744,0.121149786,0.1079712,0.09858283,0.114918634,0.11296313,0.09682533,0.103464656,0.11266025,0.10276171,0.11828448
1991-06-16 00:00:00,0.11201076,0.107654884,0.11208754,0.106259055,0.10662948,0.12062512,0.11458233,0.10971546,0.11600902,0.09948475,0.108250774,0.1072449,0.112648584,0.10299773,0.108032
1991-07-16 12:00:00,0.1215793,0.124971926,0.11711514,0.121330954,0.114332005,0.113676034,0.11850538,0.11849163,0.10044944,0.10633027,0.13389537,0.13086511,0.1099024,0.10700548,0.11302414
1991-08-16 12:00:00,0.14972305,0.1345131,0.1282285,0.10908169,0.11482316,0.106757,0.12939441,0.11694848,0.12014974,0.10593307,0.12855381,0.1376714,0.13893197,0.12672368,0.13025384
1991-09-16 00:00:00,0.1371548,0.14204518,0.13226551,0.115415856,0.13459282,0.12315144,0.12388457,0.13341403,0.12928347,0.10568227,0.12705831,0.14853013,0.1367669,0.13726296,0.13623784
1991-10-16 12:00:00,0.14994347,0.15323484,0.15662788,0.1291538,0.13076463,0.13495672,0.13798432,0.13567671,0.1275456,0.13569292,0.14838909,0.1302931,0.14024135,0.15125497,0.13928454
1991-11-16 00:00:00,0.13345066,0.15642646,0.1545684,0.15114054,0.14972024,0.13248068,0.14910151,0.14190398,0.13790509,0.14450029,0.12853019,0.13904285,0.16093816,0.16275194,0.15180853
1991-12-16 12:00:00,0.16712743,0.16410285,0.15323587,0.15188675,0.15806279,0.14455707,0.15131421,0.14263555,0.1492747,0.13377772,0.14855541,0.16888197,0.16586418,0.14319248,0.1559714
1992-01-16 12:00:00,0.13511221,0.18174708,0.15275398,0.15181734,0.17457543,0.14528717,0.14709961,0.12865798,0.15040195,0.13000168,0.16693088,0.15219279,0.1524039,0.15812442,0.14569223
1992-02-15 12:00:00,0.14684092,0.16645634,0.12730214,0.13492796,0.13465092,0.13645217,0.14154613,0.13056813,0.14674681,0.14922187,0.14727661,0.14833328,0.14825526,0.13156338,0.14771304
1992-03-16 12:00:00,0.135412,0.14462069,0.13006228,0.12668063,0.13134784,0.10681342,0.1117034,0.13734993,0.12891106,0.13200885,0.1348892,0.13521767,0.118988276,0.12634115,0.12633952
1992-04-16 00:00:00,0.122365385,0.12835698,0.11352681,0.11922671,0.11706459,0.12228413,0.12154059,0.12658091,0.11061962,0.11864681,0.12837034,0.12516335,0.13550581,0.10782002,0.13123043
1992-05-16 12:00:00,0.10011177,0.11893293,0.11340195,0.10002106,0.11119907,0.103108466,0.12170418,0.09837802,0.11929866,0.10802017,0.12394284,0.118202694,0.10283672,0.107761554,0.11086865
1992-06-16 00:00:00,0.113116145,0.10749397,0.10899437,0.11192637,0.11780607,0.112689525,0.11527125,0.11026787,0.10131132,0.108894914,0.10888227,0.1054649,0.109796844,0.12325699,0.113028705
1992-07-16 12:00:00,0.1217248,0.12172969,0.1150579,0.11534434,0.10611034,0.117116526,0.10801514,0.105976954,0.10789292,0.10432563,0.1234432,0.111046225,0.11330762,0.12023689,0.11196207
1992-08-16 12:00:00,0.12847817,0.11335636,0.14232183,0.14752328,0.12796375,0.1403216,0.11731593,0.13262245,0.12733832,0.1069974,0.11766536,0.11142892,0.10902897,0.13434741,0.118309245
1992-09-16 00:00:00,0.12313736,0.11646722,0.12629767,0.15100558,0.11398733,0.11822909,0.12383272,0.12082808,0.1108281,0.11949919,0.124529,0.12536192,0.1328172,0.14652847,0.11674299
1992-10-16 12:00:00,0.13892396,0.13174428,0.13521852,0.1423072,0.13150416,0.13601384,0.13005109,0.14625773,0.14146937,0.11570462,0.12946992,0.1283111,0.14213657,0.15012336,0.142938
1992-11-16 00:00:00,0.14200231,0.15329613,0.13192472,0.14498578,0.14873049,0.13077772,0.1352279,0.13157707,0.1329113,0.15395656,0.14388332,0.14594103,0.16128647,0.15161744,0.14709257
1992-12-16 12:00:00,0.1518308,0.15021989,0.14935555,0.16153803,0.15177691,0.1433076,0.1488441,0.16228652,0.14182782,0.15193321,0.15509878,0.14851068,0.1558514,0.15963912,0.16359332
1993-01-16 12:00:00,0.13117312,0.13666227,0.14739875,0.14531234,0.16267698,0.14375226,0.14569737,0.14494133,0.14801013,0.14886087,0.16502203,0.14335127,0.14054161,0.14090857,0.13890815
1993-02-15 00:00:00,0.14630385,0.146759,0.13487916,0.14057873,0.12625147,0.13683346,0.14191565,0.15044253,0.12094946,0.13242853,0.14807214,0.12641783,0.14480574,0.13487029,0.13707563
1993-03-16 12:00:00,0.13258061,0.12583321,0.12007637,0.1345387,0.124255806,0.12930375,0.11257624,0.12740093,0.121098965,0.14508705,0.13164002,0.11743264,0.11558753,0.11556854,0.10833202
1993-04-16 00:00:00,0.116979115,0.120528,0.1210043,0.13515198,0.122313015,0.110480145,0.12400459,0.11305457,0.10442372,0.11246726,0.10813798,0.11488783,0.09932381,0.12221482,0.106432125
1993-05-16 12:00:00,0.108337924,0.10961992,0.11034876,0.119900964,0.10921078,0.12280411,0.11327993,0.109725095,0.11273135,0.10709937,0.10558417,0.113933906,0.10346848,0.10773452,0.10470486
1993-06-16 00:00:00,0.11828801,0.107632,0.10873848,0.107305914,0.10938472,0.11254196,0.10886931,0.12054675,0.10752718,0.11206684,0.116212286,0.11317689,0.123772405,0.12587084,0.10014426
1993-07-16 12:00:00,0.113436624,0.113924906,0.1139872,0.12522937,0.10786756,0.1081194,0.1187069,0.11073235,0.11385055,0.107220076,0.108309254,0.11972125,0.110325545,0.12416541,0.12075753
1993-08-16 12:00:00,0.11916137,0.13585052,0.12178946,0.13206075,0.1402881,0.11460677,0.12982844,0.1205501,0.11635228,0.12284249,0.13126218,0.11638406,0.11109308,0.11432489,0.12930721
1993-09-16 00:00:00,0.1152046,0.14448026,0.13301933,0.11926237,0.12217129,0.12542574,0.13120995,0.1334131,0.12015392,0.12171013,0.15083496,0.13322158,0.123508796,0.10553261,0.12834714
1993-10-16 12:00:00,0.123473585,0.13870172,0.13142608,0.13947898,0.11841804,0.117967114,0.1359758,0.12853107,0.12611212,0.1325104,0.13399619,0.120928705,0.15802136,0.14235033,0.15505135
1993-11-16 00:00:00,0.15329166,0.14824672,0.15251797,0.13803929,0.14605898,0.13916874,0.14587282,0.13434255,0.14315848,0.14228095,0.13661978,0.15533213,0.14873058,0.1440179,0.15010628
1993-12-16 12:00:00,0.16145723,0.13496134,0.14897376,0.14636439,0.1485122,0.13941567,0.14092387,0.14957741,0.15312202,0.15883502,0.14342996,0.14991711,0.15648116,0.14738095,0.15821348
1994-01-16 12:00:00,0.13948895,0.14893739,0.14647155,0.13605627,0.14179508,0.15867902,0.15631011,0.13825665,0.13901871,0.15899523,0.15044558,0.13976136,0.13804391,0.14630513,0.15575603
1994-02-15 00:00:00,0.13852623,0.13757177,0.13321114,0.1408781,0.15249708,0.13957267,0.13944857,0.12486453,0.14154038,0.14693323,0.15572059,0.12928046,0.12764034,0.124409124,0.15267657
1994-03-16 12:00:00,0.11899828,0.12954153,0.13695222,0.12844405,0.12153897,0.12786745,0.122533284,0.13098797,0.13009124,0.12982751,0.12419348,0.13220611,0.11477098,0.12016213,0.13115762
1994-04-16 00:00:00,0.11800839,0.10782758,0.104471266,0.12055669,0.13355352,0.11002876,0.11455269,0.117834374,0.13158233,0.10927294,0.11887007,0.12365311,0.103524335,0.11451403,0.10716715
1994-05-16 12:00:00,0.11292417,0.11975405,0.1254427,0.1089612,0.10041622,0.10904331,0.11256064,0.093958914,0.098003484,0.10663463,0.120025225,0.11297653,0.11332584,0.099853024,0.11120297
1994-06-16 00:00:00,0.11254245,0.12390749,0.111579254,0.11063744,0.11885904,0.10291962,0.11218053,0.11342675,0.10143233,0.10330232,0.10777835,0.10524293,0.109232426,0.12152887,0.11161876
1994-07-16 12:00:00,0.12263361,0.117653646,0.11319083,0.12127343,0.11162469,0.11223743,0.10600276,0.11347521,0.108488455,0.106755175,0.11165695,0.12131092,0.11353032,0.12266859,0.1259955
1994-08-16 12:00:00,0.13000274,0.13406798,0.13107465,0.12115676,0.12613128,0.13438326,0.11414229,0.11765827,0.10979006,0.119074315,0.12384459,0.12876503,0.12451488,0.12433662,0.110804744
1994-09-16 00:00:00,0.13084233,0.13663098,0.13815044,0.12868705,0.13900246,0.12202937,0.12885313,0.1403112,0.12170083,0.11391371,0.11817981,0.14328374,0.15149684,0.1393263,0.12105882
1994-10-16 12:00:00,0.14788868,0.14372188,0.14661743,0.129072,0.13353407,0.14581406,0.13471091,0.14866492,0.14303914,0.13243572,0.14345805,0.15202484,0.13594806,0.14053065,0.13178878
1994-11-16 00:00:00,0.13239586,0.15184224,0.16196847,0.15091853,0.15806341,0.13273115,0.15629254,0.13341205,0.13505247,0.13320975,0.14579181,0.1487355,0.16612074,0.14547895,0.13474913
1994-12-16 12:00:00,0.1498704,0.15667737,0.1707655,0.15383194,0.14445718,0.14401235,0.13766226,0.14792706,0.16176946,0.1396457,0.15316893,0.1386036,0.14983788,0.14746033,0.1568598
1995-01-16 12:00:00,0.14464626,0.1551057,0.14327444,0.15616255,0.15015735,0.13430451,0.15028389,0.14315172,0.1516164,0.13249867,0.15320829,0.14489162,0.13482028,0.16619016,0.15781447
1995-02-15 00:00:00,0.14180318,0.14691663,0.13159665,0.15725969,0.15083696,0.13804844,0.16335088,0.14502992,0.1603425,0.13660751,0.13040642,0.14160451,0.12692103,0.14478643,0.13902679
1995-03-16 12:00:00,0.13067187,0.1283559,0.13381334,0.14056642,0.12218044,0.117919855,0.1284876,0.12896417,0.14081484,0.13443664,0.12699449,0.1219852,0.12108237,0.13117766,0.11827086
1995-04-16 00:00:00,0.115532175,0.11112409,0.113189645,0.10777049,0.13227062,0.10445816,0.11980427,0.121137895,0.13418579,0.13744618,0.11570121,0.1272451,0.12322466,0.10984317,0.11512878
1995-05-16 12:00:00,0.10612863,0.1011363,0.11762397,0.114950724,0.1148011,0.11628175,0.1291484,0.110329665,0.11239762,0.120961905,0.12202744,0.11329009,0.111243606,0.10689661,0.11039534
1995-06-16 00:00:00,0.11713266,0.11039233,0.11742971,0.10352164,0.11744053,0.11656557,0.11950692,0.10413985,0.11164888,0.10448871,0.11044529,0.12117758,0.105385974,0.104064465,0.10988668
1995-07-16 12:00:00,0.12034879,0.110050716,0.12129307,0.11832889,0.11325347,0.11594996,0.11843499,0.10467482,0.12781523,0.118638955,0.09784145,0.120212585,0.12013427,0.11904988,0.12108653
1995-08-16 12:00:00,0.12269564,0.12729537,0.13040018,0.124323696,0.12906888,0.11160927,0.10952267,0.115975834,0.11235056,0.124899134,0.12878163,0.1339285,0.14383067,0.13614838,0.13463806
1995-09-16 00:00:00,0.1368362,0.1414235,0.12790711,0.13982221,0.13190761,0.1315576,0.1299897,0.123406366,0.12141932,0.12443482,0.14786932,0.14340302,0.1386305,0.12204474,0.12821305
1995-10-16 12:00:00,0.12801477,0.12782586,0.13291433,0.1433446,0.14291662,0.13754417,0.15443194,0.13788259,0.13372765,0.1373744,0.14253971,0.13776886,0.1457577,0.16470265,0.13298005
1995-11-16 00:00:00,0.14328365,0.13888998,0.15271202,0.13802654,0.15152255,0.13868481,0.14165139,0.1357273,0.14708458,0.14537458,0.14667706,0.14660518,0.11740316,0.13664022,0.14984035
1995-12-16 12:00:00,0.13171282,0.15577246,0.1592369,0.1523622,0.14950618,0.15038161,0.17325126,0.1447793,0.15913418,0.15437423,0.14973006,0.15250452,0.16911374,0.15437062,0.14926839
1996-01-16 12:00:00,0.13976717,0.14261912,0.15632735,0.14055802,0.13886303,0.15154067,0.17119116,0.15265512,0.13437082,0.14354965,0.13840365,0.14467546,0.1592032,0.15070543,0.13446325
1996-02-15 12:00:00,0.13013166,0.12805371,0.14882718,0.14465983,0.12810917,0.13901727,0.14122023,0.13829696,0.13442503,0.13665287,0.13074167,0.13355003,0.14109804,0.122778125,0.12918898
1996-03-16 12:00:00,0.11180935,0.1275452,0.14177413,0.13075808,0.1255612,0.1294214,0.13894308,0.12071419,0.12500907,0.123296954,0.14061452,0.13808037,0.12943323,0.13300475,0.12144403
1996-04-16 00:00:00,0.12596518,0.12063294,0.10962499,0.1037978,0.112219565,0.11465519,0.11713584,0.11197924,0.11383216,0.10101291,0.112473056,0.11841107,0.1331674,0.13131173,0.123334885
1996-05-16 12:00:00,0.11342345,0.110952176,0.114596084,0.114073545,0.1157908,0.10154472,0.11128665,0.100187585,0.1119553,0.11543394,0.09807729,0.12089166,0.117636204,0.11141037,0.1189041
1996-06-16 00:00:00,0.11230928,0.118325554,0.117087066,0.12268929,0.111345924,0.11308689,0.12017542,0.10662876,0.11614465,0.11166611,0.10339242,0.12543441,0.111104526,0.13031192,0.11694462
1996-07-16 12:00:00,0.1272196,0.120320044,0.12618075,0.12461887,0.1041123,0.109132774,0.119214885,0.107916914,0.13187672,0.109576456,0.11419922,0.1195604,0.1251988,0.10919126,0.13259426
1996-08-16 12:00:00,0.12047059,0.13087548,0.13998556,0.12975639,0.11921429,0.112687066,0.12201929,0.13177457,0.14124034,0.12596303,0.1176016,0.118031956,0.13243613,0.10954304,0.1271152
1996-09-16 00:00:00,0.12973917,0.12495835,0.15227358,0.1356691,0.1352072,0.12762056,0.15097736,0.12606671,0.11588163,0.13189693,0.12239184,0.14322264,0.12443721,0.12945418,0.13302323
1996-10-16 12:00:00,0.14670575,0.14901035,0.15811993,0.13829952,0.1442746,0.12985188,0.1393921,0.12692869,0.13880233,0.1412948,0.12698136,0.13773818,0.16480978,0.14248231,0.13139476
1996-11-16 00:00:00,0.16228798,0.15341687,0.16362596,0.15711822,0.13147545,0.13004826,0.1480215,0.15328169,0.14086214,0.1500076,0.13448414,0.15368558,0.15743847,0.1501282,0.13843176
1996-12-16 12:00:00,0.1627089,0.14914446,0.1562945,0.13603285,0.14852664,0.13955233,0.15930462,0.13961126,0.1459249,0.16427366,0.15312748,0.17772938,0.16372603,0.15307368,0.18405709
1997-01-16 12:00:00,0.1669782,0.15975259,0.1577759,0.12791324,0.14563626,0.13788971,0.15887043,0.14249541,0.15177226,0.13041131,0.14169437,0.17292917,0.16829263,0.15836513,0.14204611
1997-02-15 00:00:00,0.14168309,0.13049752,0.15430449,0.13403489,0.13315539,0.16191457,0.14737338,0.13094331,0.13798414,0.13553487,0.1382764,0.14072758,0.15957282,0.13898957,0.123137504
1997-03-16 12:00:00,0.13019873,0.12557489,0.12725168,0.11323791,0.12347613,0.12541424,0.1343645,0.12381261,0.13485567,0.12558936,0.10854591,0.12715226,0.12394518,0.12849124,0.12318067
1997-04-16 00:00:00,0.11365551,0.11526499,0.13013503,0.10868407,0.11879457,0.10305332,0.122724295,0.109404854,0.09938657,0.12161151,0.114689864,0.119671226,0.13734686,0.118871495,0.11526355
1997-05-16 12:00:00,0.11912753,0.104834676,0.10376265,0.12108565,0.10667763,0.1064657,0.11661486,0.101292424,0.1067413,0.104317084,0.10653974,0.12354467,0.114954025,0.106126964,0.1026555
1997-06-16 00:00:00,0.11020836,0.102908485,0.111810215,0.1289104,0.1084028,0.10405817,0.114880465,0.112626545,0.10273543,0.10644029,0.112101,0.11108747,0.125536,0.11511028,0.11448146
1997-07-16 12:00:00,0.12710345,0.1159789,0.13275442,0.123318456,0.12184085,0.12041035,0.12270394,0.11801607,0.12352676,0.12118306,0.11633548,0.115279935,0.12080709,0.1137487,0.12079085
1997-08-16 12:00:00,0.13745871,0.13318451,0.14301366,0.12945162,0.14012969,0.120090894,0.12876219,0.12968747,0.12342382,0.1330459,0.13164702,0.118828245,0.11867013,0.12241818,0.14853252
1997-09-16 00:00:00,0.1262887,0.14375694,0.12004067,0.1276412,0.14990667,0.14272915,0.13094859,0.1481899,0.14086975,0.121962085,0.14013077,0.13739106,0.14064854,0.13581434,0.15655963
1997-10-16 12:00:00,0.15306753,0.14942011,0.13844113,0.13613379,0.14079438,0.13852972,0.13170809,0.12419821,0.13979767,0.13354887,0.13275103,0.14359643,0.14054239,0.14741872,0.14124016
1997-11-16 00:00:00,0.14966698,0.1477492,0.14543436,0.14897537,0.15086795,0.13643374,0.14716405,0.1432872,0.15001181,0.1628175,0.14797187,0.14193669,0.1473194,0.15138832,0.14474407
1997-12-16 12:00:00,0.15048896,0.14717783,0.16468053,0.15954633,0.17162685,0.12694877,0.14690746,0.15860978,0.1509165,0.14773755,0.14342494,0.15974805,0.16107294,0.15274319,0.16924502
1998-01-16 12:00:00,0.15229131,0.1474026,0.16014315,0.14701076,0.14177175,0.16166978,0.15558186,0.15246767,0.15671171,0.14364016,0.15197484,0.16197579,0.17979369,0.14038076,0.16177353
1998-02-15 00:00:00,0.130444,0.12177487,0.14331031,0.12865107,0.12810685,0.14004537,0.13664752,0.14671098,0.13232778,0.14178881,0.12826572,0.15169379,0.15039192,0.13069102,0.14520662
1998-03-16 12:00:00,0.12809813,0.114135414,0.13449463,0.12966907,0.113149785,0.124282,0.12382042,0.13588175,0.118928365,0.11859535,0.12840904,0.14193852,0.14734106,0.12786627,0.15185532
1998-04-16 00:00:00,0.12829407,0.11968494,0.11344598,0.115409166,0.115875825,0.11801079,0.120175056,0.12051338,0.117401384,0.109667145,0.12078445,0.11764677,0.12573117,0.11543801,0.123857506
1998-05-16 12:00:00,0.12608181,0.10662963,0.11451616,0.111994475,0.12026394,0.10207465,0.12456275,0.10628607,0.10472217,0.10201021,0.11013116,0.11183474,0.12185871,0.11610666,0.113856286
1998-06-16 00:00:00,0.11558017,0.11245879,0.120541096,0.11317006,0.11757115,0.12146727,0.117558755,0.10254137,0.11262519,0.10640134,0.11124937,0.1260256,0.11694006,0.11490775,0.113576576
1998-07-16 12:00:00,0.11546415,0.10848383,0.11369119,0.112863235,0.11817841,0.11175598,0.10959851,0.11492736,0.12509826,0.124833114,0.11263427,0.12450067,0.1191535,0.11573417,0.12183729
1998-08-16 12:00:00,0.12644418,0.11496314,0.13713895,0.13901007,0.12147693,0.12239868,0.12765916,0.118591994,0.15811563,0.123853974,0.12673707,0.13295262,0.11719375,0.12917557,0.12440018
1998-09-16 00:00:00,0.14051223,0.12806371,0.12572537,0.1378297,0.13070144,0.12491693,0.11635524,0.12457334,0.13196361,0.12625717,0.12131995,0.12338591,0.14924659,0.13992366,0.1233622
1998-10-16 12:00:00,0.1370134,0.14169253,0.13498345,0.1632857,0.14343107,0.15853724,0.15161027,0.122294605,0.13099346,0.13552889,0.1519928,0.110165596,0.13284944,0.15474315,0.1307868
1998-11-16 00:00:00,0.17552973,0.13484983,0.14164521,0.14194529,0.16078326,0.15287338,0.14842786,0.12895769,0.14592692,0.13608468,0.15466797,0.15623972,0.1442752,0.15262695,0.15441614
1998-12-16 12:00:00,0.17559016,0.1451008,0.1692139,0.15190545,0.14898247,0.17198566,0.17040902,0.1541234,0.1535166,0.13441774,0.1626688,0.15521905,0.15942754,0.15955682,0.15728031
1999-01-16 12:00:00,0.15096115,0.14830948,0.14186871,0.1446984,0.15355961,0.15579824,0.16196413,0.14180866,0.14313336,0.14522806,0.13753363,0.16123855,0.16407038,0.15943684,0.15345071
1999-02-15 00:00:00,0.15454325,0.14315231,0.1440613,0.14589603,0.14825884,0.14558625,0.13771315,0.13287996,0.15632036,0.14046308,0.15617242,0.13954033,0.14466512,0.14692609,0.14113878
1999-03-16 12:00:00,0.13533856,0.11933824,0.12008853,0.12605083,0.13081208,0.13469814,0.13510546,0.12433166,0.12456458,0.120555155,0.11657172,0.12084524,0.14548329,0.1365214,0.12926744
1999-04-16 00:00:00,0.116441846,0.11033686,0.11029517,0.106667496,0.12240885,0.108212225,0.121626504,0.1094697,0.13362752,0.11802536,0.10793121,0.11785739,0.13585362,0.13854292,0.12979041
1999-05-16 12:00:00,0.10028571,0.097345695,0.115408555,0.11504668,0.11776472,0.10239709,0.11399212,0.12010797,0.110684566,0.10937382,0.10608005,0.10575514,0.11239198,0.11739122,0.116189696
1999-06-16 00:00:00,0.11419136,0.11579902,0.1090419,0.10693709,0.10723944,0.11119971,0.113970794,0.11800802,0.10601175,0.1112204,0.11134898,0.11779026,0.112461746,0.10768021,0.12807292
1999-07-16 12:00:00,0.115013756,0.11294777,0.1204123,0.11846112,0.11848897,0.12167567,0.13527209,0.12411022,0.1175285,0.1128525,0.10997471,0.11093731,0.12842155,0.10985902,0.11720117
1999-08-16 12:00:00,0.12549241,0.12877576,0.12822138,0.14479238,0.13130966,0.14011891,0.1319472,0.12965612,0.13227421,0.12893344,0.1159319,0.13496193,0.13481012,0.12908219,0.120561264
1999-09-16 00:00:00,0.13700157,0.13322805,0.120519914,0.13985518,0.12966992,0.1268525,0.14588852,0.12628022,0.14308368,0.14626527,0.1405095,0.14505945,0.13570781,0.11266951,0.14269581
1999-10-16 12:00:00,0.13478379,0.14485529,0.13456209,0.14413476,0.15368038,0.1396121,0.1455122,0.14150658,0.14657661,0.12646991,0.14023754,0.13884154,0.14916481,0.13349202,0.1356919
1999-11-16 00:00:00,0.14214592,0.14311028,0.14667115,0.15895168,0.14648676,0.16519536,0.16039604,0.1515505,0.13973317,0.15110599,0.1457891,0.16369036,0.16884157,0.13936193,0.13223226
1999-12-16 12:00:00,0.1538724,0.14704797,0.15626535,0.15127084,0.1539823,0.14910835,0.15386456,0.16156498,0.15006761,0.14340594,0.14953068,0.15396146,0.15461132,0.15140738,0.1439056
2000-01-16 12:00:00,0.13837902,0.16528632,0.15620351,0.14769302,0.16028126,0.15737292,0.15110932,0.152463,0.14899644,0.16029987,0.15481752,0.17326258,0.14621614,0.15551145,0.14798239
2000-02-15 12:00:00,0.1432455,0.13927318,0.13318221,0.14397639,0.1427534,0.13094619,0.13929893,0.15241864,0.14863877,0.14136434,0.13766766,0.13426015,0.14160946,0.13537507,0.15529726
2000-03-16 12:00:00,0.11911369,0.1265595,0.11849316,0.13234034,0.12508592,0.118808046,0.12463439,0.1257469,0.14171107,0.13585019,0.119501896,0.14849658,0.1396084,0.12007914,0.12756576
2000-04-16 00:00:00,0.11186895,0.1043518,0.121643804,0.1276283,0.11986403,0.12214711,0.11406461,0.121242866,0.1074134,0.12076838,0.11824973,0.12728469,0.11647612,0.12641986,0.12470659
2000-05-16 12:00:00,0.11164303,0.09869064,0.09851576,0.114256226,0.1146825,0.11145677,0.09967145,0.12173587,0.11442586,0.11452738,0.1095734,0.1141215,0.11135909,0.12257602,0.11545007
2000-06-16 00:00:00,0.098279245,0.116095155,0.112669826,0.11520312,0.12574555,0.11087214,0.11587037,0.10830036,0.116295,0.11187867,0.11137883,0.119389616,0.12040336,0.12017047,0.13173537
2000-07-16 12:00:00,0.107773,0.11614755,0.11005558,0.13065502,0.1209613,0.12141743,0.12148635,0.12008753,0.12657449,0.11345607,0.1118933,0.11765425,0.11731833,0.116624616,0.1236017
2000-08-16 12:00:00,0.12532167,0.12998159,0.13665849,0.12059468,0.125049,0.12444316,0.15192595,0.1309466,0.116142645,0.12504248,0.12631913,0.122089595,0.11831876,0.12052342,0.12252707
2000-09-16 00:00:00,0.13672313,0.14220409,0.13334528,0.13926546,0.14731252,0.15163745,0.13881952,0.15327619,0.12676409,0.12940374,0.15050915,0.15267026,0.13545348,0.13740657,0.1209698
2000-10-16 12:00:00,0.12596227,0.12695412,0.15031344,0.15485676,0.1418265,0.14213115,0.14116426,0.13414998,0.14460264,0.14976119,0.14513458,0.14429402,0.14675976,0.14103726,0.14491515
2000-11-16 00:00:00,0.1510933,0.15498917,0.16175576,0.14461668,0.15253007,0.16570415,0.16150142,0.1396373,0.15021524,0.15918192,0.14961419,0.14960559,0.1410406,0.14726017,0.17119637
2000-12-16 12:00:00,0.15920669,0.15241162,0.1765701,0.15273796,0.17763868,0.18034914,0.14175476,0.1528262,0.16121715,0.15077624,0.17193575,0.14949195,0.1544039,0.14072229,0.16248989
2001-01-16 12:00:00,0.14717801,0.15817292,0.15766077,0.16841103,0.16395295,0.15058897,0.13876931,0.16412461,0.14646992,0.15673465,0.15731871,0.13784312,0.15485667,0.14622936,0.1544883
2001-02-15 00:00:00,0.16163018,0.16148332,0.13684787,0.14118597,0.1633326,0.14454018,0.13347238,0.13730861,0.14484935,0.12720312,0.1396687,0.13916847,0.1504648,0.13889368,0.14524469
2001-03-16 12:00:00,0.13252436,0.14442818,0.13833034,0.12988715,0.12849945,0.1294602,0.1281025,0.11755839,0.13054378,0.11550771,0.12615342,0.13305576,0.12313264,0.1335762,0.13164705
2001-04-16 00:00:00,0.12103654,0.1183037,0.131469,0.12094787,0.11121329,0.1365565,0.11156565,0.12402033,0.11131858,0.119767636,0.11553718,0.112952754,0.12827352,0.11207461,0.13897334
2001-05-16 12:00:00,0.1163619,0.10179946,0.11172631,0.10961276,0.11078671,0.1175929,0.10867856,0.11463913,0.11263388,0.10780611,0.109292455,0.10208965,0.11702384,0.11211759,0.12360689
2001-06-16 00:00:00,0.12028278,0.11097685,0.11163935,0.11631755,0.11228474,0.12187392,0.1017219,0.10513158,0.114104144,0.109493725,0.11340029,0.109691955,0.118549995,0.10873422,0.11896435
2001-07-16 12:00:00,0.13147914,0.11198836,0.11664811,0.1275722,0.11171445,0.12256143,0.12031889,0.12066443,0.12437475,0.118520044,0.114478946,0.12348705,0.13037318,0.113240436,0.11253217
2001-08-16 12:00:00,0.11977943,0.118209146,0.12772839,0.1317922,0.11573616,0.13959911,0.12892601,0.119026124,0.13851595,0.121546425,0.11685194,0.13463478,0.12821427,0.1370625,0.12886637
2001-09-16 00:00:00,0.1447718,0.13894401,0.13991776,0.1346694,0.1365321,0.13683356,0.13811211,0.13171354,0.13290383,0.15163714,0.13835123,0.11948795,0.1267372,0.12581252,0.13583449
2001-10-16 12:00:00,0.14387053,0.15092286,0.14334278,0.15206733,0.120372035,0.15126148,0.13915804,0.13072722,0.15492299,0.14658462,0.15021537,0.13688423,0.12797283,0.1383318,0.13133064
2001-11-16 00:00:00,0.16913383,0.14028247,0.15923955,0.1537463,0.16557185,0.1609089,0.15231846,0.14804958,0.16208613,0.16229366,0.16096808,0.13450332,0.1453505,0.15138526,0.14546101
2001-12-16 12:00:00,0.15238948,0.15266512,0.14962012,0.14711122,0.14755407,0.1542454,0.16020226,0.15236676,0.1740469,0.15656793,0.16159426,0.15644263,0.15935504,0.15077622,0.1521321
2002-01-16 12:00:00,0.14587945,0.15338828,0.13274921,0.155936,0.14805421,0.17694609,0.17232537,0.14905514,0.14547028,0.16843079,0.15772288,0.13779089,0.1582455,0.15679811,0.17027375
2002-02-15 00:00:00,0.14007136,0.1488162,0.1364437,0.1394494,0.14055465,0.14166133,0.14595191,0.12003506,0.13132174,0.17633985,0.13844165,0.13971768,0.14890704,0.14287268,0.1571015
2002-03-16 12:00:00,0.123276144,0.1345543,0.124389365,0.12117089,0.13110031,0.11559889,0.144776,0.12116908,0.12585954,0.14166316,0.12201192,0.12829024,0.1238641,0.123135686,0.12620293
2002-04-16 00:00:00,0.12822843,0.1310727,0.112022385,0.12504406,0.11856646,0.11775542,0.11938128,0.119847655,0.13096409,0.13300271,0.12957692,0.11478945,0.11448038,0.12256654,0.11978279
2002-05-16 12:00:00,0.11188447,0.10773792,0.11755351,0.1064787,0.10679549,0.11503991,0.11570704,0.12461877,0.120641485,0.12931414,0.112818845,0.1000396,0.11617037,0.11402022,0.120584205
2002-06-16 00:00:00,0.118292354,0.11021169,0.10235469,0.1114368,0.11297538,0.1267053,0.12048802,0.10132898,0.11296457,0.11248258,0.10813551,0.10938852,0.123826295,0.10733912,0.12180684
2002-07-16 12:00:00,0.11619742,0.13015737,0.11680643,0.110435605,0.12519199,0.13199672,0.12028193,0.11287762,0.12577726,0.120103694,0.114843704,0.11621056,0.117911786,0.11627842,0.121159315
2002-08-16 12:00:00,0.12362648,0.11543257,0.11788681,0.13878453,0.12888905,0.12879369,0.12868549,0.12456186,0.13792738,0.13176692,0.13126892,0.1373001,0.118399374,0.119022906,0.14122146
2002-09-16 00:00:00,0.124300934,0.13166043,0.13255441,0.1199537,0.12643366,0.12619334,0.14753087,0.12599547,0.1270204,0.123903416,0.1262339,0.1609538,0.14901553,0.122132346,0.13736013
2002-10-16 12:00:00,0.14652461,0.14349477,0.1370436,0.12960778,0.14441966,0.13137852,0.15029185,0.14541595,0.15944234,0.1479367,0.13695686,0.15160875,0.15705019,0.14988048,0.14438933
2002-11-16 00:00:00,0.1505842,0.14383031,0.17435215,0.14304323,0.16071674,0.17217654,0.14335907,0.1495517,0.15047224,0.15421663,0.15629281,0.15572596,0.1554015,0.14486547,0.1490746
2002-12-16 12:00:00,0.15021999,0.15811552,0.19101007,0.14833684,0.15736835,0.1603526,0.14613236,0.161225,0.14929351,0.14784963,0.14772509,0.15641356,0.15384383,0.15501317,0.17266345
2003-01-16 12:00:00,0.16866979,0.15480897,0.1425947,0.14049454,0.15086144,0.15321228,0.145594,0.1392099,0.15267704,0.1573539,0.15860365,0.13791715,0.16031663,0.15109162,0.15049797
2003-02-15 00:00:00,0.13979201,0.14428769,0.13839032,0.14258504,0.14536728,0.14905058,0.14605692,0.13996728,0.13974072,0.14945234,0.14734192,0.14365008,0.14044556,0.13965487,0.15743956
2003-03-16 12:00:00,0.12683511,0.12066821,0.13338172,0.13021189,0.14114837,0.13089366,0.11644627,0.13020414,0.12684485,0.1309048,0.14341994,0.14393122,0.12641823,0.1346023,0.12668632
2003-04-16 00:00:00,0.11154618,0.1112533,0.13149932,0.12265861,0.11184442,0.108381115,0.11575663,0.12889245,0.113274835,0.12167417,0.12249789,0.12325423,0.12181658,0.13206054,0.12207547
2003-05-16 12:00:00,0.114434205,0.1085961,0.12131775,0.10833159,0.108134605,0.1062601,0.10846139,0.11911932,0.107105345,0.11217569,0.11769594,0.10832615,0.12114795,0.1227331,0.12387846
2003-06-16 00:00:00,0.117087245,0.10533478,0.12061519,0.11292641,0.12798445,0.11643484,0.114607096,0.11454561,0.122646675,0.105595954,0.09887763,0.10431632,0.11528594,0.12094071,0.10930433
2003-07-16 12:00:00,0.120725356,0.119901836,0.11064544,0.11358399,0.11805605,0.12945677,0.12841237,0.11555778,0.1293689,0.12108581,0.11569863,0.121678755,0.11686562,0.12681325,0.105356924
2003-08-16 12:00:00,0.14587194,0.122141436,0.13070223,0.12700486,0.119890034,0.1602034,0.13487142,0.1260493,0.12474439,0.14290592,0.11834858,0.1134047,0.12361128,0.14665619,0.120882146
2003-09-16 00:00:00,0.13346949,0.1260699,0.14754903,0.12555477,0.13209684,0.14513187,0.14085944,0.114436075,0.11900423,0.14080323,0.121194966,0.14661801,0.1473362,0.13516131,0.1282793
2003-10-16 12:00:00,0.15169238,0.12759958,0.15694179,0.138758,0.12647046,0.13603014,0.16085434,0.13961017,0.14376685,0.15657638,0.12519795,0.12155318,0.13940409,0.12620623,0.14681098
2003-11-16 00:00:00,0.15921985,0.14769322,0.14427154,0.13809207,0.14316674,0.15572156,0.18690132,0.1304845,0.16214572,0.14942156,0.15413629,0.15267007,0.15096131,0.15559232,0.15430726
2003-12-16 12:00:00,0.15264933,0.14141208,0.14905314,0.15699337,0.15613557,0.14089328,0.15252103,0.15829128,0.15925783,0.16430551,0.15531705,0.16537279,0.1551967,0.17780323,0.1706844
2004-01-16 12:00:00,0.14678031,0.15510365,0.15295847,0.15498403,0.16067386,0.15947416,0.15654467,0.1519954,0.15722464,0.15363519,0.13995497,0.13241757,0.1546919,0.15938309,0.15193217
2004-02-15 12:00:00,0.15197322,0.13920754,0.15091474,0.14405125,0.14464691,0.13754317,0.1280165,0.1427928,0.14044493,0.15675057,0.16371563,0.13799827,0.14201252,0.14687982,0.17079623
2004-03-16 12:00:00,0.12661456,0.12384601,0.12452806,0.123770915,0.11746766,0.11636567,0.117424354,0.12915455,0.12440065,0.13158788,0.12061418,0.12177772,0.12985831,0.12786098,0.13430089
2004-04-16 00:00:00,0.1192143,0.112833515,0.13255163,0.11742594,0.1162523,0.12287692,0.11523666,0.1425078,0.11238312,0.112346075,0.12290132,0.12099682,0.10768661,0.12849604,0.13110761
2004-05-16 12:00:00,0.11898194,0.104501806,0.10964023,0.10667011,0.12473896,0.13471545,0.11650806,0.11627162,0.115425184,0.11603877,0.1121967,0.106299944,0.12637873,0.11633227,0.12361392
2004-06-16 00:00:00,0.117860034,0.10851396,0.1130541,0.11811414,0.12373205,0.12379748,0.11611906,0.10913397,0.11934741,0.11665696,0.10009667,0.10879676,0.12193635,0.11166515,0.13049912
2004-07-16 12:00:00,0.12430956,0.11943803,0.11969698,0.11191659,0.12803432,0.1248911,0.12091293,0.11815485,0.12475764,0.12771632,0.11605832,0.10609256,0.1231334,0.1171724,0.12497788
2004-08-16 12:00:00,0.12945797,0.11652913,0.116467275,0.12759104,0.1284335,0.12517422,0.1419046,0.14197603,0.12820747,0.13707803,0.12659809,0.1315182,0.12073478,0.12538682,0.1150015
2004-09-16 00:00:00,0.12291507,0.12424382,0.12633523,0.13757427,0.14334327,0.13427411,0.1297205,0.1294109,0.1414672,0.15149023,0.14620572,0.1236207,0.1316421,0.12686576,0.12922125
2004-10-16 12:00:00,0.14174946,0.14427665,0.12185299,0.14008932,0.14150518,0.1387068,0.14097081,0.14994943,0.14802955,0.14491552,0.13882959,0.13217522,0.1475309,0.14336073,0.14733368
2004-11-16 00:00:00,0.14415294,0.14319743,0.15468928,0.13697255,0.16504277,0.16525872,0.15989044,0.1465712,0.15283638,0.16698831,0.16671464,0.16359623,0.15005827,0.1492122,0.14371173
2004-12-16 12:00:00,0.15012233,0.13985595,0.15641084,0.16687559,0.16452897,0.15543681,0.1570216,0.15088677,0.1704967,0.16768445,0.16449787,0.15362243,0.1560579,0.15210919,0.1561154
2005-01-16 12:00:00,0.15042002,0.14770128,0.15403216,0.15006375,0.14705297,0.16163917,0.14959796,0.13946447,0.14711528,0.16072293,0.1528856,0.14831649,0.16578242,0.16064896,0.14187732
2005-02-15 00:00:00,0.1448459,0.14309917,0.16008745,0.1298823,0.15168439,0.1349405,0.15003444,0.1301559,0.14585714,0.14141719,0.15209505,0.13084127,0.14272428,0.13591516,0.15342169
2005-03-16 12:00:00,0.13445443,0.14939678,0.13643025,0.13114052,0.11847499,0.12342586,0.11417246,0.125485,0.13653754,0.12615865,0.13392991,0.14073765,0.12919612,0.13347596,0.11893079
2005-04-16 00:00:00,0.123287685,0.12683779,0.12485476,0.11359649,0.11333301,0.118658714,0.11088989,0.11462278,0.1147167,0.1302956,0.12221338,0.11582553,0.11504752,0.12013612,0.120869264
2005-05-16 12:00:00,0.113804385,0.112959355,0.10666704,0.10616432,0.109253645,0.10825259,0.11474903,0.106885456,0.10826968,0.11457832,0.117431454,0.11918764,0.10820011,0.11892296,0.10958281
2005-06-16 00:00:00,0.11197862,0.11747798,0.121111825,0.11987153,0.108297005,0.12301886,0.11383636,0.11801615,0.11123944,0.11620567,0.1153132,0.11756033,0.11650558,0.10245919,0.12773551
2005-07-16 12:00:00,0.1279502,0.10823353,0.12618987,0.13580394,0.1366186,0.13271394,0.12274534,0.118207015,0.13299184,0.12133717,0.1207603,0.11951879,0.12338577,0.11845935,0.1295632
2005-08-16 12:00:00,0.12511389,0.12455402,0.12808909,0.13384321,0.14304505,0.16251543,0.12663418,0.11898803,0.1294868,0.12913807,0.11021185,0.1194677,0.13158306,0.12988542,0.14081591
2005-09-16 00:00:00,0.12890999,0.14128819,0.1358681,0.10702645,0.17527802,0.14519139,0.11792869,0.13631152,0.12511946,0.14221355,0.13594308,0.12218049,0.15826218,0.12423878,0.17021857
2005-10-16 12:00:00,0.13751358,0.14515413,0.12684606,0.12777412,0.16530325,0.15375288,0.14536768,0.15353727,0.15879396,0.15211049,0.1495328,0.14605989,0.14352414,0.15843718,0.15219651
2005-11-16 00:00:00,0.16373877,0.14792566,0.15008116,0.13523723,0.1688137,0.15136243,0.14675982,0.1416707,0.13799652,0.16694638,0.14856157,0.14778957,0.17297949,0.17218234,0.14509514
2005-12-16 12:00:00,0.16002378,0.1538966,0.15882924,0.15548404,0.1695503,0.1602141,0.18050821,0.15959008,0.14696862,0.15848011,0.14602563,0.15029639,0.15678942,0.17257366,0.15454087
2006-01-16 12:00:00,0.1652422,0.14663376,0.14567155,0.14833096,0.17524944,0.1536479,0.13852079,0.15701273,0.15613887,0.1623767,0.13890222,0.1391888,0.13495883,0.15466888,0.15112191
2006-02-15 00:00:00,0.15413354,0.13795742,0.1334981,0.1390077,0.15967225,0.14205328,0.1577364,0.15993531,0.1385059,0.14691354,0.13002335,0.12928645,0.1389503,0.13588886,0.13338974
2006-03-16 12:00:00,0.12851436,0.11550538,0.13299842,0.12211559,0.14228441,0.13306326,0.12695754,0.12748668,0.12257851,0.1384287,0.12602396,0.12938341,0.12887658,0.12167925,0.13959432
2006-04-16 00:00:00,0.11905144,0.12990639,0.11498151,0.111504026,0.12376387,0.12560107,0.12936343,0.11509303,0.11474004,0.11103656,0.11122497,0.10273113,0.1233877,0.108235374,0.115672424
2006-05-16 12:00:00,0.11521489,0.11746493,0.115059346,0.10839045,0.11619219,0.11252255,0.10998338,0.11011251,0.11308861,0.101142645,0.10003724,0.100685626,0.10616053,0.12393404,0.10842331
2006-06-16 00:00:00,0.12116968,0.11893881,0.12324295,0.10410144,0.117357805,0.1156516,0.13672663,0.11937957,0.12598501,0.10988824,0.11211002,0.11045128,0.11248512,0.11733717,0.12184386
2006-07-16 12:00:00,0.11165844,0.12923083,0.12915501,0.12197662,0.1279652,0.13858855,0.12046658,0.12670149,0.12386671,0.123947784,0.11193626,0.121195555,0.1187472,0.121057324,0.13592884
2006-08-16 12:00:00,0.11700089,0.12802552,0.109553605,0.12507911,0.14597121,0.14266044,0.13285148,0.14526492,0.12020722,0.12846635,0.123212345,0.13905284,0.13844305,0.118330546,0.1169976
2006-09-16 00:00:00,0.14789829,0.14200336,0.13201067,0.13927737,0.15229851,0.1288142,0.13539012,0.124019325,0.15471467,0.13389835,0.15779825,0.13125823,0.18730631,0.14043362,0.13074826
2006-10-16 12:00:00,0.14593211,0.16091274,0.14716856,0.15522856,0.14358202,0.13593397,0.13722146,0.13757776,0.14850806,0.12179203,0.16972724,0.13269731,0.148965,0.14724432,0.14288862
2006-11-16 00:00:00,0.15783465,0.1490695,0.15213162,0.16502433,0.14857246,0.15038687,0.13547991,0.15377128,0.15728319,0.15336637,0.1598347,0.15010056,0.13689458,0.17667706,0.17259657
2006-12-16 12:00:00,0.15274583,0.14224471,0.16557665,0.16780198,0.17781915,0.16114433,0.14767806,0.15975688,0.13466515,0.16452062,0.16197543,0.14449695,0.13864395,0.15797123,0.17405559
2007-01-16 12:00:00,0.14933883,0.15470155,0.17743008,0.16312046,0.16811965,0.14759152,0.15134661,0.13718933,0.13760625,0.15208209,0.14038274,0.13633363,0.15186192,0.14623699,0.1835863
2007-02-15 00:00:00,0.14231275,0.15014896,0.15206517,0.14953719,0.1516924,0.14336054,0.13277861,0.13589035,0.13380533,0.13248423,0.1374834,0.1481921,0.1313054,0.13891016,0.13978536
2007-03-16 12:00:00,0.12690076,0.13741525,0.14053017,0.1299278,0.13466106,0.13981114,0.12957974,0.13626927,0.12864456,0.12540233,0.15136193,0.12067615,0.13718261,0.13331518,0.14032792
2007-04-16 00:00:00,0.12000725,0.11941259,0.118680984,0.12481027,0.14409402,0.11460885,0.119320706,0.11313425,0.11032623,0.12852153,0.13105395,0.12871672,0.12233177,0.11744915,0.12141005
2007-05-16 12:00:00,0.13461487,0.11774241,0.1327293,0.10937434,0.120790854,0.11773466,0.11880366,0.11544615,0.10319301,0.11034393,0.116354816,0.09892765,0.10458409,0.1133003,0.116642125
2007-06-16 00:00:00,0.12723285,0.11288763,0.11613915,0.1162356,0.1264895,0.10683661,0.1204561,0.11431238,0.1158391,0.12366484,0.11892058,0.106094934,0.11791772,0.11138088,0.123239845
2007-07-16 12:00:00,0.122630805,0.11079203,0.11378888,0.13620718,0.12601079,0.11955277,0.1260669,0.122345194,0.12566058,0.11606011,0.11013181,0.10819154,0.1349159,0.12165288,0.110216014
2007-08-16 12:00:00,0.1408946,0.13821173,0.13385814,0.115326606,0.14132784,0.13264285,0.1504605,0.12265482,0.11715938,0.11789193,0.12926795,0.13105007,0.13846667,0.15092954,0.12050043
2007-09-16 00:00:00,0.13958247,0.14159736,0.13369548,0.121641345,0.14871442,0.14246921,0.13821204,0.14665304,0.14200474,0.13071129,0.14675215,0.16254574,0.12483751,0.15295662,0.13345379
2007-10-16 12:00:00,0.13723516,0.13544461,0.15481637,0.14615358,0.13318,0.15757072,0.1519569,0.1622225,0.1407825,0.12642336,0.12534274,0.15670218,0.15843531,0.13226362,0.1403566
2007-11-16 00:00:00,0.1532343,0.15834959,0.16576971,0.14841723,0.16395375,0.15179011,0.14843737,0.17406234,0.14978343,0.15645054,0.15467708,0.14246632,0.15083836,0.15364769,0.15095124
2007-12-16 12:00:00,0.15600131,0.15067601,0.1607767,0.17289273,0.15935571,0.1714115,0.16205165,0.17455833,0.15794031,0.15993692,0.15641806,0.13249342,0.15263401,0.15717013,0.1489684
2008-01-16 12:00:00,0.15350187,0.14521846,0.14986163,0.15608065,0.17181978,0.16463348,0.15079574,0.16775654,0.16171594,0.15002975,0.15147181,0.14119458,0.16366312,0.15456103,0.14589801
2008-02-15 12:00:00,0.14804593,0.14214624,0.14584318,0.14391112,0.14180739,0.1448016,0.15576245,0.14059217,0.12635343,0.14049688,0.14166936,0.14890064,0.1308307,0.14864142,0.15069741
2008-03-16 12:00:00,0.13374834,0.14041243,0.1384308,0.14387381,0.1426158,0.123895675,0.13328908,0.12835133,0.122407384,0.1237576,0.13793883,0.13571444,0.11965968,0.14570463,0.13156939
2008-04-16 00:00:00,0.12437362,0.11802836,0.13094349,0.11896819,0.11576356,0.11939011,0.12933111,0.13487831,0.12133516,0.102169074,0.120180115,0.11859646,0.118203625,0.1285524,0.11286429
2008-05-16 12:00:00,0.12057032,0.12191807,0.1098184,0.10924635,0.12349463,0.11585961,0.12215759,0.13059863,0.11837788,0.116980635,0.10983958,0.11634764,0.12769258,0.13301437,0.10904195
2008-06-16 00:00:00,0.11948357,0.117104106,0.11066637,0.119591765,0.1303239,0.11724264,0.11422493,0.12762344,0.12393125,0.09985929,0.119397275,0.110830344,0.11361689,0.111899346,0.11054155
2008-07-16 12:00:00,0.10772456,0.13880095,0.13466032,0.11417621,0.1207795,0.13624798,0.12273246,0.13498539,0.13074116,0.12018042,0.10620084,0.117496714,0.12589893,0.113441765,0.12292572
2008-08-16 12:00:00,0.13416654,0.12856671,0.12645823,0.13824913,0.13087964,0.11743307,0.134819,0.13213287,0.13558438,0.13120767,0.12880948,0.11883212,0.1552095,0.13057116,0.15337957
2008-09-16 00:00:00,0.12578736,0.16448401,0.13776019,0.14077811,0.13363716,0.1468542,0.14090909,0.18249069,0.12489313,0.14671579,0.11425543,0.14177878,0.16535908,0.12431652,0.15014125
2008-10-16 12:00:00,0.13852912,0.13942495,0.15347259,0.12882283,0.14344399,0.1434838,0.151674,0.14835265,0.14550929,0.14489025,0.135211,0.14828435,0.15111491,0.13376744,0.13627994
2008-11-16 00:00:00,0.15375163,0.1334324,0.15365176,0.15080525,0.14865752,0.15564834,0.14908801,0.17387848,0.15706287,0.1288507,0.14809039,0.1701484,0.15598154,0.143088,0.16248593
2008-12-16 12:00:00,0.1647663,0.15095647,0.14851554,0.14558813,0.16507053,0.15548396,0.16082606,0.16118187,0.16453455,0.14235418,0.16036575,0.165653,0.18037973,0.15695253,0.15658863
2009-01-16 12:00:00,0.1524326,0.17367698,0.15772419,0.14244963,0.15060173,0.15239757,0.1489563,0.16050448,0.157836,0.14359175,0.13120924,0.16156378,0.15112896,0.15000837,0.13787225
2009-02-15 00:00:00,0.13784079,0.13842237,0.14646384,0.13401543,0.13970615,0.14772886,0.1413452,0.15955317,0.15367427,0.13131365,0.14164287,0.14763704,0.13133238,0.1481431,0.14376889
2009-03-16 12:00:00,0.12869975,0.13164172,0.13774852,0.12325344,0.13146678,0.1339285,0.12281789,0.13218762,0.14293557,0.12783892,0.12173018,0.13562486,0.12962495,0.14166455,0.14262961
2009-04-16 00:00:00,0.117139526,0.12722762,0.11374387,0.12663455,0.123856604,0.11771695,0.11842877,0.10777607,0.1271087,0.11389436,0.11466025,0.12540993,0.13211733,0.12021406,0.13831605
2009-05-16 12:00:00,0.10559632,0.122384556,0.11015213,0.11320078,0.10548885,0.11451011,0.107475966,0.10522244,0.120321,0.11717525,0.102076545,0.13357098,0.12769781,0.11382992,0.1264247
2009-06-16 00:00:00,0.114281274,0.120195925,0.11560409,0.12599258,0.111244425,0.14543304,0.11749074,0.121020846,0.12167178,0.119386345,0.11329712,0.12910098,0.11979047,0.12756385,0.11799078
2009-07-16 12:00:00,0.11646179,0.12502155,0.11814688,0.1317514,0.13607904,0.123923205,0.11742407,0.14538944,0.13905753,0.116564885,0.121501334,0.12655994,0.13513143,0.13148192,0.13075462
2009-08-16 12:00:00,0.13273016,0.12204989,0.14013968,0.15319511,0.14548118,0.13773906,0.13295501,0.14282331,0.1370436,0.11414516,0.118243195,0.117924735,0.14529674,0.12837915,0.11189513
2009-09-16 00:00:00,0.13019587,0.16553432,0.14347833,0.14260423,0.13417466,0.14026389,0.14218879,0.15550013,0.12086918,0.12900187,0.12299168,0.15413655,0.13459517,0.12458014,0.13910769
2009-10-16 12:00:00,0.1405076,0.14167058,0.1385608,0.13666146,0.13869539,0.14371306,0.15344904,0.13879354,0.13692828,0.12973502,0.1344613,0.14670914,0.16848929,0.13969488,0.12922373
2009-11-16 00:00:00,0.1626545,0.1731324,0.16300882,0.16011928,0.1605115,0.14437844,0.15923958,0.15940686,0.15998852,0.1336849,0.15757559,0.16311559,0.16617885,0.1379744,0.15064648
2009-12-16 12:00:00,0.17545742,0.16858792,0.16986175,0.14852656,0.17535478,0.17550333,0.15116732,0.15019259,0.16736254,0.1741024,0.16292511,0.16613655,0.15111224,0.13663927,0.16446681
2010-01-16 12:00:00,0.16746503,0.17630024,0.15762606,0.15451168,0.14423405,0.16044682,0.15964496,0.14622253,0.16699262,0.14971048,0.1522178,0.157436,0.16907503,0.14199288,0.16700095
2010-02-15 00:00:00,0.15192404,0.15699087,0.1461608,0.13735859,0.15388037,0.14008832,0.13620397,0.15434772,0.15462115,0.14457475,0.13528524,0.1498696,0.14724186,0.13880026,0.14687328
2010-03-16 12:00:00,0.14017986,0.13813028,0.14371067,0.12351988,0.13466996,0.13268694,0.13088647,0.1329874,0.13334581,0.12640278,0.11874639,0.12937778,0.13174653,0.12280933,0.1439249
2010-04-16 00:00:00,0.09583626,0.12491879,0.12792337,0.13301212,0.12369296,0.12046851,0.11568412,0.11657382,0.111817606,0.11856813,0.11753395,0.12026557,0.13286437,0.112914935,0.1184394
2010-05-16 12:00:00,0.11795397,0.119247615,0.11690652,0.109287985,0.116118856,0.12640068,0.113616236,0.11326214,0.10732578,0.11887033,0.12608844,0.11815436,0.122144684,0.10728397,0.11455735
2010-06-16 00:00:00,0.12826848,0.10959801,0.120861076,0.108850576,0.12730353,0.1233589,0.11783797,0.11357514,0.11062738,0.11044451,0.11155765,0.12494901,0.12158473,0.1114079,0.12205097
2010-07-16 12:00:00,0.119284056,0.13847429,0.12991352,0.11217017,0.13602938,0.12510976,0.12388431,0.11831712,0.13373195,0.11584433,0.12704575,0.118828885,0.11632083,0.11480677,0.13106583
2010-08-16 12:00:00,0.13015889,0.13050352,0.12305043,0.113384105,0.1408889,0.13558064,0.13866152,0.13897894,0.14109446,0.12541966,0.12164712,0.14937462,0.122819334,0.13350096,0.115509786
2010-09-16 00:00:00,0.12721409,0.11850707,0.13101068,0.1312201,0.14512457,0.13533129,0.14528587,0.14683403,0.12287283,0.12544164,0.124652416,0.16406778,0.16064423,0.15150765,0.12056194
2010-10-16 12:00:00,0.15664887,0.14028278,0.14110541,0.14081375,0.13279344,0.13795002,0.12756765,0.14372405,0.15340467,0.14272253,0.13829014,0.1460103,0.15922761,0.14872171,0.16746965
2010-11-16 00:00:00,0.14623825,0.1468957,0.15385267,0.15173276,0.16332544,0.15736637,0.1604352,0.1569794,0.15839033,0.15197942,0.14425097,0.14562587,0.15759929,0.15262906,0.15184614
2010-12-16 12:00:00,0.16342984,0.15431358,0.17330287,0.16798286,0.14462675,0.15651943,0.1506139,0.17124514,0.1617733,0.15289392,0.16010386,0.16224022,0.1789943,0.16000651,0.15556544
2011-01-16 12:00:00,0.13291927,0.15264277,0.14940989,0.15168154,0.14331144,0.17019382,0.16334087,0.14593314,0.1649783,0.14704967,0.15580857,0.15231144,0.15798324,0.13768433,0.16444404
2011-02-15 00:00:00,0.14207102,0.13291647,0.124747016,0.15260038,0.14393567,0.1463446,0.14340225,0.14786375,0.13936855,0.14105813,0.15860842,0.13698925,0.14007747,0.15054081,0.1607105
2011-03-16 12:00:00,0.12844689,0.12159733,0.12001931,0.11346628,0.13454401,0.15174146,0.14064637,0.14830205,0.12296918,0.124442644,0.12949641,0.13755319,0.1370045,0.12481311,0.12616041
2011-04-16 00:00:00,0.109501295,0.11714818,0.11367859,0.123913616,0.1157437,0.12685962,0.11513084,0.112109296,0.12312872,0.122500114,0.111655466,0.13302444,0.11610994,0.13248745,0.1284741
2011-05-16 12:00:00,0.11571257,0.113826975,0.10191402,0.10876454,0.1008525,0.120481774,0.11352915,0.12709914,0.117374115,0.0979746,0.12560831,0.10524332,0.11888278,0.11295995,0.12152379
2011-06-16 00:00:00,0.1200442,0.11222149,0.10869858,0.11307611,0.12165933,0.116948195,0.12746887,0.11298008,0.12659277,0.11500365,0.11140444,0.1247421,0.11510126,0.11945939,0.12082064
2011-07-16 12:00:00,0.13056783,0.107955836,0.117330156,0.12617315,0.12511419,0.13094619,0.15271816,0.10921774,0.1320485,0.11353105,0.11667415,0.12880921,0.123721026,0.13881709,0.13372324
2011-08-16 12:00:00,0.12653145,0.13282743,0.142149,0.13314658,0.14593635,0.13933912,0.13234258,0.13291453,0.14470483,0.11619977,0.122739255,0.1323291,0.13022345,0.12174182,0.12524477
2011-09-16 00:00:00,0.12698585,0.1441924,0.1158708,0.16040343,0.15125309,0.14299239,0.14209695,0.1348104,0.13236935,0.12849946,0.1355444,0.12998742,0.15428165,0.14001006,0.15207903
2011-10-16 12:00:00,0.13961372,0.1598584,0.13629037,0.14106824,0.15849468,0.15770335,0.14433293,0.14666839,0.16247779,0.12777194,0.12407524,0.14419112,0.1521977,0.13683188,0.14761308
2011-11-16 00:00:00,0.15204862,0.15443201,0.15525457,0.16378015,0.17078878,0.14884122,0.14469853,0.16557823,0.16871992,0.15166585,0.15041615,0.16270816,0.14491545,0.1533842,0.16429432
2011-12-16 12:00:00,0.15830237,0.14692082,0.15635411,0.16199866,0.18323155,0.18293682,0.16907154,0.1652913,0.15807553,0.1522888,0.1599783,0.15752743,0.15659375,0.17205462,0.1674442
2012-01-16 12:00:00,0.14929819,0.15728104,0.14700916,0.16140376,0.1503855,0.16018194,0.15560111,0.16022092,0.1737169,0.16914888,0.14290942,0.14790912,0.15268303,0.17114626,0.18474093
2012-02-15 12:00:00,0.15225773,0.13270195,0.12723953,0.14557776,0.1447901,0.14948596,0.14177862,0.15230373,0.123896286,0.1460302,0.14037445,0.15073375,0.13873999,0.12992024,0.15933305
2012-03-16 12:00:00,0.16376558,0.11717016,0.13140982,0.14238141,0.13262609,0.12367533,0.12674783,0.12472959,0.13359977,0.13203077,0.14617251,0.12626585,0.13376127,0.13683437,0.12636505
2012-04-16 00:00:00,0.13784827,0.10848897,0.12527053,0.13018149,0.11129404,0.1250316,0.12677023,0.11846085,0.11630973,0.10902075,0.11942655,0.1244307,0.11903121,0.12965417,0.11977245
2012-05-16 12:00:00,0.115876965,0.115503035,0.1208027,0.12109781,0.112552665,0.12262696,0.1214613,0.1296287,0.11380303,0.11491667,0.120064564,0.12069838,0.110527486,0.11960452,0.12244014
2012-06-16 00:00:00,0.12305582,0.11214385,0.108676046,0.12034567,0.118310794,0.12193103,0.1290512,0.11545746,0.1227235,0.11540244,0.109464705,0.11378143,0.11356982,0.11237162,0.11269162
2012-07-16 12:00:00,0.13276593,0.12026317,0.110011876,0.116064064,0.12431439,0.118649155,0.12226776,0.1248856,0.12114592,0.13053495,0.11141858,0.11223462,0.1292869,0.1320322,0.13487771
2012-08-16 12:00:00,0.12873212,0.1381425,0.12270188,0.12071823,0.14242229,0.125666,0.122972,0.11617081,0.12313171,0.12956218,0.12309589,0.123763725,0.1235871,0.12735683,0.13722178
2012-09-16 00:00:00,0.1420717,0.14528623,0.1267956,0.12185964,0.15475135,0.13823067,0.14150931,0.14261368,0.12799199,0.13014796,0.1251626,0.14525074,0.13361783,0.14872815,0.13221914
2012-10-16 12:00:00,0.14834435,0.15883997,0.13694105,0.13746375,0.15188588,0.1511689,0.12890309,0.14042962,0.14512265,0.14333364,0.13435951,0.14882629,0.13107273,0.17018282,0.13320822
2012-11-16 00:00:00,0.15631887,0.15250944,0.156065,0.13866474,0.15439656,0.14635366,0.15260357,0.16554056,0.17386487,0.16674426,0.15737814,0.15196766,0.14556159,0.17092027,0.1533709
2012-12-16 12:00:00,0.15660988,0.15971887,0.16705325,0.15152416,0.16892263,0.16635984,0.15676911,0.17203717,0.15743084,0.16461475,0.15827884,0.16454762,0.14500254,0.16981542,0.14747864
2013-01-16 12:00:00,0.1622054,0.15895781,0.14447425,0.15369628,0.14543197,0.15492849,0.13002147,0.17624609,0.16416088,0.14732173,0.15314347,0.14796749,0.15629767,0.17289579,0.15741834
2013-02-15 00:00:00,0.12812588,0.15164465,0.14638002,0.14995088,0.14624213,0.14152364,0.13746725,0.16250521,0.14559019,0.13899586,0.142305,0.16249175,0.14880839,0.13711748,0.17472774
2013-03-16 12:00:00,0.12433644,0.12464287,0.15201302,0.13115491,0.13542439,0.114189185,0.12838587,0.12718797,0.12276679,0.13910274,0.12914754,0.13425961,0.12898432,0.13422096,0.14404489
2013-04-16 00:00:00,0.12473312,0.11232229,0.10455015,0.12773807,0.12048885,0.12633431,0.12235867,0.11919848,0.11574365,0.122946255,0.11496455,0.1188122,0.12823562,0.13699046,0.12863784
2013-05-16 12:00:00,0.112071216,0.11499538,0.12677239,0.117621,0.11684546,0.12420466,0.11034618,0.11144519,0.10995136,0.122481994,0.11058384,0.11388185,0.11056014,0.12481841,0.10398586
2013-06-16 00:00:00,0.12442206,0.1196079,0.11365162,0.11721222,0.12964264,0.123113446,0.12984125,0.11232356,0.12976994,0.111458704,0.1032133,0.11573726,0.11500404,0.123051316,0.10783944
2013-07-16 12:00:00,0.124637775,0.12110621,0.11553091,0.13694088,0.122313514,0.1390575,0.118502386,0.121,0.13771814,0.12383147,0.1237134,0.110266134,0.1172133,0.11990077,0.13638693
2013-08-16 12:00:00,0.14657961,0.14549504,0.13390027,0.12599166,0.11720067,0.13075535,0.13336776,0.10626669,0.15375882,0.11268394,0.1284323,0.11895552,0.12115202,0.12615211,0.1508228
2013-09-16 00:00:00,0.12128827,0.14507714,0.16192606,0.16904037,0.14439444,0.1280815,0.15626335,0.13136269,0.1369709,0.12936476,0.14634372,0.13470338,0.12020352,0.1411182,0.13636664
2013-10-16 12:00:00,0.16156243,0.15033308,0.14487588,0.1466666,0.15955803,0.14331199,0.15152569,0.1528923,0.15111439,0.14987262,0.13953072,0.14732458,0.12362552,0.13943349,0.15126859
2013-11-16 00:00:00,0.15962903,0.18380925,0.14291276,0.14315178,0.1641365,0.16243936,0.15133671,0.1502408,0.18030527,0.15910737,0.16532904,0.12891968,0.16157204,0.1476712,0.15412427
2013-12-16 12:00:00,0.1664439,0.14259622,0.1541428,0.16571374,0.18140268,0.1743905,0.16103312,0.1469507,0.17639081,0.17880844,0.17681713,0.16293605,0.16145349,0.14786647,0.16097385
2014-01-16 12:00:00,0.1618228,0.15418456,0.15775447,0.15494859,0.16318098,0.15659025,0.14885293,0.16004102,0.1443137,0.15551436,0.1598003,0.14430709,0.15956424,0.13935535,0.14938429
2014-02-15 00:00:00,0.14845495,0.14289545,0.14449596,0.14814408,0.14523424,0.157772,0.17104186,0.16536778,0.14522131,0.14547554,0.1483998,0.1393505,0.12444345,0.13118863,0.17022885
2014-03-16 12:00:00,0.14234322,0.13576302,0.15019143,0.13434358,0.13041538,0.13823584,0.13288802,0.1341665,0.14090186,0.13328737,0.14593442,0.110734805,0.14060049,0.1255871,0.14104438
2014-04-16 00:00:00,0.12651515,0.119944334,0.12258624,0.11793548,0.11555423,0.139768,0.12790264,0.13222188,0.1366034,0.11741369,0.1303658,0.116281055,0.13066734,0.1253914,0.141176
2014-05-16 12:00:00,0.10015182,0.12177908,0.12476977,0.12423715,0.12972169,0.118710674,0.11352272,0.120786116,0.12670043,0.10263601,0.11327754,0.12585215,0.10934317,0.119237535,0.124320425
2014-06-16 00:00:00,0.113651484,0.1146638,0.12286978,0.120372884,0.1334448,0.120493226,0.12627599,0.11171274,0.122377776,0.107621126,0.11565405,0.11710233,0.12891993,0.12563072,0.11369731
2014-07-16 12:00:00,0.12166931,0.12415699,0.118386626,0.13288286,0.13952509,0.1283495,0.12540348,0.123145744,0.12818076,0.12074276,0.12637128,0.1264971,0.13645624,0.1308354,0.12881927
2014-08-16 12:00:00,0.13945428,0.12530471,0.12422262,0.1350381,0.11206549,0.1251214,0.13091171,0.13629422,0.1292503,0.1244308,0.11333134,0.13886714,0.12774833,0.1366676,0.13266155
2014-09-16 00:00:00,0.15574013,0.15053894,0.1334638,0.12662117,0.15882048,0.1391435,0.14515966,0.12843713,0.14207408,0.124125145,0.1341108,0.12998185,0.14875671,0.13087733,0.1528049
2014-10-16 12:00:00,0.1493596,0.16115549,0.14061047,0.14033566,0.1330239,0.17625508,0.16625293,0.13109533,0.15873423,0.14519136,0.15465343,0.12730218,0.15017328,0.14032917,0.16952136
2014-11-16 00:00:00,0.1476903,0.1554236,0.15248425,0.15237752,0.17350835,0.17646731,0.15058063,0.15342076,0.17299993,0.16622008,0.14595227,0.16421385,0.15577543,0.15025178,0.15784632
2014-12-16 12:00:00,0.17652602,0.16082028,0.15588857,0.16403747,0.16905382,0.17276682,0.15056637,0.16525677,0.16288139,0.17451197,0.16090673,0.14711529,0.16623795,0.1533122,0.1606993
