time,r1i1p1f1,r4i1p1f1,r2i1p1f1,r3i1p1f1,r6i1p1f1,r5i1p1f1
1979-01-16 12:00:00,0.07837092,0.067724295,0.06192437,0.06848949,0.06942266,0.0692109
1979-02-15 00:00:00,0.050705202,0.07011602,0.058677662,0.05988852,0.076469734,0.06517838
1979-03-16 12:00:00,0.04573265,0.05553111,0.061490867,0.045070373,0.05482276,0.07165194
1979-04-16 00:00:00,0.04934251,0.052865263,0.05534707,0.043131344,0.051665504,0.046294935
1979-05-16 12:00:00,0.048980564,0.039793737,0.055682287,0.048472583,0.0540347,0.04762432
1979-06-16 00:00:00,0.037808005,0.046637498,0.043050267,0.06493316,0.056950565,0.05517704
1979-07-16 12:00:00,0.032349166,0.027458027,0.030946635,0.03118918,0.045792203,0.046100594
1979-08-16 12:00:00,0.03968539,0.036560845,0.053196654,0.03857577,0.035016675,0.043875553
1979-09-16 00:00:00,0.052859157,0.039713547,0.053469334,0.04698719,0.052624818,0.04640546
1979-10-16 12:00:00,0.06401988,0.04511177,0.05558238,0.047967065,0.0651113,0.05378942
1979-11-16 00:00:00,0.058776937,0.061841514,0.051694956,0.054518264,0.05474611,0.04404625
1979-12-16 12:00:00,0.0626039,0.07246754,0.05370109,0.08239318,0.05901785,0.06314299
1980-01-16 12:00:00,0.083419144,0.06585636,0.06556698,0.07967648,0.06284531,0.087174594
1980-02-15 12:00:00,0.08934376,0.06670752,0.07046971,0.06760713,0.07002332,0.064538285
1980-03-16 12:00:00,0.0694777,0.061785296,0.06546152,0.075205095,0.09851488,0.05805243
1980-04-16 00:00:00,0.05829269,0.0604738,0.050674327,0.053236075,0.05802511,0.05682794
1980-05-16 12:00:00,0.048416343,0.040337265,0.04593199,0.02516079,0.069662355,0.03799337
1980-06-16 00:00:00,0.04341639,0.056886733,0.03323872,0.03894976,0.04179455,0.05620465
1980-07-16 12:00:00,0.04040915,0.03405723,0.025590623,0.034054525,0.03621141,0.02737671
1980-08-16 12:00:00,0.03601885,0.027078815,0.027979782,0.072501495,0.032467607,0.051044933
1980-09-16 00:00:00,0.052311033,0.051695712,0.033493426,0.038048413,0.041946378,0.0361882
1980-10-16 12:00:00,0.055501845,0.037307113,0.06281822,0.054850675,0.08456863,0.060847543
1980-11-16 00:00:00,0.047812004,0.049711432,0.07729271,0.05311449,0.07295358,0.05036084
1980-12-16 12:00:00,0.045204412,0.06360923,0.052249882,0.063563354,0.05463876,0.063474745
1981-01-16 12:00:00,0.05704721,0.07083194,0.0644687,0.06380691,0.084690206,0.069579944
1981-02-15 00:00:00,0.057262365,0.09471346,0.047663465,0.07276544,0.058210395,0.06556912
1981-03-16 12:00:00,0.06917367,0.06568837,0.059192836,0.06685993,0.054760605,0.056872126
1981-04-16 00:00:00,0.055140838,0.04122424,0.053863134,0.04901803,0.040044345,0.050705906
1981-05-16 12:00:00,0.043557994,0.060739446,0.04044932,0.045146525,0.037221193,0.03968789
1981-06-16 00:00:00,0.050752383,0.06258459,0.034596093,0.04961555,0.039847087,0.034118243
1981-07-16 12:00:00,0.028634166,0.04798916,0.03241392,0.045059305,0.035944927,0.04000637
1981-08-16 12:00:00,0.030764906,0.03296696,0.033770118,0.034210887,0.049698647,0.024128757
1981-09-16 00:00:00,0.040852066,0.064551,0.049812723,0.045956284,0.04172096,0.055350997
1981-10-16 12:00:00,0.06785286,0.049529903,0.046576295,0.047640108,0.06339299,0.051491696
1981-11-16 00:00:00,0.054145627,0.056866392,0.04322542,0.042303175,0.054189723,0.06473638
1981-12-16 12:00:00,0.04801465,0.042288277,0.056129657,0.06240797,0.04997318,0.06968847
1982-01-16 12:00:00,0.061078187,0.078004815,0.05629798,0.07410221,0.06739018,0.0596886
1982-02-15 00:00:00,0.058727566,0.054463867,0.075356506,0.09883746,0.06433817,0.053281818
1982-03-16 12:00:00,0.048469543,0.04966202,0.057333883,0.057190288,0.074529566,0.06129758
1982-04-16 00:00:00,0.040381625,0.05190888,0.04886737,0.04735488,0.05182212,0.050056197
1982-05-16 12:00:00,0.045429356,0.037693806,0.047241703,0.044639647,0.049560484,0.05103356
1982-06-16 00:00:00,0.050916854,0.060695563,0.060781274,0.031219412,0.035805073,0.043046948
1982-07-16 12:00:00,0.05825019,0.04198396,0.042136595,0.033115327,0.03832807,0.028380869
1982-08-16 12:00:00,0.033967752,0.06515512,0.02771705,0.029349146,0.03748367,0.033223506
1982-09-16 00:00:00,0.045052525,0.046687048,0.036247607,0.034439225,0.033424105,0.03737666
1982-10-16 12:00:00,0.05855197,0.07299945,0.049730457,0.048942506,0.06298847,0.04156006
1982-11-16 00:00:00,0.047668524,0.06876199,0.053265408,0.05047061,0.053598393,0.062490676
1982-12-16 12:00:00,0.046514474,0.060216468,0.04899526,0.05081793,0.05413335,0.045207478
1983-01-16 12:00:00,0.050720517,0.064826064,0.109645054,0.06353556,0.061620537,0.06984736
1983-02-15 00:00:00,0.058439188,0.05176224,0.06668811,0.066524714,0.06900795,0.05736139
1983-03-16 12:00:00,0.060334902,0.06367192,0.06334363,0.05845707,0.048617925,0.049680866
1983-04-16 00:00:00,0.040159006,0.05209373,0.066064626,0.045266047,0.04621234,0.04942152
1983-05-16 12:00:00,0.047228947,0.04925473,0.045795064,0.042295564,0.03996403,0.040432148
1983-06-16 00:00:00,0.047664367,0.050929464,0.03614916,0.033044282,0.039993,0.03874816
1983-07-16 12:00:00,0.058697056,0.034692213,0.03506392,0.036489803,0.028654894,0.030608065
1983-08-16 12:00:00,0.03405678,0.07117409,0.02565296,0.028004626,0.059005365,0.045776468
1983-09-16 00:00:00,0.04643098,0.059720512,0.043456305,0.03402621,0.055012356,0.03789633
1983-10-16 12:00:00,0.05747449,0.060486108,0.04290963,0.050796088,0.07187093,0.054764017
1983-11-16 00:00:00,0.04502369,0.054846663,0.05611237,0.07400272,0.054292563,0.04929004
1983-12-16 12:00:00,0.053459235,0.049841348,0.08452127,0.04854548,0.06743596,0.060828924
1984-01-16 12:00:00,0.06383855,0.06355667,0.08488783,0.06529269,0.08048443,0.073610865
1984-02-15 12:00:00,0.068396755,0.077136256,0.06272751,0.06723877,0.07863077,0.053975847
1984-03-16 12:00:00,0.05355339,0.050854895,0.053859938,0.058937892,0.07189835,0.058334783
1984-04-16 00:00:00,0.06309567,0.051018633,0.06436119,0.054767232,0.0559271,0.048097294
1984-05-16 12:00:00,0.049177766,0.05024167,0.044975787,0.050993666,0.029059505,0.051104978
1984-06-16 00:00:00,0.041874584,0.050223365,0.04558594,0.046104446,0.0481954,0.061603136
1984-07-16 12:00:00,0.035466693,0.034136336,0.057641715,0.036953446,0.050326746,0.051352374
1984-08-16 12:00:00,0.031109545,0.0308111,0.028138446,0.029667418,0.03602732,0.04179562
1984-09-16 00:00:00,0.048262276,0.040248748,0.03821356,0.04066422,0.0443243,0.033334807
1984-10-16 12:00:00,0.050531134,0.05912399,0.03559693,0.04411896,0.050762307,0.058449365
1984-11-16 00:00:00,0.053326342,0.09269044,0.05301845,0.050492637,0.037491933,0.052403502
1984-12-16 12:00:00,0.06005584,0.070926815,0.067063384,0.0641728,0.0648792,0.06310271
1985-01-16 12:00:00,0.071040146,0.064332515,0.062136155,0.060115546,0.06586401,0.06540942
1985-02-15 00:00:00,0.063822396,0.07032217,0.07076616,0.054629657,0.06902459,0.053956673
1985-03-16 12:00:00,0.061658368,0.054633666,0.07879366,0.043651838,0.060422126,0.058662377
1985-04-16 00:00:00,0.051085155,0.054342285,0.05975195,0.04776715,0.055110496,0.045863062
1985-05-16 12:00:00,0.049599312,0.044084765,0.037858356,0.029978067,0.037125565,0.050122954
1985-06-16 00:00:00,0.030681498,0.06374084,0.03626667,0.045951698,0.060328066,0.042921
1985-07-16 12:00:00,0.038480368,0.07096458,0.029931387,0.052579936,0.03744694,0.031098539
1985-08-16 12:00:00,0.034844704,0.0640919,0.048609115,0.030803794,0.030152522,0.041020717
1985-09-16 00:00:00,0.052781157,0.07209835,0.054211047,0.04550424,0.041360427,0.03743896
1985-10-16 12:00:00,0.07024923,0.06474176,0.070076026,0.05857215,0.08013936,0.0509681
1985-11-16 00:00:00,0.070744894,0.058912,0.052121256,0.06411259,0.05726262,0.06829016
1985-12-16 12:00:00,0.068262756,0.05143068,0.075180344,0.06035116,0.057720125,0.061437525
1986-01-16 12:00:00,0.05200737,0.0643134,0.073317066,0.070526056,0.058552064,0.065845996
1986-02-15 00:00:00,0.059272893,0.06986248,0.07211635,0.087960556,0.0835907,0.06708923
1986-03-16 12:00:00,0.05957267,0.056703556,0.053960104,0.07317995,0.05963773,0.046503186
1986-04-16 00:00:00,0.06153201,0.053471316,0.046613034,0.053049557,0.045388415,0.04940074
1986-05-16 12:00:00,0.03323775,0.04315459,0.048349205,0.059308153,0.03292549,0.043582126
1986-06-16 00:00:00,0.04517569,0.055491235,0.051392052,0.049504198,0.051758856,0.040730383
1986-07-16 12:00:00,0.0440538,0.051364675,0.03049559,0.036770184,0.030284354,0.0415389
1986-08-16 12:00:00,0.024018176,0.031730887,0.034745626,0.028925972,0.037370596,0.05756682
1986-09-16 00:00:00,0.047490425,0.043901626,0.035799216,0.03541005,0.06197724,0.048995733
1986-10-16 12:00:00,0.05854418,0.06897351,0.059899937,0.04922228,0.051736347,0.049947787
1986-11-16 00:00:00,0.06616098,0.05510808,0.056694355,0.052005675,0.047043387,0.085191615
1986-12-16 12:00:00,0.0700155,0.05076731,0.072704,0.05347029,0.062353168,0.07437578
1987-01-16 12:00:00,0.07497239,0.07720486,0.06321848,0.05529998,0.05140105,0.062918425
1987-02-15 00:00:00,0.07091922,0.07164479,0.06895979,0.08533869,0.060036775,0.07267194
1987-03-16 12:00:00,0.05371101,0.049873933,0.054549817,0.08027312,0.04538272,0.05642858
1987-04-16 00:00:00,0.044810638,0.049230795,0.045698687,0.044461235,0.05178294,0.05550325
1987-05-16 12:00:00,0.03951642,0.035420608,0.048674814,0.047448415,0.035377067,0.043089144
1987-06-16 00:00:00,0.027578017,0.04327853,0.037387114,0.03831368,0.029743338,0.050971493
1987-07-16 12:00:00,0.028662112,0.035942253,0.03794117,0.033916093,0.031511646,0.049752742
1987-08-16 12:00:00,0.035403922,0.039669555,0.028228248,0.036756333,0.02674945,0.050221365
1987-09-16 00:00:00,0.031063505,0.03959262,0.04277244,0.051139235,0.05050119,0.04908617
1987-10-16 12:00:00,0.05182591,0.055994444,0.053996094,0.07230343,0.042071182,0.050937466
1987-11-16 00:00:00,0.062411968,0.039801717,0.04743692,0.065518014,0.06850408,0.04391123
1987-12-16 12:00:00,0.063850224,0.05371026,0.08522438,0.06371312,0.057827353,0.060240086
1988-01-16 12:00:00,0.060840186,0.06415069,0.06659448,0.06634966,0.057860967,0.06066042
1988-02-15 12:00:00,0.06515829,0.071762174,0.068557516,0.05628607,0.06341293,0.05134297
1988-03-16 12:00:00,0.061178487,0.06470036,0.053644955,0.05400233,0.048729923,0.05137963
1988-04-16 00:00:00,0.050353583,0.05966025,0.06451784,0.05148871,0.03835987,0.0508127
1988-05-16 12:00:00,0.034117457,0.04676235,0.04021159,0.0534856,0.030252935,0.05503746
1988-06-16 00:00:00,0.03386261,0.039771333,0.043776315,0.03545324,0.06346874,0.034809936
1988-07-16 12:00:00,0.031009937,0.058404054,0.043109603,0.033756226,0.051449668,0.03546404
1988-08-16 12:00:00,0.04993644,0.042408776,0.027270377,0.05233719,0.037980866,0.043471348
1988-09-16 00:00:00,0.067226745,0.054319818,0.039419916,0.057715733,0.044978317,0.04611909
1988-10-16 12:00:00,0.056001775,0.06389886,0.03804457,0.052845705,0.06184475,0.05596004
1988-11-16 00:00:00,0.05925201,0.06682561,0.056211904,0.06508333,0.05747236,0.074074574
1988-12-16 12:00:00,0.060432434,0.05660821,0.07200226,0.05095383,0.06610376,0.06392232
1989-01-16 12:00:00,0.053862646,0.08040296,0.05847114,0.058251686,0.060742557,0.06546822
1989-02-15 00:00:00,0.06960789,0.061368145,0.06662548,0.06403402,0.061254755,0.050099097
1989-03-16 12:00:00,0.07011508,0.07142187,0.054159313,0.05647152,0.055189546,0.056072906
1989-04-16 00:00:00,0.034298882,0.056592796,0.056381244,0.05756564,0.05116218,0.04063705
1989-05-16 12:00:00,0.05622845,0.054591604,0.033781864,0.045528,0.053351466,0.031464558
1989-06-16 00:00:00,0.065740995,0.03946265,0.031002183,0.037480354,0.041841943,0.040771306
1989-07-16 12:00:00,0.04147782,0.03755001,0.032449666,0.028912596,0.041379426,0.041572075
1989-08-16 12:00:00,0.031648688,0.03803986,0.04275188,0.03833788,0.040690552,0.026899353
1989-09-16 00:00:00,0.04083751,0.043702763,0.052920435,0.03936939,0.048704494,0.039516225
1989-10-16 12:00:00,0.061502412,0.07044508,0.052696615,0.06513802,0.034001697,0.056225814
1989-11-16 00:00:00,0.056529187,0.07317933,0.047020853,0.055564336,0.06689556,0.04200817
1989-12-16 12:00:00,0.051312655,0.0536215,0.03903462,0.06891225,0.058077488,0.06662948
1990-01-16 12:00:00,0.067436256,0.07714838,0.042199478,0.0664117,0.065417685,0.048031915
1990-02-15 00:00:00,0.07420812,0.07053889,0.06475676,0.07113008,0.057719577,0.06630973
1990-03-16 12:00:00,0.052343357,0.054738313,0.048039194,0.06869837,0.07333088,0.04599643
1990-04-16 00:00:00,0.051012754,0.054607898,0.046203807,0.04557721,0.03899402,0.05287451
1990-05-16 12:00:00,0.041453447,0.055072043,0.036890924,0.029770482,0.03904338,0.033871245
1990-06-16 00:00:00,0.057404406,0.04144742,0.032290284,0.047983617,0.052777704,0.048081674
1990-07-16 12:00:00,0.02570231,0.04326076,0.029924087,0.03099129,0.042502444,0.028511116
1990-08-16 12:00:00,0.02909702,0.03189588,0.05306136,0.042787947,0.034026533,0.029355612
1990-09-16 00:00:00,0.04938949,0.050243434,0.044134025,0.051043514,0.043064825,0.042718105
1990-10-16 12:00:00,0.049746227,0.061551064,0.06392889,0.05052173,0.05045479,0.05428299
1990-11-16 00:00:00,0.044605397,0.050151665,0.04788022,0.05370409,0.04374489,0.052384738
1990-12-16 12:00:00,0.053155806,0.057187382,0.052944947,0.078310154,0.072201215,0.053299736
1991-01-16 12:00:00,0.07853204,0.05824874,0.06605735,0.075670324,0.08116139,0.06262951
1991-02-15 00:00:00,0.07150986,0.046348594,0.068506785,0.06731316,0.062023256,0.059241425
1991-03-16 12:00:00,0.059894484,0.05740456,0.047309384,0.055143118,0.04634541,0.06328446
1991-04-16 00:00:00,0.05516107,0.058428843,0.03962163,0.044122115,0.0433445,0.055788103
1991-05-16 12:00:00,0.04448028,0.0653901,0.03999142,0.044043954,0.05332595,0.034569092
1991-06-16 00:00:00,0.03971884,0.06045302,0.03824492,0.062181026,0.039995752,0.035115477
1991-07-16 12:00:00,0.027490078,0.04417477,0.031131348,0.04313649,0.02971016,0.03264659
1991-08-16 12:00:00,0.04115869,0.050227504,0.03170365,0.04261199,0.045768682,0.032965083
1991-09-16 00:00:00,0.03576648,0.046590343,0.04511981,0.04541923,0.047445465,0.048018005
1991-10-16 12:00:00,0.04875156,0.056603797,0.06897765,0.05501406,0.036592472,0.04146587
1991-11-16 00:00:00,0.07627773,0.053436,0.06075294,0.06996174,0.05346915,0.05250499
1991-12-16 12:00:00,0.065416776,0.07045152,0.04894023,0.06421449,0.07014013,0.04254064
1992-01-16 12:00:00,0.07079523,0.07301355,0.056511924,0.078200795,0.06535709,0.06736801
1992-02-15 12:00:00,0.07377228,0.06394984,0.077149555,0.065632045,0.06350909,0.06742663
1992-03-16 12:00:00,0.048506584,0.0654978,0.06161373,0.06082124,0.05555015,0.06396629
1992-04-16 00:00:00,0.050278198,0.05570304,0.050663024,0.05890787,0.042620122,0.05503259
1992-05-16 12:00:00,0.05211545,0.03414632,0.044640932,0.05793902,0.06854587,0.03850692
1992-06-16 00:00:00,0.051567566,0.068809405,0.04266778,0.049991094,0.03685807,0.05325375
1992-07-16 12:00:00,0.041704487,0.06162372,0.03445726,0.042214982,0.033017624,0.05147358
1992-08-16 12:00:00,0.034759127,0.028215315,0.045205228,0.030659337,0.030741462,0.028125675
1992-09-16 00:00:00,0.050252665,0.06193572,0.03562926,0.044101235,0.059452176,0.03754654
1992-10-16 12:00:00,0.041926976,0.042815067,0.046472292,0.05641838,0.050972775,0.060468536
1992-11-16 00:00:00,0.066350915,0.040225953,0.05951002,0.054743104,0.05564194,0.06147836
1992-12-16 12:00:00,0.060778964,0.066078156,0.06194501,0.06314258,0.06470392,0.062291455
1993-01-16 12:00:00,0.06330815,0.06284437,0.07626212,0.07777803,0.05349389,0.0617242
1993-02-15 00:00:00,0.06277584,0.06540937,0.06582009,0.07369638,0.06950904,0.06339297
1993-03-16 12:00:00,0.062570326,0.07814988,0.09037535,0.069068894,0.054366056,0.051361702
1993-04-16 00:00:00,0.04784159,0.0597144,0.049553238,0.06332661,0.05185624,0.051310826
1993-05-16 12:00:00,0.04248748,0.042446926,0.036294367,0.063056864,0.039049927,0.04139833
1993-06-16 00:00:00,0.04217737,0.041119717,0.034187324,0.04121392,0.047551934,0.0345916
1993-07-16 12:00:00,0.048101995,0.036670856,0.029682467,0.03246815,0.03604011,0.03498263
1993-08-16 12:00:00,0.054161347,0.030761737,0.032724693,0.031498913,0.029459095,0.051210728
1993-09-16 00:00:00,0.05581476,0.04344255,0.04742649,0.040914673,0.032548886,0.028627018
1993-10-16 12:00:00,0.046925303,0.06480509,0.06535927,0.041123595,0.060662746,0.05271348
1993-11-16 00:00:00,0.046158344,0.06868666,0.060140472,0.04167362,0.037100356,0.06985295
1993-12-16 12:00:00,0.055332147,0.081738114,0.07218977,0.050878834,0.046679888,0.06344993
1994-01-16 12:00:00,0.062496573,0.08056172,0.0721789,0.059641365,0.060750373,0.06172411
1994-02-15 00:00:00,0.07299846,0.07837217,0.06143724,0.061488286,0.05985897,0.058196977
1994-03-16 12:00:00,0.05680405,0.06196297,0.06047879,0.060392868,0.05193157,0.047987383
1994-04-16 00:00:00,0.05544397,0.061537426,0.04480135,0.038555123,0.0461464,0.052393164
1994-05-16 12:00:00,0.03521968,0.05732328,0.034509763,0.037018996,0.042124614,0.041190498
1994-06-16 00:00:00,0.04238185,0.03797273,0.041950088,0.044855177,0.038097676,0.033204563
1994-07-16 12:00:00,0.03630117,0.0331365,0.0320945,0.037241276,0.047032762,0.03318738
1994-08-16 12:00:00,0.025001597,0.02720797,0.036773924,0.036388393,0.03210411,0.031235306
1994-09-16 00:00:00,0.049206037,0.0403593,0.033494473,0.031980492,0.05827726,0.03391371
1994-10-16 12:00:00,0.05009714,0.0595857,0.04516637,0.079351515,0.054533046,0.041303556
1994-11-16 00:00:00,0.042888455,0.055563763,0.055015244,0.06497613,0.05050039,0.049829654
1994-12-16 12:00:00,0.054734383,0.06481475,0.06746338,0.059143987,0.06498899,0.051874742
1995-01-16 12:00:00,0.061075665,0.05450778,0.053815037,0.060367472,0.09227313,0.05252352
1995-02-15 00:00:00,0.05720726,0.054074425,0.048769396,0.07275211,0.05479434,0.07353277
1995-03-16 12:00:00,0.062549286,0.056659088,0.06166812,0.0523005,0.060924876,0.07021351
1995-04-16 00:00:00,0.05705549,0.05944901,0.061965965,0.052608922,0.03973242,0.051637515
1995-05-16 12:00:00,0.035857372,0.03781519,0.04447818,0.04630168,0.03647035,0.050915655
1995-06-16 00:00:00,0.04028731,0.05369707,0.042697873,0.032616995,0.048079636,0.0422338
1995-07-16 12:00:00,0.03453922,0.029581638,0.030190634,0.027879627,0.031499762,0.02760096
1995-08-16 12:00:00,0.02994637,0.03304876,0.028227316,0.023047453,0.031031784,0.021869868
1995-09-16 00:00:00,0.05007886,0.050289713,0.04035146,0.039236963,0.04032515,0.025736876
1995-10-16 12:00:00,0.0684425,0.0537847,0.060764436,0.043541852,0.05893425,0.05156751
1995-11-16 00:00:00,0.037977528,0.052950293,0.05281804,0.068173885,0.04688594,0.037149154
1995-12-16 12:00:00,0.07552596,0.07504802,0.05730293,0.056301277,0.05429802,0.051698502
1996-01-16 12:00:00,0.064922005,0.05601866,0.050326854,0.07604488,0.07961888,0.058709066
1996-02-15 12:00:00,0.06446092,0.058091648,0.060081605,0.052508686,0.058339976,0.072438896
1996-03-16 12:00:00,0.06272335,0.045004185,0.057762507,0.054730482,0.055213988,0.062224522
1996-04-16 00:00:00,0.05059417,0.060678113,0.037423525,0.052137464,0.06325388,0.043893214
1996-05-16 12:00:00,0.040415578,0.040277388,0.028089177,0.045761958,0.03717558,0.04495567
1996-06-16 00:00:00,0.04190094,0.058760617,0.03687122,0.062435098,0.0391888,0.040391322
1996-07-16 12:00:00,0.03965349,0.038581997,0.027629614,0.05059692,0.023969889,0.033577878
1996-08-16 12:00:00,0.04229108,0.036923848,0.036125965,0.039859626,0.037614062,0.043783788
1996-09-16 00:00:00,0.044242464,0.052641515,0.0493216,0.039079484,0.034605704,0.05664404
1996-10-16 12:00:00,0.06520458,0.061232515,0.051686533,0.07097317,0.03636121,0.052371286
1996-11-16 00:00:00,0.05327265,0.043339014,0.04822882,0.049158968,0.048965134,0.05049132
1996-12-16 12:00:00,0.05708146,0.07062538,0.049711797,0.057888977,0.079691425,0.04175335
1997-01-16 12:00:00,0.08462439,0.055381652,0.061411403,0.061591495,0.06211529,0.066573314
1997-02-15 00:00:00,0.069597475,0.068397775,0.07126553,0.0743904,0.056864046,0.06345611
1997-03-16 12:00:00,0.044567816,0.05281004,0.055029433,0.047705203,0.066155106,0.056475263
1997-04-16 00:00:00,0.046621878,0.04862817,0.06515328,0.047044955,0.06723795,0.042859696
1997-05-16 12:00:00,0.037476443,0.0344415,0.03792147,0.053798947,0.056512546,0.035174243
1997-06-16 00:00:00,0.041838434,0.04827916,0.04038345,0.041621365,0.06938576,0.036671363
1997-07-16 12:00:00,0.038794953,0.06334186,0.03934084,0.03330488,0.045301434,0.04668554
1997-08-16 12:00:00,0.038080048,0.0441817,0.035195433,0.047155708,0.040648617,0.024096964
1997-09-16 00:00:00,0.060765844,0.05443551,0.048152365,0.041097555,0.05454585,0.031561848
1997-10-16 12:00:00,0.0706945,0.064011164,0.052483127,0.045805592,0.04894026,0.06485385
1997-11-16 00:00:00,0.063931495,0.055156104,0.04336269,0.060012754,0.06215282,0.066355415
1997-12-16 12:00:00,0.050018582,0.06663973,0.06561496,0.060216296,0.04175482,0.068364084
1998-01-16 12:00:00,0.06320485,0.059301965,0.07246692,0.06174983,0.06499378,0.054271873
1998-02-15 00:00:00,0.075048536,0.06471828,0.049631245,0.084313296,0.06177346,0.08050274
1998-03-16 12:00:00,0.06063907,0.052812047,0.04849687,0.049063336,0.07789122,0.082852155
1998-04-16 00:00:00,0.058484357,0.051971365,0.044398885,0.053893887,0.05560709,0.04588658
1998-05-16 12:00:00,0.041756406,0.04120336,0.043573264,0.059089307,0.044972975,0.036201462
1998-06-16 00:00:00,0.041672245,0.02960611,0.0464443,0.04762068,0.053245503,0.04127498
1998-07-16 12:00:00,0.037684027,0.028384415,0.026894504,0.039076418,0.030844755,0.033843316
1998-08-16 12:00:00,0.030055102,0.02983743,0.04053926,0.049114548,0.034708615,0.03255954
1998-09-16 00:00:00,0.07859494,0.05504116,0.038813718,0.032033294,0.039971292,0.043649603
1998-10-16 12:00:00,0.07578648,0.049460176,0.060520485,0.040497657,0.060190134,0.052455597
1998-11-16 00:00:00,0.03985708,0.04961353,0.048330765,0.03877129,0.05496897,0.08112469
1998-12-16 12:00:00,0.07373713,0.05707093,0.041888747,0.065441206,0.050862845,0.05459938
1999-01-16 12:00:00,0.09355965,0.065091655,0.06287976,0.06800331,0.060480524,0.07363593
1999-02-15 00:00:00,0.06201878,0.0827031,0.076650724,0.07702633,0.06305734,0.0760883
1999-03-16 12:00:00,0.061275147,0.06601675,0.057224873,0.0575265,0.060500465,0.05067631
1999-04-16 00:00:00,0.04290147,0.06739724,0.056757424,0.059593737,0.047628183,0.06084051
1999-05-16 12:00:00,0.04091085,0.061326336,0.038997702,0.052387822,0.031186165,0.034473933
1999-06-16 00:00:00,0.024942663,0.033540282,0.05870654,0.0464566,0.047878772,0.03866204
1999-07-16 12:00:00,0.032272667,0.039399955,0.032002848,0.035518777,0.045441166,0.03745602
1999-08-16 12:00:00,0.04502868,0.032327376,0.036446568,0.036072433,0.03821489,0.03274627
1999-09-16 00:00:00,0.042374086,0.028177658,0.05760125,0.04533554,0.04166835,0.052280385
1999-10-16 12:00:00,0.04794285,0.08862021,0.0632827,0.06256982,0.045491144,0.035863515
1999-11-16 00:00:00,0.042809438,0.057087798,0.07811286,0.044459857,0.052405417,0.042158242
1999-12-16 12:00:00,0.06636022,0.04483748,0.054805607,0.05209297,0.048087582,0.062565304
2000-01-16 12:00:00,0.07920715,0.08106952,0.06346621,0.05858701,0.07080885,0.06656873
2000-02-15 12:00:00,0.0666108,0.061210837,0.069670625,0.055237904,0.061669867,0.05461396
2000-03-16 12:00:00,0.053544827,0.04792563,0.046536032,0.053248845,0.04915097,0.059587058
2000-04-16 00:00:00,0.048880022,0.041658387,0.050075397,0.03757259,0.046909697,0.040614124
2000-05-16 12:00:00,0.028479747,0.03613908,0.058210168,0.045800302,0.054817386,0.033145282
2000-06-16 00:00:00,0.04317349,0.056166142,0.048822515,0.06933495,0.028336512,0.055602595
2000-07-16 12:00:00,0.03482685,0.034071673,0.03575648,0.06775383,0.0380174,0.035107907
2000-08-16 12:00:00,0.030140178,0.03513351,0.03263572,0.044706974,0.030006403,0.032382436
2000-09-16 00:00:00,0.037242748,0.04675951,0.039106064,0.036042195,0.05484372,0.03366547
2000-10-16 12:00:00,0.035442065,0.05723077,0.054583944,0.04392845,0.04703752,0.047777697
2000-11-16 00:00:00,0.054918304,0.04864241,0.045512386,0.062200416,0.067187384,0.04007102
2000-12-16 12:00:00,0.052442193,0.068071775,0.07321437,0.06535157,0.041300274,0.045589335
2001-01-16 12:00:00,0.084352575,0.070473365,0.07492562,0.05620349,0.07708719,0.075415805
2001-02-15 00:00:00,0.054695386,0.05713533,0.05534272,0.06075062,0.051955596,0.05689355
2001-03-16 12:00:00,0.040881928,0.05408012,0.058396768,0.06421667,0.052422557,0.06720489
2001-04-16 00:00:00,0.042425003,0.056128908,0.06070395,0.052785475,0.037422508,0.04520003
2001-05-16 12:00:00,0.028747516,0.056096327,0.041184936,0.05845874,0.04883224,0.04108792
2001-06-16 00:00:00,0.042165402,0.032814857,0.03832958,0.04463475,0.041608237,0.06296697
2001-07-16 12:00:00,0.048371408,0.033410564,0.031892497,0.035497807,0.033970598,0.05010045
2001-08-16 12:00:00,0.041882034,0.040443413,0.026261592,0.025202954,0.03757132,0.040860515
2001-09-16 00:00:00,0.042257436,0.045759037,0.056200024,0.05318455,0.04274983,0.04904176
2001-10-16 12:00:00,0.054962695,0.050567597,0.06847495,0.05426448,0.0676858,0.056047514
2001-11-16 00:00:00,0.047450997,0.04161301,0.046332873,0.06515909,0.05956255,0.06402116
2001-12-16 12:00:00,0.044310328,0.05154025,0.1009183,0.06436052,0.060954906,0.0512335
2002-01-16 12:00:00,0.07475339,0.06298195,0.057198986,0.06409495,0.077888094,0.057238918
2002-02-15 00:00:00,0.060938504,0.07369727,0.05690457,0.07117254,0.073360845,0.09735472
2002-03-16 12:00:00,0.06792099,0.061706837,0.0509633,0.05131572,0.07620352,0.04658582
2002-04-16 00:00:00,0.059636727,0.04347859,0.05113772,0.049670458,0.0436851,0.055531234
2002-05-16 12:00:00,0.042388465,0.04545535,0.049285375,0.03804512,0.04578826,0.048139594
2002-06-16 00:00:00,0.043426447,0.048838615,0.047015514,0.04320874,0.03964244,0.04353785
2002-07-16 12:00:00,0.029485814,0.03425806,0.02672893,0.03402588,0.027492706,0.032345872
2002-08-16 12:00:00,0.04126034,0.033863105,0.039076492,0.035450466,0.02725509,0.032692965
2002-09-16 00:00:00,0.055055767,0.038102265,0.035739295,0.036602292,0.032225635,0.035513956
2002-10-16 12:00:00,0.064550705,0.046127733,0.040430073,0.042300653,0.06638849,0.06252632
2002-11-16 00:00:00,0.053647183,0.049603637,0.053319182,0.050682567,0.061589345,0.054725975
2002-12-16 12:00:00,0.06825159,0.054279055,0.051026426,0.06657516,0.06196491,0.068843655
2003-01-16 12:00:00,0.065568,0.049728114,0.063298374,0.05142907,0.070837565,0.051579624
2003-02-15 00:00:00,0.066579334,0.07766337,0.06423772,0.05179281,0.091349855,0.054715253
2003-03-16 12:00:00,0.060734883,0.09189493,0.060617812,0.06982971,0.0664284,0.07269796
2003-04-16 00:00:00,0.048071966,0.062311605,0.070826374,0.045120988,0.05134187,0.05616653
2003-05-16 12:00:00,0.04252589,0.047710434,0.04005013,0.049358163,0.055648938,0.039650306
2003-06-16 00:00:00,0.041351937,0.07041146,0.07487976,0.04729518,0.04422142,0.04835188
2003-07-16 12:00:00,0.055844627,0.06320626,0.03481455,0.047461744,0.032226734,0.046179682
2003-08-16 12:00:00,0.0394302,0.06301757,0.025361944,0.05508008,0.032969765,0.025804134
2003-09-16 00:00:00,0.037175033,0.09227979,0.036055237,0.042968865,0.036591534,0.036384482
2003-10-16 12:00:00,0.06707023,0.06676917,0.066145696,0.03468657,0.06405187,0.04320295
2003-11-16 00:00:00,0.060755458,0.060290337,0.054825913,0.049865503,0.088699825,0.048896454
2003-12-16 12:00:00,0.061252832,0.04590931,0.06020386,0.07129735,0.0604077,0.07380006
2004-01-16 12:00:00,0.08858081,0.051635213,0.06378633,0.0711927,0.08688687,0.062185347
2004-02-15 12:00:00,0.078721695,0.06603384,0.065277435,0.05906255,0.06385865,0.06983349
2004-03-16 12:00:00,0.06399767,0.061824843,0.069011785,0.055433877,0.05155545,0.07014068
2004-04-16 00:00:00,0.058374375,0.05947658,0.057052907,0.058463573,0.03834241,0.069790564
2004-05-16 12:00:00,0.04329402,0.043961674,0.04282914,0.034190074,0.033145435,0.03672212
2004-06-16 00:00:00,0.0336511,0.043854862,0.040541157,0.035556063,0.044828855,0.0489054
2004-07-16 12:00:00,0.04058071,0.03611018,0.03180882,0.044537216,0.027245069,0.033257835
2004-08-16 12:00:00,0.03918843,0.039985422,0.026411673,0.039471086,0.037652716,0.031635188
2004-09-16 00:00:00,0.043595027,0.057378076,0.052377384,0.02777963,0.03813825,0.032441135
2004-10-16 12:00:00,0.054692093,0.06558764,0.076908626,0.040917344,0.041100696,0.07143495
2004-11-16 00:00:00,0.05675055,0.0718394,0.05348315,0.051466458,0.06470197,0.07594787
2004-12-16 12:00:00,0.045996726,0.050256472,0.0644257,0.07086316,0.05156352,0.06366631
2005-01-16 12:00:00,0.09438598,0.080375046,0.0648781,0.07847103,0.069222555,0.06341716
2005-02-15 00:00:00,0.06740152,0.06721288,0.08014556,0.05169119,0.07811307,0.052041523
2005-03-16 12:00:00,0.04860191,0.05880108,0.065216206,0.05173067,0.062279265,0.05454584
2005-04-16 00:00:00,0.03399718,0.06945478,0.055379085,0.064466245,0.070234336,0.06682093
2005-05-16 12:00:00,0.04884918,0.043274235,0.040063463,0.053918526,0.039514206,0.03509773
2005-06-16 00:00:00,0.036725633,0.04169373,0.061062764,0.03786978,0.038650446,0.03809184
2005-07-16 12:00:00,0.030028831,0.029501949,0.029704278,0.044845823,0.025266368,0.03149151
2005-08-16 12:00:00,0.035490494,0.037041537,0.030641641,0.03141991,0.038019314,0.02955129
2005-09-16 00:00:00,0.05095811,0.03856512,0.04879675,0.048156686,0.03698187,0.039492678
2005-10-16 12:00:00,0.07957981,0.0606124,0.0591902,0.053966045,0.04357029,0.0384036
2005-11-16 00:00:00,0.041396555,0.054042157,0.053969547,0.059675127,0.046476446,0.05517311
2005-12-16 12:00:00,0.052203134,0.06410359,0.06990534,0.05069572,0.090047136,0.06399147
2006-01-16 12:00:00,0.06605327,0.06739778,0.06447596,0.10181322,0.062182937,0.058817912
2006-02-15 00:00:00,0.05843345,0.084880695,0.06501885,0.057038836,0.05069584,0.08046074
2006-03-16 12:00:00,0.057659023,0.06359359,0.07745028,0.045410063,0.07218443,0.05139969
2006-04-16 00:00:00,0.04631825,0.050180938,0.057707768,0.051468674,0.06443329,0.04113593
2006-05-16 12:00:00,0.049055796,0.041191313,0.056568194,0.044486802,0.03347698,0.040829044
2006-06-16 00:00:00,0.048314065,0.056070425,0.047936462,0.06325615,0.045331065,0.045877606
2006-07-16 12:00:00,0.04083009,0.03468745,0.033120137,0.03317145,0.045135852,0.03352769
2006-08-16 12:00:00,0.037311744,0.03203936,0.033492904,0.041679088,0.02499194,0.02485969
2006-09-16 00:00:00,0.04211822,0.03431703,0.032215204,0.040917404,0.03566838,0.06541092
2006-10-16 12:00:00,0.051909547,0.03398972,0.057853054,0.03556418,0.03855471,0.064569674
2006-11-16 00:00:00,0.05742355,0.04546367,0.053979468,0.061293058,0.063788734,0.04812017
2006-12-16 12:00:00,0.04174863,0.08378622,0.066358924,0.047691192,0.059742805,0.048482437
2007-01-16 12:00:00,0.061581444,0.048840005,0.08148762,0.06359856,0.055102434,0.05991114
2007-02-15 00:00:00,0.055703312,0.06477424,0.051173758,0.06278846,0.049975835,0.06387062
2007-03-16 12:00:00,0.047522373,0.06864935,0.04648969,0.061189067,0.057108678,0.05349486
2007-04-16 00:00:00,0.06628453,0.05256913,0.030809008,0.043849234,0.049138814,0.05014432
2007-05-16 12:00:00,0.05032017,0.05121744,0.044970408,0.040935665,0.043012667,0.046347123
2007-06-16 00:00:00,0.036732543,0.03634312,0.058671724,0.041196957,0.042708524,0.04369343
2007-07-16 12:00:00,0.027431143,0.035556935,0.031031976,0.028582806,0.028882056,0.03268004
2007-08-16 12:00:00,0.03728972,0.027836483,0.036437668,0.029312935,0.01800028,0.042134646
2007-09-16 00:00:00,0.04677718,0.04469017,0.031405993,0.047540635,0.032854326,0.04382303
2007-10-16 12:00:00,0.057975713,0.04907437,0.07083859,0.060670316,0.046886135,0.042787783
2007-11-16 00:00:00,0.056193862,0.056853198,0.057256293,0.056332123,0.047405224,0.043331668
2007-12-16 12:00:00,0.06775749,0.06609009,0.0796753,0.05132464,0.056502584,0.048295192
2008-01-16 12:00:00,0.061830953,0.069308385,0.078068,0.06106074,0.05562903,0.06888249
2008-02-15 12:00:00,0.06867205,0.06557409,0.08166691,0.06767179,0.051818833,0.07484559
2008-03-16 12:00:00,0.06641936,0.06372254,0.058067102,0.051957738,0.055800334,0.05813685
2008-04-16 00:00:00,0.04594128,0.04591118,0.047547158,0.046615668,0.04277138,0.05287186
2008-05-16 12:00:00,0.055798113,0.06141374,0.051906668,0.04910471,0.04751644,0.039837893
2008-06-16 00:00:00,0.04503351,0.038430993,0.040238947,0.046262693,0.060537063,0.049856603
2008-07-16 12:00:00,0.038694605,0.030520238,0.036630835,0.0568838,0.049758647,0.050197687
2008-08-16 12:00:00,0.040369984,0.030180061,0.041438386,0.057801295,0.020588065,0.03665026
2008-09-16 00:00:00,0.060972705,0.053613197,0.031247042,0.05547084,0.040132917,0.03183346
2008-10-16 12:00:00,0.042368393,0.07361151,0.045368303,0.056070466,0.071054034,0.04737452
2008-11-16 00:00:00,0.06564859,0.042809937,0.058786348,0.04317167,0.0487795,0.055440772
2008-12-16 12:00:00,0.07432323,0.05695912,0.048266634,0.044121407,0.067610875,0.04917062
2009-01-16 12:00:00,0.051207367,0.075027205,0.07700722,0.052522242,0.06640607,0.066059396
2009-02-15 00:00:00,0.056861307,0.06047293,0.065919794,0.06382333,0.06995001,0.056153096
2009-03-16 12:00:00,0.07005315,0.05078015,0.050914377,0.046000004,0.055990327,0.06134483
2009-04-16 00:00:00,0.04766023,0.04506956,0.04001448,0.048560426,0.056530174,0.04175022
2009-05-16 12:00:00,0.0509966,0.059192594,0.04415224,0.035721518,0.057054184,0.038148098
2009-06-16 00:00:00,0.031953897,0.041146945,0.046861924,0.05503926,0.034696687,0.052039623
2009-07-16 12:00:00,0.036881536,0.04054215,0.04167121,0.03342448,0.028668942,0.0369443
2009-08-16 12:00:00,0.029114174,0.03405815,0.0408551,0.045332864,0.02488934,0.032922387
2009-09-16 00:00:00,0.04364331,0.038244,0.054005217,0.038507394,0.03270402,0.057364885
2009-10-16 12:00:00,0.043115493,0.050237667,0.03879453,0.055104095,0.0423591,0.049484864
2009-11-16 00:00:00,0.055365972,0.04429824,0.057430763,0.042999882,0.06813048,0.050812
2009-12-16 12:00:00,0.055457573,0.06212775,0.073727906,0.049676318,0.065120056,0.04733825
2010-01-16 12:00:00,0.05952209,0.06037511,0.052595224,0.05679887,0.056410108,0.070469156
2010-02-15 00:00:00,0.07787178,0.08308231,0.06758137,0.06202044,0.053669788,0.08417413
2010-03-16 12:00:00,0.05808109,0.05222437,0.067514464,0.05309826,0.05836797,0.054633323
2010-04-16 00:00:00,0.054292522,0.046635687,0.04882495,0.03764024,0.044130474,0.043285973
2010-05-16 12:00:00,0.04827714,0.048526205,0.030546974,0.06061178,0.044922948,0.04964135
2010-06-16 00:00:00,0.05992105,0.055805467,0.04375934,0.050445046,0.054437775,0.06437205
2010-07-16 12:00:00,0.048426095,0.033347446,0.026167104,0.02996014,0.029477209,0.03517005
2010-08-16 12:00:00,0.05367284,0.04220495,0.034117233,0.03172222,0.029108474,0.02783344
2010-09-16 00:00:00,0.041394167,0.04636177,0.05007709,0.047287337,0.05236332,0.03813214
2010-10-16 12:00:00,0.06818583,0.0456927,0.034177043,0.04119178,0.054003675,0.058800843
2010-11-16 00:00:00,0.05892171,0.061547346,0.03961815,0.04655649,0.037729546,0.05343534
2010-12-16 12:00:00,0.059484206,0.070757225,0.0627569,0.058417935,0.055015955,0.051499568
2011-01-16 12:00:00,0.07735813,0.09122063,0.053835772,0.052488036,0.079146944,0.07409983
2011-02-15 00:00:00,0.07520344,0.055497475,0.056396645,0.065637074,0.057613492,0.06367345
2011-03-16 12:00:00,0.060522504,0.055936214,0.05463347,0.057140186,0.045716733,0.045477986
2011-04-16 00:00:00,0.054880694,0.053205725,0.060189757,0.0638068,0.057995506,0.04754757
2011-05-16 12:00:00,0.040041212,0.04600104,0.04358072,0.04984618,0.044528738,0.051144686
2011-06-16 00:00:00,0.044032,0.034006126,0.059540156,0.053254534,0.062083177,0.053690568
2011-07-16 12:00:00,0.024918351,0.03130081,0.028962653,0.033480164,0.041733105,0.043094154
2011-08-16 12:00:00,0.030140672,0.028932141,0.024344001,0.03513884,0.046817426,0.037871026
2011-09-16 00:00:00,0.03965135,0.034705482,0.03405888,0.049699455,0.042011023,0.039585825
2011-10-16 12:00:00,0.047036696,0.06780772,0.06336338,0.0541852,0.044861026,0.04164912
2011-11-16 00:00:00,0.049722556,0.07157609,0.03547103,0.06765642,0.057260707,0.0578578
2011-12-16 12:00:00,0.04929716,0.056282837,0.061399136,0.07710579,0.05539365,0.05412495
2012-01-16 12:00:00,0.06979607,0.059355095,0.049769923,0.065381564,0.06552636,0.05895036
2012-02-15 12:00:00,0.055565033,0.08171193,0.064658865,0.07697741,0.05703417,0.056409232
2012-03-16 12:00:00,0.068976656,0.0678611,0.051369034,0.061439056,0.050450966,0.06037759
2012-04-16 00:00:00,0.055708792,0.05563925,0.0413899,0.04868482,0.047750335,0.050665174
2012-05-16 12:00:00,0.05668145,0.06323446,0.048955318,0.03359671,0.0473011,0.055642802
2012-06-16 00:00:00,0.06922435,0.054140095,0.033834826,0.039439738,0.041890394,0.07242877
2012-07-16 12:00:00,0.022733297,0.03906539,0.029093185,0.049333915,0.03745032,0.031016275
2012-08-16 12:00:00,0.02965967,0.034292176,0.03202223,0.038169626,0.031289037,0.07015035
2012-09-16 00:00:00,0.033424627,0.08584874,0.033017516,0.041819766,0.029704086,0.042803716
2012-10-16 12:00:00,0.07178934,0.086650744,0.044752505,0.06217123,0.060106948,0.06489563
2012-11-16 00:00:00,0.05937037,0.0750017,0.04732512,0.0471698,0.07055579,0.047986217
2012-12-16 12:00:00,0.06275724,0.06770429,0.06457306,0.05620058,0.06773138,0.06493285
2013-01-16 12:00:00,0.06719308,0.08628648,0.055118643,0.06396634,0.070554964,0.07086635
2013-02-15 00:00:00,0.06876027,0.07993127,0.06315613,0.077407464,0.0713168,0.048766702
2013-03-16 12:00:00,0.071169816,0.058080718,0.0452352,0.07458311,0.04649631,0.06255121
2013-04-16 00:00:00,0.041574907,0.046801172,0.043366686,0.047167774,0.05465952,0.05707268
2013-05-16 12:00:00,0.05992383,0.053131517,0.03765154,0.058938697,0.041955303,0.052729152
2013-06-16 00:00:00,0.061419368,0.039851215,0.043830104,0.060240157,0.06345366,0.040149838
2013-07-16 12:00:00,0.033070873,0.042467408,0.029911546,0.036152694,0.031089766,0.029394768
2013-08-16 12:00:00,0.039200522,0.03722965,0.030976228,0.027010188,0.039278705,0.03500392
2013-09-16 00:00:00,0.0320411,0.028551659,0.030628633,0.04589479,0.04130974,0.029968875
2013-10-16 12:00:00,0.054181565,0.06705326,0.05247402,0.047895014,0.07873409,0.041160602
2013-11-16 00:00:00,0.06848564,0.050182853,0.055675287,0.059061226,0.046185534,0.07173242
2013-12-16 12:00:00,0.06839796,0.06745698,0.063482516,0.05045663,0.06467075,0.047567427
2014-01-16 12:00:00,0.06361907,0.07836109,0.06167884,0.08295604,0.05497161,0.08156036
2014-02-15 00:00:00,0.07082056,0.051453203,0.06999945,0.0580524,0.068183035,0.063062206
2014-03-16 12:00:00,0.050218582,0.063930295,0.05960522,0.07056678,0.057123084,0.05504872
2014-04-16 00:00:00,0.039757453,0.046684597,0.050090227,0.060748637,0.05494814,0.038835283
2014-05-16 12:00:00,0.035536595,0.0350418,0.047641125,0.048898086,0.045661487,0.039451763
2014-06-16 00:00:00,0.05142991,0.04834277,0.037906725,0.03532744,0.037510213,0.059428588
2014-07-16 12:00:00,0.041752234,0.032353096,0.03820934,0.030296741,0.03570781,0.047971725
2014-08-16 12:00:00,0.056227773,0.030516617,0.057014946,0.03125488,0.030776445,0.029365115
2014-09-16 00:00:00,0.07604288,0.040543776,0.034747496,0.021703027,0.036677103,0.080553584
2014-10-16 12:00:00,0.06170368,0.052627612,0.053112432,0.06666837,0.04055988,0.063402325
2014-11-16 00:00:00,0.05690591,0.07058389,0.07693229,0.043276314,0.05090499,0.045366097
2014-12-16 12:00:00,0.0626348,0.05517708,0.06799801,0.055697914,0.058826927,0.05961055
