time,r6i1p1f2,r9i1p1f2,r8i1p1f2,r7i1p1f2,r10i1p1f2,r5i1p1f2,r1i1p1f2,r4i1p1f2,r3i1p1f2,r2i1p1f2
1979-01-16 12:00:00,0.0937941,0.101260155,0.09786479,0.09996248,0.118678264,0.09323016,0.10418318,0.10619867,0.10384437,0.11043666
1979-02-15 00:00:00,0.093366794,0.09859981,0.094172426,0.08982209,0.10353712,0.09808488,0.09704014,0.09601107,0.10638567,0.09781701
1979-03-16 12:00:00,0.08488943,0.093561806,0.09517467,0.095836215,0.09200579,0.096516386,0.08458923,0.09801209,0.09290443,0.10074498
1979-04-16 00:00:00,0.08063571,0.08939744,0.09748346,0.08289949,0.08124027,0.09112324,0.08449889,0.08660605,0.10302509,0.08297938
1979-05-16 12:00:00,0.09622391,0.08372705,0.09824668,0.092023306,0.090507254,0.091987535,0.09749666,0.09768536,0.09321174,0.09278263
1979-06-16 00:00:00,0.10447378,0.094080865,0.102183364,0.095344745,0.1000386,0.09121895,0.095931806,0.096639834,0.10552446,0.10051346
1979-07-16 12:00:00,0.106570475,0.107039005,0.1053585,0.11067465,0.10734575,0.09935542,0.103517465,0.108221605,0.10770322,0.10707218
1979-08-16 12:00:00,0.10289941,0.12626283,0.11160511,0.11700846,0.11749942,0.11468229,0.11084626,0.11472414,0.11060348,0.12884316
1979-09-16 00:00:00,0.10364143,0.10391399,0.1021961,0.121668786,0.118995756,0.12180288,0.10721803,0.10807324,0.1183323,0.11858734
1979-10-16 12:00:00,0.11169305,0.10050546,0.10822126,0.095229805,0.10790877,0.104240954,0.10718689,0.1000301,0.10520085,0.122171886
1979-11-16 00:00:00,0.102622725,0.091657065,0.09459146,0.103549175,0.102295734,0.10904224,0.09882493,0.10722806,0.110258825,0.10454451
1979-12-16 12:00:00,0.10465951,0.09706821,0.101858094,0.09118629,0.099424414,0.09423705,0.099385515,0.1101745,0.096668236,0.09600197
1980-01-16 12:00:00,0.09251421,0.10220492,0.10458071,0.099876806,0.10367152,0.106808506,0.1028616,0.10026311,0.10646788,0.10635801
1980-02-15 12:00:00,0.096356556,0.0925723,0.10398282,0.09873247,0.104719006,0.10318626,0.112481974,0.09150165,0.093432225,0.109284624
1980-03-16 12:00:00,0.08702923,0.090500996,0.09368226,0.08780691,0.0952534,0.11315629,0.10574181,0.08027657,0.092927374,0.088600494
1980-04-16 00:00:00,0.08533838,0.077750705,0.09082025,0.09460948,0.09440904,0.108029805,0.099576935,0.07769005,0.08855913,0.08830426
1980-05-16 12:00:00,0.0987286,0.0944031,0.08478979,0.09388498,0.091399476,0.10960892,0.10454134,0.10272183,0.09383007,0.098344244
1980-06-16 00:00:00,0.097947635,0.10052163,0.09250482,0.098018356,0.107961826,0.110927776,0.10130996,0.11272852,0.107562706,0.1040483
1980-07-16 12:00:00,0.108556926,0.11153776,0.10374435,0.10080786,0.10409502,0.10547921,0.10944934,0.107576355,0.11147276,0.10112813
1980-08-16 12:00:00,0.11036146,0.10056182,0.111167,0.10696015,0.1039211,0.117606245,0.106076494,0.109067105,0.12028449,0.10959412
1980-09-16 00:00:00,0.117595345,0.09924678,0.11163063,0.120002404,0.10979268,0.11675073,0.11056378,0.11318827,0.13115753,0.106171
1980-10-16 12:00:00,0.100717485,0.09571367,0.09936334,0.097554736,0.10142438,0.105566025,0.09685077,0.09866075,0.11446317,0.091265865
1980-11-16 00:00:00,0.099728465,0.1114223,0.095487975,0.09664069,0.102961786,0.10303136,0.097018905,0.10519624,0.096757114,0.10381554
1980-12-16 12:00:00,0.103461266,0.102285564,0.106660016,0.11392925,0.10082458,0.1178856,0.11080774,0.12260726,0.106662564,0.10408818
1981-01-16 12:00:00,0.102135055,0.10328777,0.10633804,0.103036,0.10621868,0.11520496,0.097086236,0.10348914,0.09087656,0.09313302
1981-02-15 00:00:00,0.09378582,0.086755455,0.11017448,0.09952486,0.09112281,0.10430195,0.0983206,0.10625701,0.10073941,0.09988766
1981-03-16 12:00:00,0.098515496,0.07477521,0.09534134,0.086879835,0.09211971,0.08282029,0.100476384,0.107387915,0.104706556,0.095877595
1981-04-16 00:00:00,0.104500115,0.089222215,0.08536592,0.08207477,0.09592556,0.09092884,0.09699386,0.09587039,0.08994957,0.08554014
1981-05-16 12:00:00,0.09167578,0.08976636,0.100488685,0.09267697,0.08836851,0.090894766,0.10891924,0.09645729,0.09569857,0.0997024
1981-06-16 00:00:00,0.08768733,0.093119465,0.097375214,0.098340996,0.09170944,0.09332637,0.10879637,0.099256426,0.101816215,0.095985256
1981-07-16 12:00:00,0.10839831,0.11590383,0.10829423,0.1131979,0.11478094,0.10935965,0.11769378,0.104176976,0.10368476,0.1061825
1981-08-16 12:00:00,0.11181205,0.11304933,0.12250624,0.11341075,0.12376416,0.13055691,0.105710365,0.107350715,0.11793208,0.11661217
1981-09-16 00:00:00,0.10906757,0.10806943,0.12113956,0.11040809,0.122573875,0.10997242,0.11106484,0.12121071,0.11758629,0.11758883
1981-10-16 12:00:00,0.10056061,0.099802144,0.09522154,0.09918385,0.087895125,0.09435394,0.09646128,0.11028374,0.10389479,0.09995341
1981-11-16 00:00:00,0.091806725,0.10059726,0.088826336,0.11708028,0.11225543,0.092918426,0.089230366,0.10717985,0.10057243,0.100040056
1981-12-16 12:00:00,0.10463011,0.101585686,0.10354142,0.10525238,0.09422815,0.098138444,0.096459836,0.10882124,0.100799516,0.088711925
1982-01-16 12:00:00,0.10231408,0.10447446,0.11200033,0.117340334,0.09840292,0.09992184,0.10497454,0.10216192,0.109860875,0.11126475
1982-02-15 00:00:00,0.099904954,0.09333118,0.089380085,0.111089855,0.091994636,0.09364375,0.10219395,0.093352914,0.10339704,0.100995325
1982-03-16 12:00:00,0.0987295,0.07841034,0.089787416,0.10236676,0.092897706,0.09086103,0.100162804,0.09237369,0.10779118,0.08586619
1982-04-16 00:00:00,0.08039555,0.08714733,0.09183214,0.111151606,0.08906201,0.08388422,0.09058141,0.08510662,0.1083167,0.08152421
1982-05-16 12:00:00,0.092638806,0.08954345,0.092993565,0.09933655,0.09061054,0.09533415,0.10818164,0.08884703,0.10900958,0.084212184
1982-06-16 00:00:00,0.10614061,0.09764511,0.09612894,0.104029335,0.112000294,0.098933674,0.10514814,0.1020819,0.11581298,0.10924537
1982-07-16 12:00:00,0.09947744,0.10163581,0.113364756,0.105120614,0.10084321,0.108628124,0.12120535,0.10147296,0.10784545,0.10454489
1982-08-16 12:00:00,0.11927864,0.12681276,0.113073796,0.11347157,0.1117689,0.1186117,0.1244832,0.13105792,0.11150238,0.11459388
1982-09-16 00:00:00,0.10625547,0.11402648,0.11493762,0.11444694,0.11133975,0.111993425,0.12062419,0.1247384,0.124133214,0.113512106
1982-10-16 12:00:00,0.09181491,0.09546732,0.10654216,0.10391014,0.09855183,0.099919535,0.1004863,0.107639104,0.09692583,0.10141904
1982-11-16 00:00:00,0.09411912,0.098801546,0.09732878,0.10703924,0.0998461,0.0873205,0.11152464,0.09517542,0.10023755,0.10126496
1982-12-16 12:00:00,0.10459183,0.0902006,0.10654745,0.09898785,0.09328358,0.113670774,0.10378792,0.11352836,0.10533349,0.106221244
1983-01-16 12:00:00,0.09769793,0.101067334,0.11152874,0.11527101,0.09486358,0.10362789,0.11441719,0.11129773,0.1017784,0.11668048
1983-02-15 00:00:00,0.09152061,0.10748138,0.103077926,0.11706536,0.09930995,0.10217736,0.09947775,0.10836482,0.1050048,0.095627576
1983-03-16 12:00:00,0.08401854,0.1050854,0.094973855,0.09125041,0.09277804,0.104416855,0.093512416,0.09464323,0.099767484,0.090399876
1983-04-16 00:00:00,0.08483998,0.090998605,0.091471314,0.0935974,0.094005845,0.09112885,0.09601446,0.0893251,0.08439869,0.087334886
1983-05-16 12:00:00,0.094378844,0.10181072,0.093026705,0.09305442,0.09602337,0.09565756,0.09450714,0.0993551,0.098300554,0.09565386
1983-06-16 00:00:00,0.0936533,0.10280821,0.098409005,0.09067879,0.10763324,0.10922363,0.0988405,0.09284509,0.09497195,0.10170267
1983-07-16 12:00:00,0.107554,0.1063121,0.11328791,0.09978933,0.10222066,0.09622005,0.10230871,0.11371232,0.10813947,0.110537924
1983-08-16 12:00:00,0.111235075,0.106268615,0.1070369,0.11034289,0.10216077,0.10948225,0.11336181,0.11538351,0.11863053,0.11048051
1983-09-16 00:00:00,0.10055429,0.11248208,0.09838309,0.10845551,0.120346,0.11276851,0.10612247,0.14644158,0.112773344,0.11999044
1983-10-16 12:00:00,0.08955751,0.106859125,0.107296,0.092020415,0.102725424,0.10958729,0.10455646,0.09588815,0.102815114,0.10076902
1983-11-16 00:00:00,0.09472756,0.108668804,0.09394059,0.09503047,0.10642879,0.109967366,0.098903716,0.10687674,0.09905081,0.09681099
1983-12-16 12:00:00,0.096806206,0.113859236,0.10653075,0.10476461,0.09197672,0.10609684,0.102472715,0.12203243,0.11239342,0.10812287
1984-01-16 12:00:00,0.106372036,0.101304166,0.097696744,0.101599194,0.09824415,0.10415633,0.11330918,0.10303354,0.11318089,0.1000744
1984-02-15 12:00:00,0.08754206,0.100551486,0.09307135,0.09276388,0.09742133,0.09653352,0.10061316,0.09132634,0.10056516,0.083196
1984-03-16 12:00:00,0.09580232,0.09699568,0.09104654,0.09809677,0.08538969,0.08511319,0.08766317,0.091430075,0.08714062,0.091646336
1984-04-16 00:00:00,0.08125463,0.09519526,0.09895172,0.09424207,0.08936764,0.088178195,0.094069056,0.09555303,0.090347625,0.09084782
1984-05-16 12:00:00,0.09410027,0.09448214,0.0917669,0.10321854,0.0899054,0.09234412,0.10210277,0.08996969,0.09886261,0.08610236
1984-06-16 00:00:00,0.095465995,0.09137574,0.1019871,0.09114336,0.095509656,0.09240306,0.10099474,0.104395725,0.101388074,0.10578892
1984-07-16 12:00:00,0.103459105,0.10214585,0.115810014,0.09339535,0.110481784,0.11043738,0.10886208,0.10967896,0.114460364,0.11191106
1984-08-16 12:00:00,0.11473094,0.120996825,0.10204046,0.104436785,0.11810242,0.11234644,0.1237118,0.12490338,0.11466602,0.12579615
1984-09-16 00:00:00,0.11105272,0.11774499,0.116026,0.09671878,0.11821354,0.12573901,0.12528041,0.12424487,0.11173772,0.11117536
1984-10-16 12:00:00,0.09667238,0.10563679,0.10426222,0.08633481,0.08826012,0.09643615,0.1034268,0.10879291,0.102526985,0.10123438
1984-11-16 00:00:00,0.09496077,0.09084517,0.10387652,0.094503,0.08681921,0.107154734,0.095895275,0.101659924,0.10887818,0.10681118
1984-12-16 12:00:00,0.103647225,0.11402638,0.10402228,0.10579586,0.11158331,0.12535207,0.09694953,0.099167705,0.10322941,0.1092403
1985-01-16 12:00:00,0.106200285,0.10754641,0.10612991,0.10380498,0.11148311,0.10582945,0.10345441,0.10536343,0.11225769,0.10714679
1985-02-15 00:00:00,0.10730307,0.09798446,0.11226336,0.10280173,0.09686889,0.102845296,0.1011915,0.08816366,0.09820588,0.10808408
1985-03-16 12:00:00,0.10630625,0.098221615,0.103695676,0.09047805,0.08135239,0.10095581,0.10164573,0.08760973,0.10863196,0.084042326
1985-04-16 00:00:00,0.08145303,0.085013196,0.097942896,0.082338266,0.08338558,0.096566744,0.10522304,0.092164814,0.08700668,0.0794049
1985-05-16 12:00:00,0.09638529,0.0946715,0.095171,0.08842988,0.10071231,0.09579973,0.096808314,0.095783904,0.08934668,0.09218925
1985-06-16 00:00:00,0.10304688,0.109482706,0.11076535,0.10627183,0.10379789,0.09739786,0.10257217,0.103436224,0.10123459,0.10009664
1985-07-16 12:00:00,0.11016173,0.10534813,0.109472275,0.102898955,0.09240972,0.10957502,0.11161548,0.11114028,0.10045691,0.10486978
1985-08-16 12:00:00,0.10816081,0.11501823,0.107677475,0.10802987,0.12708017,0.10995031,0.10362105,0.12423651,0.11558725,0.10963522
1985-09-16 00:00:00,0.107826784,0.10848057,0.11035931,0.115074106,0.10739393,0.11032612,0.11270593,0.115172505,0.115958,0.11861633
1985-10-16 12:00:00,0.09059574,0.10745058,0.10362577,0.093543395,0.09654782,0.09246063,0.09396211,0.103023045,0.11721869,0.10146574
1985-11-16 00:00:00,0.10960996,0.10249935,0.09181188,0.09247855,0.10753835,0.102783665,0.10430219,0.09832634,0.109401055,0.10020461
1985-12-16 12:00:00,0.09173907,0.10500962,0.10070134,0.11092605,0.09692733,0.11390494,0.106712885,0.11197778,0.113601364,0.10828976
1986-01-16 12:00:00,0.08828202,0.10518096,0.09437988,0.09795401,0.09487792,0.09362745,0.102693416,0.098914586,0.10376384,0.10380094
1986-02-15 00:00:00,0.096360035,0.091810584,0.09669951,0.096146226,0.09861037,0.10667733,0.097078584,0.09610596,0.098769374,0.08880634
1986-03-16 12:00:00,0.09066774,0.086561374,0.08096885,0.09340981,0.09106358,0.09936895,0.10364864,0.09223502,0.098928,0.0953753
1986-04-16 00:00:00,0.09274309,0.092722766,0.08548546,0.09400247,0.08937842,0.097117364,0.08906953,0.093073756,0.09729748,0.083735906
1986-05-16 12:00:00,0.09847215,0.09439789,0.108495586,0.10390231,0.09821065,0.10567877,0.094307855,0.08982912,0.094469644,0.08680051
1986-06-16 00:00:00,0.092746906,0.10555677,0.08985146,0.0901634,0.11267037,0.11247157,0.102601096,0.09730862,0.10744199,0.1043062
1986-07-16 12:00:00,0.09994204,0.099034704,0.10272285,0.097323656,0.110728085,0.11051718,0.10494011,0.11705483,0.1121936,0.119751155
1986-08-16 12:00:00,0.114230104,0.11501901,0.123016715,0.10791957,0.12196629,0.113959864,0.11764567,0.13154823,0.10800735,0.120632716
1986-09-16 00:00:00,0.12636475,0.11420793,0.1261064,0.10238787,0.12243652,0.111600064,0.11020417,0.122046255,0.105077654,0.12920502
1986-10-16 12:00:00,0.09016551,0.09287143,0.1023055,0.09022037,0.11136079,0.10617171,0.10555525,0.11659365,0.100028776,0.09177124
1986-11-16 00:00:00,0.10149297,0.08598006,0.11135285,0.10364393,0.09835287,0.107260235,0.10663225,0.11394811,0.10182284,0.09813093
1986-12-16 12:00:00,0.10084515,0.09822754,0.11672772,0.105752885,0.10441888,0.10216493,0.112631336,0.118801415,0.111444145,0.09345941
1987-01-16 12:00:00,0.10070413,0.10192872,0.099121414,0.09727439,0.119706415,0.09190212,0.103900366,0.10168561,0.108315,0.113481805
1987-02-15 00:00:00,0.09337201,0.107891835,0.09367021,0.10404827,0.11022625,0.10194393,0.10394232,0.09758826,0.092443444,0.09658962
1987-03-16 12:00:00,0.09463053,0.08681618,0.08702779,0.084298715,0.09951966,0.0961683,0.10343201,0.09128147,0.09356089,0.10571843
1987-04-16 00:00:00,0.08386673,0.08305479,0.093674265,0.08534192,0.09372139,0.09046879,0.11400073,0.105599724,0.095627025,0.090560384
1987-05-16 12:00:00,0.08033513,0.089651756,0.09136671,0.08999864,0.09827798,0.091576606,0.090837814,0.10225839,0.09736867,0.08344695
1987-06-16 00:00:00,0.11410947,0.09635587,0.10114861,0.08957687,0.1031268,0.0966225,0.10896666,0.10164789,0.105047986,0.09698231
1987-07-16 12:00:00,0.10509066,0.10489581,0.09654176,0.10577534,0.111872606,0.12004863,0.107996404,0.12212979,0.106546596,0.10429805
1987-08-16 12:00:00,0.108080074,0.122483164,0.11478306,0.10953046,0.12800999,0.1183469,0.12591098,0.11398539,0.10959833,0.12606667
1987-09-16 00:00:00,0.11603442,0.11388861,0.12738416,0.096966445,0.114126645,0.113383174,0.116795376,0.11477617,0.10209162,0.11484324
1987-10-16 12:00:00,0.09562834,0.102355115,0.093381524,0.09833859,0.12252007,0.10422068,0.09315662,0.102738276,0.08866467,0.1003463
1987-11-16 00:00:00,0.09094956,0.10764257,0.10686119,0.09603077,0.104501314,0.090993896,0.11697133,0.10230971,0.10124589,0.111164875
1987-12-16 12:00:00,0.10056775,0.10566398,0.09855074,0.103770085,0.10638657,0.109134935,0.1000861,0.11651601,0.10453066,0.10129334
1988-01-16 12:00:00,0.096329324,0.108559504,0.0926452,0.10234108,0.09532906,0.10282085,0.0973234,0.10163491,0.114418,0.10749206
1988-02-15 12:00:00,0.08118313,0.09878266,0.09082385,0.088867106,0.09835791,0.100047976,0.10189302,0.10140024,0.10400029,0.09143449
1988-03-16 12:00:00,0.08453257,0.08815663,0.09614263,0.09452608,0.09900058,0.08374446,0.09838992,0.09092499,0.093815945,0.0935273
1988-04-16 00:00:00,0.090466775,0.08469637,0.09266213,0.09461022,0.09333799,0.09437725,0.09228418,0.09947089,0.09343306,0.09133262
1988-05-16 12:00:00,0.09383978,0.09423193,0.08364661,0.090904474,0.10365148,0.09346103,0.10426692,0.094081424,0.09252547,0.10582259
1988-06-16 00:00:00,0.10213781,0.10518599,0.09681117,0.09930848,0.101227105,0.104996845,0.09769608,0.10371847,0.09873005,0.105931744
1988-07-16 12:00:00,0.10384408,0.10776535,0.10520975,0.10363793,0.111999154,0.1040351,0.1074291,0.11223588,0.1221565,0.11018734
1988-08-16 12:00:00,0.12180287,0.10523018,0.11194201,0.11023285,0.11581016,0.11011696,0.120035715,0.13696328,0.10525203,0.119436584
1988-09-16 00:00:00,0.12900072,0.11335275,0.10908382,0.10622535,0.123219796,0.12008931,0.11303566,0.13379715,0.121968806,0.11290208
1988-10-16 12:00:00,0.10101964,0.10040987,0.089660496,0.09606426,0.097889334,0.09844381,0.10807295,0.104081474,0.116761595,0.09988503
1988-11-16 00:00:00,0.09528317,0.0962257,0.097106606,0.0973728,0.09939156,0.1043885,0.09672614,0.10012699,0.110141784,0.10857994
1988-12-16 12:00:00,0.10112046,0.09311718,0.11510635,0.101460174,0.111025274,0.10383259,0.10711252,0.104619965,0.115633056,0.0967961
1989-01-16 12:00:00,0.11237676,0.10963762,0.09486282,0.09754838,0.09452805,0.09919219,0.09360726,0.10345601,0.10748654,0.10608022
1989-02-15 00:00:00,0.08972041,0.09050435,0.09399334,0.09204765,0.09222869,0.09418214,0.09693405,0.085318536,0.10394978,0.103195935
1989-03-16 12:00:00,0.080380276,0.08329557,0.087854065,0.07148538,0.08920651,0.093677916,0.076530755,0.087066114,0.099597074,0.08991813
1989-04-16 00:00:00,0.093056984,0.10201307,0.09828571,0.101013415,0.10174077,0.09360144,0.08927467,0.08784103,0.09469011,0.07958075
1989-05-16 12:00:00,0.093949,0.10067353,0.0952186,0.09335428,0.090520896,0.09846367,0.09820776,0.09524271,0.10156564,0.09207217
1989-06-16 00:00:00,0.10682172,0.10128797,0.10461836,0.09195799,0.104658246,0.099061735,0.10485752,0.106551915,0.10872726,0.09645284
1989-07-16 12:00:00,0.12255366,0.111690395,0.11503208,0.10560474,0.10823769,0.10740777,0.10527673,0.110797964,0.10634045,0.10891484
1989-08-16 12:00:00,0.13521944,0.113343105,0.121638216,0.10801311,0.12682594,0.12337938,0.12786953,0.12839691,0.11855713,0.12409519
1989-09-16 00:00:00,0.11394639,0.11143299,0.109701835,0.113363974,0.10416577,0.10874671,0.13088785,0.1321176,0.12097481,0.119951524
1989-10-16 12:00:00,0.097416595,0.11127515,0.09929836,0.10930397,0.10876186,0.10868991,0.11921556,0.114157684,0.10443845,0.090496756
1989-11-16 00:00:00,0.08499697,0.10621023,0.10035138,0.10735965,0.09037403,0.10140646,0.11009963,0.092430644,0.10240404,0.102915116
1989-12-16 12:00:00,0.11091145,0.09930289,0.10000135,0.09433084,0.10817414,0.106834605,0.099019185,0.105169706,0.111508615,0.09913495
1990-01-16 12:00:00,0.1017747,0.10941911,0.09998439,0.11951765,0.100678824,0.112035766,0.10602906,0.10371895,0.096917965,0.10678909
1990-02-15 00:00:00,0.09369441,0.10183854,0.092013076,0.11304717,0.09900879,0.09184538,0.09372745,0.10550502,0.10582717,0.101833545
1990-03-16 12:00:00,0.08875857,0.09666455,0.08535074,0.10779492,0.09189763,0.08501166,0.09468432,0.09756542,0.0926447,0.09366583
1990-04-16 00:00:00,0.087381035,0.09747303,0.0884226,0.09121572,0.101870425,0.080282204,0.09114626,0.09652087,0.09699672,0.09967531
1990-05-16 12:00:00,0.088792756,0.10254238,0.09707682,0.09290851,0.09990984,0.09501561,0.096356824,0.10588266,0.09031592,0.09752481
1990-06-16 00:00:00,0.1025256,0.114978656,0.0996255,0.09018845,0.11258961,0.09974777,0.110499576,0.10989495,0.0966093,0.11113475
1990-07-16 12:00:00,0.10979394,0.11356343,0.10409694,0.09879428,0.11954215,0.12002764,0.11047115,0.113442056,0.101306945,0.101466246
1990-08-16 12:00:00,0.109116435,0.1285941,0.09715089,0.118175685,0.115934305,0.119684204,0.12155166,0.11992161,0.110863954,0.11837737
1990-09-16 00:00:00,0.10904099,0.11594227,0.1309602,0.12066739,0.11825438,0.13058317,0.11680517,0.111885086,0.1335601,0.11340099
1990-10-16 12:00:00,0.10150635,0.10598898,0.09815162,0.096785255,0.10878013,0.106621385,0.10152963,0.10299168,0.09955458,0.10051891
1990-11-16 00:00:00,0.09693903,0.09536874,0.09784836,0.08710915,0.103912175,0.10965249,0.10935694,0.114851095,0.1165448,0.09612759
1990-12-16 12:00:00,0.09548757,0.10749513,0.10539944,0.09429155,0.10527048,0.10257209,0.10160155,0.11273625,0.1058554,0.099955775
1991-01-16 12:00:00,0.10262054,0.09596273,0.10291521,0.09535124,0.098830126,0.094120055,0.08687244,0.11016557,0.09089924,0.106349654
1991-02-15 00:00:00,0.1008451,0.10117913,0.1016976,0.091237165,0.09135995,0.09720534,0.09199937,0.09385791,0.09915854,0.10619596
1991-03-16 12:00:00,0.10261237,0.092013404,0.10050601,0.09294123,0.09530359,0.08095533,0.09538596,0.11156896,0.09402192,0.09044364
1991-04-16 00:00:00,0.109089375,0.08943456,0.09384089,0.087951384,0.096149445,0.09437176,0.09189576,0.09277682,0.09226402,0.08538058
1991-05-16 12:00:00,0.0966661,0.094821684,0.10063248,0.098754175,0.09845907,0.0974569,0.097077854,0.10574515,0.0899167,0.08718344
1991-06-16 00:00:00,0.098516926,0.10846419,0.1033293,0.1069624,0.10840868,0.09367298,0.095990956,0.10202332,0.1001075,0.1055276
1991-07-16 12:00:00,0.11644227,0.114263006,0.12045373,0.110881396,0.11813544,0.103084974,0.11499614,0.114877515,0.105681814,0.10118949
1991-08-16 12:00:00,0.11716038,0.116244785,0.122349724,0.12858091,0.10600263,0.11294266,0.12832336,0.12271353,0.11969814,0.11504898
1991-09-16 00:00:00,0.09821964,0.12996976,0.113960564,0.11436951,0.10536863,0.11595686,0.12392305,0.11337914,0.112185225,0.10979199
1991-10-16 12:00:00,0.113706626,0.10422459,0.10198898,0.09970012,0.09170342,0.1013033,0.11421981,0.10883241,0.114395134,0.102465615
1991-11-16 00:00:00,0.09807855,0.0996113,0.10934795,0.095508076,0.093183294,0.09666465,0.09786899,0.116427846,0.104348354,0.10537952
1991-12-16 12:00:00,0.10605905,0.104743205,0.10107497,0.107682005,0.10001745,0.10439561,0.10522168,0.1187465,0.10884232,0.10848194
1992-01-16 12:00:00,0.090372324,0.0993831,0.120177515,0.10025345,0.09627541,0.10669454,0.10916724,0.10151914,0.11057679,0.10987016
1992-02-15 12:00:00,0.08728234,0.09955349,0.083860114,0.10327557,0.09906883,0.10122338,0.09800349,0.0960471,0.10867027,0.10805823
1992-03-16 12:00:00,0.085374825,0.09563605,0.09659166,0.09458493,0.09017605,0.09990725,0.11247528,0.08830817,0.10919768,0.11122216
1992-04-16 00:00:00,0.10056796,0.089413404,0.09311158,0.09990249,0.09161974,0.10129869,0.09706716,0.09154867,0.09209924,0.10366128
1992-05-16 12:00:00,0.0923726,0.10103488,0.10376324,0.088686086,0.0963732,0.091193624,0.09857892,0.10522448,0.09790335,0.10842765
1992-06-16 00:00:00,0.101102024,0.11601483,0.10438352,0.09340979,0.105639875,0.10616535,0.113114096,0.103341796,0.09857569,0.11016911
1992-07-16 12:00:00,0.10171489,0.11114732,0.11105826,0.10830313,0.09761011,0.11232218,0.12038073,0.11368325,0.10587689,0.10634283
1992-08-16 12:00:00,0.11350735,0.116805226,0.1199743,0.113895856,0.10823488,0.116539136,0.11328624,0.12374152,0.11793194,0.11554476
1992-09-16 00:00:00,0.105388165,0.106812574,0.109881744,0.106094114,0.10882062,0.11015027,0.10370476,0.120602645,0.12863371,0.124994926
1992-10-16 12:00:00,0.098375395,0.09683989,0.09659598,0.10859546,0.09971979,0.098883145,0.10767172,0.11285729,0.10008032,0.107352406
1992-11-16 00:00:00,0.093224384,0.10469653,0.10334384,0.11010597,0.107327655,0.09177736,0.10776387,0.11841219,0.09722945,0.10598277
1992-12-16 12:00:00,0.097096235,0.1068101,0.10502944,0.10673293,0.10778599,0.09623015,0.099901624,0.11337778,0.104399174,0.11055822
1993-01-16 12:00:00,0.11245016,0.107738525,0.097449206,0.099474154,0.10359735,0.09794697,0.10915587,0.11274183,0.0991465,0.11502947
1993-02-15 00:00:00,0.08650015,0.09412912,0.08654899,0.09726152,0.10309777,0.09294098,0.09423005,0.0955862,0.100594655,0.10721913
1993-03-16 12:00:00,0.102816366,0.09322481,0.08631374,0.088274576,0.08426462,0.08837029,0.091983445,0.084998235,0.09164505,0.09595437
1993-04-16 00:00:00,0.10015651,0.10332346,0.09189212,0.08661846,0.091455214,0.09257765,0.0831571,0.092036396,0.086217634,0.093770064
1993-05-16 12:00:00,0.10261035,0.1033699,0.10220486,0.08930387,0.094251655,0.096992545,0.09969682,0.094440565,0.09449619,0.09885613
1993-06-16 00:00:00,0.10844905,0.10476845,0.097760275,0.09718852,0.10692316,0.11345405,0.11490639,0.09439228,0.09946035,0.10017887
1993-07-16 12:00:00,0.1237079,0.115491,0.10656924,0.10852934,0.10154874,0.1160782,0.11457311,0.110064894,0.11730405,0.10876722
1993-08-16 12:00:00,0.11417527,0.12213826,0.12336557,0.104459316,0.1104301,0.1207529,0.12197489,0.11503558,0.11197519,0.12002751
1993-09-16 00:00:00,0.10121332,0.11138122,0.113441035,0.10853701,0.10834752,0.11107404,0.12646301,0.1144529,0.11309416,0.103829905
1993-10-16 12:00:00,0.10481037,0.10072501,0.08273606,0.09758102,0.09494116,0.09243573,0.10281957,0.09994212,0.096988976,0.10440995
1993-11-16 00:00:00,0.100288875,0.0976358,0.099755265,0.097027615,0.09274483,0.10331042,0.11043738,0.0992123,0.09872133,0.10975505
1993-12-16 12:00:00,0.09729879,0.10915327,0.1088554,0.09388869,0.094264075,0.11411484,0.11324036,0.10285517,0.10511188,0.10896636
1994-01-16 12:00:00,0.10647636,0.10001811,0.09710149,0.09889708,0.10341292,0.09941331,0.10574119,0.10781195,0.108617,0.09870115
1994-02-15 00:00:00,0.08503197,0.09388712,0.10071194,0.110308744,0.08654702,0.08625808,0.096666306,0.09762489,0.117466584,0.098572865
1994-03-16 12:00:00,0.092598096,0.08850556,0.094522916,0.1017523,0.0962798,0.08853193,0.09833225,0.09918658,0.1016489,0.09448854
1994-04-16 00:00:00,0.09670363,0.08439506,0.09563442,0.108634554,0.09991639,0.09730922,0.102884084,0.09233555,0.087451465,0.09021736
1994-05-16 12:00:00,0.09972497,0.09402206,0.0944694,0.09718494,0.097078025,0.097948685,0.0985243,0.09659694,0.09905719,0.09728165
1994-06-16 00:00:00,0.10741451,0.10686109,0.101954535,0.103790194,0.105045706,0.10901033,0.10835879,0.10299275,0.097800635,0.1055201
1994-07-16 12:00:00,0.10691179,0.117257565,0.11012702,0.12427992,0.118849315,0.11769987,0.11368091,0.108203284,0.10222796,0.10913256
1994-08-16 12:00:00,0.10784977,0.107202955,0.12350995,0.107195705,0.11473334,0.12655024,0.11649235,0.11671946,0.12089565,0.11060684
1994-09-16 00:00:00,0.10612096,0.12273678,0.101521865,0.10919783,0.10846815,0.10737992,0.11436329,0.12332842,0.11531933,0.13588183
1994-10-16 12:00:00,0.10197443,0.10210934,0.10903398,0.095389895,0.11511622,0.108578674,0.10031567,0.10936486,0.11774105,0.114564575
1994-11-16 00:00:00,0.10209495,0.10587989,0.09176561,0.091687545,0.10168124,0.10376999,0.10066074,0.10959846,0.09714513,0.08608138
1994-12-16 12:00:00,0.10712461,0.103422716,0.110844284,0.107125595,0.10703208,0.09598708,0.12183859,0.11766736,0.11269594,0.100989535
1995-01-16 12:00:00,0.117978804,0.0985049,0.11393381,0.09273857,0.09693228,0.09128162,0.13310854,0.09313741,0.10942958,0.09375175
1995-02-15 00:00:00,0.10209043,0.09247059,0.09673548,0.11441889,0.09445337,0.10109102,0.09242145,0.09979347,0.097908586,0.11127962
1995-03-16 12:00:00,0.09508127,0.08400221,0.094054446,0.099919975,0.10008172,0.08608678,0.098505735,0.09345172,0.10097728,0.09513762
1995-04-16 00:00:00,0.09506528,0.087112375,0.0939224,0.094067946,0.09186178,0.08902127,0.09575226,0.09740405,0.09490791,0.10947324
1995-05-16 12:00:00,0.09247227,0.095146805,0.103543095,0.09227506,0.10614653,0.10402731,0.09009715,0.09954276,0.0915838,0.10140195
1995-06-16 00:00:00,0.107294224,0.091287486,0.09661164,0.09980972,0.09699985,0.1016241,0.09953005,0.09659103,0.09733876,0.1125275
1995-07-16 12:00:00,0.11063033,0.11236332,0.09919823,0.09448922,0.104159884,0.11140089,0.11151267,0.10853193,0.1097832,0.10409123
1995-08-16 12:00:00,0.121343486,0.13064942,0.119508564,0.104862615,0.11290263,0.1294149,0.1210328,0.11831126,0.118318565,0.114995174
1995-09-16 00:00:00,0.130587,0.11896712,0.108893424,0.1008632,0.12887722,0.11587226,0.11607368,0.11312319,0.13188738,0.11029695
1995-10-16 12:00:00,0.1059563,0.115175255,0.10251198,0.09794345,0.109764844,0.093260035,0.11060047,0.113945805,0.1031583,0.10923546
1995-11-16 00:00:00,0.10689827,0.09360075,0.100013115,0.10804236,0.09155326,0.093414225,0.10979624,0.09660903,0.10076374,0.101304054
1995-12-16 12:00:00,0.11949723,0.1006359,0.11115577,0.12763213,0.11382481,0.10253505,0.10568145,0.10153552,0.11468374,0.10657361
1996-01-16 12:00:00,0.10505494,0.10386174,0.104655914,0.09687177,0.09561026,0.10252327,0.11171105,0.10341209,0.11515877,0.10786653
1996-02-15 12:00:00,0.101228744,0.100541905,0.096986845,0.101115234,0.096837565,0.10019919,0.10750512,0.09596444,0.094442755,0.09237314
1996-03-16 12:00:00,0.09206003,0.104132704,0.082242794,0.08519802,0.090091035,0.09613689,0.09431542,0.09653994,0.10313293,0.08784222
1996-04-16 00:00:00,0.095490165,0.09144102,0.10435536,0.09008678,0.09803889,0.09410554,0.115483515,0.08036559,0.103585854,0.08195473
1996-05-16 12:00:00,0.109939545,0.10152793,0.09975512,0.09462293,0.10018373,0.09806955,0.11283496,0.090132445,0.104379945,0.092955634
1996-06-16 00:00:00,0.103837386,0.10659135,0.10236125,0.09812795,0.114277154,0.1026608,0.10744439,0.10585367,0.10436183,0.09093185
1996-07-16 12:00:00,0.10984392,0.10352077,0.10275089,0.10548222,0.11344165,0.11646313,0.103518985,0.1092191,0.112939276,0.10237607
1996-08-16 12:00:00,0.11770901,0.10802743,0.117949985,0.1102453,0.10124343,0.12019613,0.121879645,0.11814009,0.117773,0.12520668
1996-09-16 00:00:00,0.11631435,0.112131625,0.11498219,0.1190358,0.1145379,0.12566921,0.12765431,0.13088469,0.12383989,0.11734573
1996-10-16 12:00:00,0.10020657,0.09757077,0.09808508,0.096329436,0.09682039,0.11576814,0.09450669,0.105878174,0.11711634,0.107280396
1996-11-16 00:00:00,0.10256509,0.09987831,0.113319896,0.119084194,0.11861067,0.10239796,0.108141884,0.10234811,0.11957887,0.08950867
1996-12-16 12:00:00,0.116676226,0.11395863,0.10992853,0.10096721,0.10314819,0.11301111,0.09797495,0.11368245,0.1144998,0.108400814
1997-01-16 12:00:00,0.10871462,0.102944836,0.09326362,0.11012001,0.095206946,0.095910005,0.10538204,0.10373321,0.11116584,0.114866205
1997-02-15 00:00:00,0.11379832,0.09234937,0.115336716,0.10833956,0.09791445,0.08991891,0.115571514,0.08548544,0.11379022,0.112756416
1997-03-16 12:00:00,0.09468382,0.092421554,0.10595181,0.08778901,0.08584806,0.11248022,0.11143905,0.09443206,0.11722746,0.08580802
1997-04-16 00:00:00,0.095710844,0.09184576,0.10990334,0.09170158,0.101586066,0.09874501,0.09600381,0.083205074,0.09951034,0.08531645
1997-05-16 12:00:00,0.10453834,0.095029265,0.095588736,0.09777471,0.09775561,0.09726322,0.09864979,0.0933532,0.10623556,0.103227034
1997-06-16 00:00:00,0.100036085,0.09987776,0.09314827,0.097599365,0.104049064,0.10077837,0.11196066,0.10905939,0.10343056,0.10189831
1997-07-16 12:00:00,0.11320777,0.10201305,0.10133779,0.11758108,0.10997367,0.11467823,0.11843005,0.10623161,0.119364224,0.105698586
1997-08-16 12:00:00,0.1145506,0.12483433,0.1178316,0.11123371,0.12182629,0.12036201,0.11887563,0.10871092,0.11443488,0.11358478
1997-09-16 00:00:00,0.12869753,0.11678604,0.119863324,0.10480193,0.110066734,0.11738833,0.108065456,0.11799273,0.12762399,0.12004538
1997-10-16 12:00:00,0.11507719,0.10968561,0.109937884,0.090122916,0.10944225,0.10187472,0.12382041,0.11102337,0.09822666,0.095981605
1997-11-16 00:00:00,0.09875314,0.10690255,0.102074735,0.09063118,0.09728449,0.10705838,0.0997635,0.09211647,0.0959259,0.098891094
1997-12-16 12:00:00,0.10841736,0.10186409,0.10721888,0.10883061,0.109511845,0.10603871,0.107285626,0.09827294,0.10526573,0.09834786
1998-01-16 12:00:00,0.09350473,0.09982695,0.104336366,0.11117898,0.098738804,0.08825697,0.11313637,0.096071914,0.117906556,0.09144082
1998-02-15 00:00:00,0.094550245,0.091436595,0.09874554,0.10096934,0.10050308,0.097413525,0.11350263,0.099115275,0.118093416,0.09495437
1998-03-16 12:00:00,0.090251595,0.090696864,0.0846789,0.095835716,0.09629986,0.094269395,0.09105147,0.083509974,0.09211363,0.09350225
1998-04-16 00:00:00,0.09437078,0.09364083,0.09479167,0.08945978,0.10082687,0.10135312,0.089180425,0.10716047,0.08890418,0.09630991
1998-05-16 12:00:00,0.10159825,0.09243321,0.10313017,0.09177071,0.10575732,0.10736763,0.10705794,0.09794317,0.097007655,0.1057893
1998-06-16 00:00:00,0.11159357,0.09878722,0.110439695,0.10973411,0.107941836,0.101791054,0.117408216,0.11197252,0.107976824,0.10566171
1998-07-16 12:00:00,0.11389462,0.100243814,0.10612057,0.10461062,0.105181605,0.10998258,0.11379369,0.12419803,0.11073681,0.11745457
1998-08-16 12:00:00,0.1215636,0.11626369,0.12357618,0.13964051,0.12147655,0.11668682,0.12553155,0.11651212,0.11810031,0.113994576
1998-09-16 00:00:00,0.10913654,0.13413306,0.11148221,0.10656868,0.11186793,0.13021247,0.106013454,0.115500025,0.12185596,0.11227899
1998-10-16 12:00:00,0.106301345,0.11058894,0.1105139,0.10034742,0.0958678,0.10050754,0.10317568,0.09595201,0.09302258,0.09094149
1998-11-16 00:00:00,0.097640626,0.10508209,0.105757326,0.109090775,0.10660368,0.099545114,0.1064519,0.11402209,0.112012416,0.097487204
1998-12-16 12:00:00,0.103950135,0.113178775,0.112723805,0.10420278,0.11020163,0.098203234,0.10590056,0.11415979,0.108859465,0.10772295
1999-01-16 12:00:00,0.09644521,0.10768542,0.10077332,0.110631324,0.09627393,0.09925931,0.11134513,0.097776435,0.10048981,0.10296293
1999-02-15 00:00:00,0.08018501,0.09775383,0.088097066,0.08867959,0.09806468,0.10146739,0.10702754,0.103443235,0.09204687,0.10920127
1999-03-16 12:00:00,0.09773338,0.0867706,0.10559623,0.100702904,0.10248572,0.10360975,0.08765274,0.10753026,0.09732473,0.1081213
1999-04-16 00:00:00,0.08720508,0.091876976,0.09688359,0.09577551,0.082483605,0.10805885,0.09537275,0.09881803,0.0876639,0.08950095
1999-05-16 12:00:00,0.0990643,0.09568849,0.09485748,0.09152218,0.104933396,0.09353839,0.100214325,0.10246739,0.09369157,0.09892993
1999-06-16 00:00:00,0.10554146,0.1089137,0.0946119,0.09670983,0.10178225,0.09719157,0.10002533,0.09738694,0.10047298,0.0975225
1999-07-16 12:00:00,0.10974915,0.109966055,0.103415996,0.110388204,0.11310278,0.10201931,0.108160205,0.10964705,0.11139108,0.108232506
1999-08-16 12:00:00,0.11645447,0.108912565,0.105427146,0.11934423,0.12595767,0.11351339,0.12107136,0.11141849,0.12496615,0.113187
1999-09-16 00:00:00,0.12729914,0.124939665,0.12244842,0.1297553,0.118924744,0.11337998,0.10557567,0.11275848,0.12221038,0.11135974
1999-10-16 12:00:00,0.09837995,0.104234934,0.106207915,0.10821436,0.096976966,0.11474889,0.10538024,0.11848332,0.10270576,0.094331324
1999-11-16 00:00:00,0.09536504,0.09597026,0.10266599,0.111861855,0.10584153,0.099252716,0.09863477,0.10031954,0.09165239,0.10372855
1999-12-16 12:00:00,0.11304895,0.09962512,0.11512227,0.1149137,0.102698885,0.12482596,0.10362995,0.114947975,0.10235271,0.09940913
2000-01-16 12:00:00,0.106535375,0.09345605,0.10861,0.108325124,0.10010144,0.097796485,0.107674666,0.12255334,0.09467819,0.118917406
2000-02-15 12:00:00,0.09476956,0.094948836,0.10323875,0.10289564,0.090179786,0.09972345,0.10206795,0.11451982,0.09316925,0.10606767
2000-03-16 12:00:00,0.09639917,0.093210794,0.092694715,0.10348669,0.095051564,0.09746152,0.086051494,0.100485235,0.08542256,0.1017064
2000-04-16 00:00:00,0.10051098,0.09052644,0.0937255,0.09208468,0.08908228,0.10275986,0.09737705,0.086820334,0.083841234,0.09388459
2000-05-16 12:00:00,0.09538093,0.09482957,0.09912709,0.10443569,0.107568234,0.094271734,0.087253384,0.0993424,0.08728556,0.098084114
2000-06-16 00:00:00,0.105849124,0.10021959,0.09757032,0.111030534,0.10566798,0.095953606,0.0989427,0.11106595,0.09774658,0.10087687
2000-07-16 12:00:00,0.10256622,0.11433483,0.12405326,0.098543875,0.115675,0.10868837,0.123128675,0.120165884,0.11592747,0.112934925
2000-08-16 12:00:00,0.114553854,0.11411999,0.11981935,0.11091733,0.12753199,0.10941765,0.13325143,0.10817047,0.104784094,0.11468398
2000-09-16 00:00:00,0.11019131,0.11351335,0.11908805,0.10756833,0.10889744,0.12571405,0.1198717,0.116422154,0.096767664,0.122405216
2000-10-16 12:00:00,0.10169619,0.10638435,0.10432295,0.10414138,0.09636839,0.103609376,0.11256652,0.103437394,0.08596576,0.11115397
2000-11-16 00:00:00,0.09522374,0.09147223,0.09985163,0.09444676,0.11047563,0.12013297,0.10330382,0.10170088,0.099357486,0.10593253
2000-12-16 12:00:00,0.108033545,0.11294902,0.107869156,0.108519554,0.09811438,0.089158,0.119939275,0.121563934,0.109932445,0.11058507
2001-01-16 12:00:00,0.110564336,0.09369891,0.09183883,0.10044597,0.10363114,0.11608313,0.10445059,0.11319413,0.12014687,0.10959063
2001-02-15 00:00:00,0.09075991,0.09105983,0.09817095,0.104572825,0.0918508,0.096613824,0.089471124,0.101398796,0.088873066,0.09137873
2001-03-16 12:00:00,0.09011925,0.0855323,0.09677975,0.087663576,0.10110858,0.09044648,0.099857345,0.0979913,0.09206921,0.08656091
2001-04-16 00:00:00,0.093848325,0.09496199,0.09268887,0.08644284,0.09775698,0.08815265,0.08634454,0.09783407,0.08395709,0.105480336
2001-05-16 12:00:00,0.09382491,0.093268,0.08624583,0.10119714,0.09675159,0.098856084,0.10042864,0.100446954,0.10209287,0.11017429
2001-06-16 00:00:00,0.099151574,0.10500591,0.10516218,0.10245503,0.102430314,0.10592716,0.09463023,0.106662445,0.10057596,0.11149622
2001-07-16 12:00:00,0.112523966,0.089760534,0.10103795,0.10771833,0.10291665,0.12620446,0.11087658,0.11112838,0.10601855,0.1202111
2001-08-16 12:00:00,0.11129886,0.11595712,0.106817156,0.11630157,0.12247783,0.1255832,0.13287416,0.13559566,0.1127522,0.11778343
2001-09-16 00:00:00,0.1232759,0.10897476,0.10148946,0.11588421,0.12607779,0.113097556,0.11293131,0.108483784,0.11460199,0.10390139
2001-10-16 12:00:00,0.10365949,0.11426912,0.09982628,0.10038489,0.104699545,0.11347516,0.11490636,0.101103134,0.09545044,0.10998235
2001-11-16 00:00:00,0.102136664,0.08962268,0.0998793,0.09127198,0.10733218,0.104154184,0.10946388,0.10625938,0.102825284,0.116110444
2001-12-16 12:00:00,0.1081479,0.11559798,0.10115194,0.11141449,0.099037424,0.10758818,0.11007738,0.10367286,0.11590343,0.104457006
2002-01-16 12:00:00,0.09573956,0.10018096,0.10737273,0.097718805,0.108800314,0.11689245,0.107948676,0.10929033,0.09665656,0.11315668
2002-02-15 00:00:00,0.10291749,0.11374482,0.10191274,0.09825867,0.10029331,0.099616304,0.09470716,0.112045415,0.09793951,0.09487679
2002-03-16 12:00:00,0.10345231,0.09004626,0.10563285,0.08696889,0.08930208,0.104378544,0.08709067,0.10633836,0.08829277,0.0843903
2002-04-16 00:00:00,0.07879059,0.08602375,0.08956845,0.080365136,0.08925759,0.10052193,0.083267756,0.094271556,0.08949135,0.0886934
2002-05-16 12:00:00,0.096925296,0.0991393,0.10116563,0.09370948,0.09207964,0.0999475,0.096007325,0.11036254,0.09500936,0.09775769
2002-06-16 00:00:00,0.110247426,0.09984025,0.09738957,0.09548636,0.113038816,0.0941133,0.105622515,0.100826144,0.10344279,0.09930421
2002-07-16 12:00:00,0.11408847,0.104482464,0.10408003,0.10641116,0.12241952,0.11082252,0.11118295,0.112819634,0.107314095,0.10522358
2002-08-16 12:00:00,0.11292064,0.116467685,0.11577108,0.12455641,0.11486024,0.1163214,0.119861394,0.114925876,0.11655243,0.11220802
2002-09-16 00:00:00,0.117299296,0.12282037,0.10192219,0.11945282,0.109759524,0.12100291,0.121694714,0.13381496,0.12576869,0.112537876
2002-10-16 12:00:00,0.10501539,0.10655553,0.099954024,0.094967574,0.10943839,0.10076265,0.114341,0.10290081,0.105874315,0.10492816
2002-11-16 00:00:00,0.10708579,0.10281479,0.11067769,0.10188387,0.10350643,0.1049408,0.10609155,0.10819173,0.116407886,0.10332561
2002-12-16 12:00:00,0.09764505,0.1112263,0.08974019,0.09311776,0.11072078,0.101508915,0.11221495,0.109971136,0.10403174,0.10010387
2003-01-16 12:00:00,0.10512941,0.10591517,0.10302822,0.09608632,0.096353136,0.100027926,0.1040996,0.11068061,0.11240095,0.11088958
2003-02-15 00:00:00,0.105799526,0.1046597,0.09438241,0.09562325,0.096621215,0.08646272,0.10268401,0.10586049,0.105032615,0.09752388
2003-03-16 12:00:00,0.097561516,0.10522638,0.08886282,0.0987065,0.086242676,0.0897681,0.08993506,0.10296003,0.095889375,0.09679469
2003-04-16 00:00:00,0.09098168,0.09283233,0.091786146,0.08333085,0.08335505,0.0861053,0.09883662,0.08979559,0.08668915,0.0915722
2003-05-16 12:00:00,0.1055648,0.10816822,0.09005523,0.086916804,0.09672452,0.10476251,0.100352176,0.10743055,0.0910931,0.08813342
2003-06-16 00:00:00,0.098975986,0.10418311,0.09886084,0.091126,0.11289499,0.09226103,0.097933605,0.110641986,0.11074986,0.09678954
2003-07-16 12:00:00,0.10150573,0.112427324,0.1016947,0.09783884,0.11461685,0.11910154,0.10838339,0.118984215,0.102538995,0.11709798
2003-08-16 12:00:00,0.11209031,0.12550473,0.11236978,0.12447663,0.11417102,0.1275544,0.109770656,0.106602006,0.12075988,0.114019
2003-09-16 00:00:00,0.122319214,0.11380304,0.11694834,0.1177783,0.12276409,0.1121038,0.13402079,0.12512185,0.11989544,0.11242659
2003-10-16 12:00:00,0.10477386,0.11066853,0.08900998,0.09937284,0.094935596,0.10505117,0.11873571,0.09416549,0.108680695,0.102055825
2003-11-16 00:00:00,0.11035076,0.108782165,0.09633087,0.09710269,0.11507041,0.10337132,0.11051169,0.09805559,0.104317114,0.11656737
2003-12-16 12:00:00,0.09658705,0.11009489,0.10508478,0.10043242,0.10470705,0.110905826,0.10800049,0.108612165,0.11699517,0.098299295
2004-01-16 12:00:00,0.099978074,0.09412626,0.10228973,0.10145626,0.10467805,0.103074886,0.09981971,0.10589967,0.08779305,0.10926522
2004-02-15 12:00:00,0.08433047,0.1000715,0.09718937,0.09058827,0.08486127,0.10149371,0.0998875,0.086733684,0.086746,0.093097374
2004-03-16 12:00:00,0.09811183,0.092796765,0.08400216,0.09179019,0.09265453,0.09955657,0.094279945,0.10148211,0.09272878,0.09397522
2004-04-16 00:00:00,0.08909744,0.09439981,0.08112109,0.105697595,0.09775088,0.09424875,0.08435273,0.08943662,0.08764693,0.102815636
2004-05-16 12:00:00,0.11493961,0.10142054,0.10314961,0.0975688,0.093285166,0.084035255,0.093575746,0.09484777,0.098768935,0.099832036
2004-06-16 00:00:00,0.09397053,0.090851575,0.09720365,0.09147785,0.10282928,0.088923566,0.107326135,0.10324025,0.099532485,0.097076446
2004-07-16 12:00:00,0.10468517,0.10558215,0.10335602,0.10347591,0.10769415,0.10524524,0.112650685,0.11709754,0.12135763,0.115777716
2004-08-16 12:00:00,0.119240105,0.1261852,0.11035639,0.10531768,0.11931517,0.11217171,0.120590955,0.11873328,0.13216197,0.11934552
2004-09-16 00:00:00,0.11622188,0.111090206,0.10769627,0.10375489,0.12165293,0.118576795,0.12816007,0.11540869,0.13170722,0.11454956
2004-10-16 12:00:00,0.0925683,0.10936659,0.101443775,0.09412827,0.10977098,0.09502562,0.11347281,0.11768016,0.10725956,0.11139476
2004-11-16 00:00:00,0.09992114,0.112294145,0.10409885,0.10794775,0.11591942,0.109628335,0.11496206,0.092598826,0.10250902,0.09575157
2004-12-16 12:00:00,0.10445356,0.11543579,0.10392513,0.10844234,0.09836787,0.09122811,0.1287108,0.115134925,0.11536449,0.105112605
2005-01-16 12:00:00,0.1132593,0.10325216,0.10732126,0.10115785,0.110272564,0.115351036,0.11444751,0.09623545,0.11993467,0.1075952
2005-02-15 00:00:00,0.098834,0.099308155,0.104476355,0.09875934,0.100015804,0.10699736,0.10322846,0.086090654,0.10311311,0.092029765
2005-03-16 12:00:00,0.09260617,0.10311382,0.088795945,0.09663429,0.09709096,0.09371471,0.086904004,0.08641815,0.09351624,0.0979319
2005-04-16 00:00:00,0.0962234,0.09381706,0.09065934,0.10071482,0.09418926,0.0955296,0.08182672,0.09444444,0.089119114,0.09143978
2005-05-16 12:00:00,0.102022894,0.10157285,0.093025155,0.09505581,0.10321609,0.10710411,0.09906138,0.100031346,0.10897446,0.102027185
2005-06-16 00:00:00,0.10391783,0.108643636,0.10473156,0.09611766,0.1035299,0.10867411,0.12249521,0.103766516,0.09819297,0.09507312
2005-07-16 12:00:00,0.10494916,0.11677119,0.102483064,0.113205604,0.097705714,0.10753649,0.12576121,0.10917945,0.112241514,0.12988646
2005-08-16 12:00:00,0.11843504,0.111467235,0.118192665,0.12331714,0.11028122,0.1163922,0.12679315,0.10177553,0.112703465,0.10789672
2005-09-16 00:00:00,0.11945877,0.11622274,0.113757215,0.10657587,0.12594904,0.110580444,0.11756044,0.11286758,0.122087836,0.10427969
2005-10-16 12:00:00,0.10183003,0.10701231,0.11068646,0.10990223,0.09624678,0.10948871,0.10213908,0.09899459,0.092866406,0.09511835
2005-11-16 00:00:00,0.10079945,0.10966713,0.10825423,0.10580751,0.10031322,0.09770466,0.123835094,0.09878336,0.105158694,0.09644026
2005-12-16 12:00:00,0.10941689,0.10982418,0.08542978,0.114782736,0.09833626,0.11588146,0.113042146,0.11290231,0.098016314,0.10531961
2006-01-16 12:00:00,0.11596653,0.1003442,0.1084761,0.10005799,0.09503915,0.10809797,0.12028179,0.10365919,0.10208395,0.09147185
2006-02-15 00:00:00,0.098752424,0.10932347,0.10051013,0.09878422,0.10529493,0.10309592,0.11509297,0.109884806,0.08761435,0.10254299
2006-03-16 12:00:00,0.11425813,0.08776207,0.09678145,0.09624011,0.08664585,0.092808716,0.10496805,0.09652814,0.08791342,0.08203124
2006-04-16 00:00:00,0.0981523,0.08860019,0.08997469,0.09351907,0.09453893,0.08927117,0.10402237,0.095380194,0.086144,0.09651187
2006-05-16 12:00:00,0.09845414,0.103763066,0.10881483,0.10059146,0.09531547,0.09904882,0.10355685,0.09301986,0.09563184,0.087483
2006-06-16 00:00:00,0.104164466,0.11090175,0.10265671,0.10720387,0.1020583,0.11036532,0.100028366,0.10491004,0.10071228,0.11063365
2006-07-16 12:00:00,0.10389145,0.11730364,0.11618488,0.106453285,0.11034406,0.10894735,0.11113977,0.108096376,0.09711965,0.10957185
2006-08-16 12:00:00,0.12173651,0.12640254,0.117363274,0.11733992,0.12415678,0.11576719,0.12104385,0.11486124,0.1075402,0.1401448
2006-09-16 00:00:00,0.11897893,0.11631839,0.11454778,0.10951157,0.10950501,0.12359604,0.11878707,0.11547369,0.11526904,0.12637821
2006-10-16 12:00:00,0.10431733,0.09756732,0.09070937,0.09972069,0.103360735,0.101195425,0.10300352,0.1136476,0.10646206,0.088818625
2006-11-16 00:00:00,0.10361704,0.095735066,0.1011895,0.10268521,0.10361008,0.10186309,0.10713761,0.09605013,0.10261576,0.10010843
2006-12-16 12:00:00,0.11669574,0.112990506,0.101309404,0.10257184,0.093550935,0.12003955,0.10922844,0.11296785,0.0988304,0.111421786
2007-01-16 12:00:00,0.10110487,0.103631765,0.11013424,0.096407525,0.10446242,0.111656904,0.11150932,0.10597762,0.10622845,0.109483905
2007-02-15 00:00:00,0.107729465,0.101068094,0.10228444,0.088491306,0.089054234,0.10167303,0.097093664,0.10062544,0.09499704,0.103336215
2007-03-16 12:00:00,0.09838361,0.10048104,0.09668341,0.08737461,0.09699796,0.10358287,0.097136095,0.098618805,0.08504574,0.111830644
2007-04-16 00:00:00,0.09106643,0.09404898,0.082893796,0.092188075,0.0946324,0.0914169,0.09804974,0.09249439,0.0865763,0.11097538
2007-05-16 12:00:00,0.10793424,0.10037843,0.09719859,0.09909366,0.08981627,0.09670421,0.11047451,0.10943094,0.103635445,0.10967492
2007-06-16 00:00:00,0.11220915,0.107440546,0.091562524,0.10191713,0.09723462,0.098291226,0.10592202,0.11036029,0.098733835,0.11024629
2007-07-16 12:00:00,0.10372347,0.106041916,0.101360045,0.109028585,0.10715578,0.11610531,0.11700596,0.10698887,0.0983858,0.118067764
2007-08-16 12:00:00,0.119221576,0.11745668,0.10926551,0.12121228,0.101458885,0.11661064,0.11712448,0.12641002,0.107516654,0.13002916
2007-09-16 00:00:00,0.12879042,0.117857896,0.110846505,0.114086926,0.11378032,0.1251701,0.12763904,0.11336742,0.10863655,0.11947787
2007-10-16 12:00:00,0.09630395,0.11523068,0.10231433,0.09255725,0.116620526,0.10573295,0.097628996,0.11643605,0.08798336,0.09938202
2007-11-16 00:00:00,0.12114779,0.10240047,0.0986033,0.095218986,0.10586377,0.10304298,0.10702325,0.10320811,0.10562046,0.114836745
2007-12-16 12:00:00,0.12019741,0.10906102,0.109490365,0.10307622,0.12091542,0.12341115,0.113275774,0.102068394,0.106445126,0.10428356
2008-01-16 12:00:00,0.09549053,0.11210585,0.10328212,0.10678404,0.10659045,0.119271085,0.09939106,0.11645978,0.09686538,0.10102818
2008-02-15 12:00:00,0.102302305,0.0885401,0.0949761,0.092714,0.09510824,0.10618548,0.09453287,0.10869628,0.096141875,0.0970026
2008-03-16 12:00:00,0.09284153,0.085346274,0.10243568,0.09039595,0.09752395,0.10583574,0.098755814,0.096003324,0.09749077,0.09993793
2008-04-16 00:00:00,0.08898296,0.090741195,0.10787798,0.09801847,0.096698605,0.103759326,0.10818185,0.09742462,0.09624347,0.1049209
2008-05-16 12:00:00,0.08738874,0.08681764,0.1114947,0.10230122,0.09660416,0.113315225,0.10664881,0.09760989,0.094478376,0.10753199
2008-06-16 00:00:00,0.09565194,0.10660945,0.10386814,0.09884873,0.110282645,0.1074846,0.10708149,0.10801403,0.11035554,0.1064843
2008-07-16 12:00:00,0.1060267,0.10605758,0.096886374,0.1033474,0.11048064,0.10631983,0.11066774,0.115641996,0.10978808,0.110106684
2008-08-16 12:00:00,0.115761414,0.124024004,0.11646155,0.122652516,0.115039274,0.1271592,0.12316288,0.11886851,0.10778715,0.12868994
2008-09-16 00:00:00,0.12367964,0.111791246,0.105277464,0.104922235,0.11085503,0.12372278,0.12073348,0.104186885,0.12239226,0.120271005
2008-10-16 12:00:00,0.092699856,0.117947,0.10476909,0.09754053,0.10451041,0.106900305,0.111702256,0.09230768,0.08998608,0.10876598
2008-11-16 00:00:00,0.10021756,0.102009594,0.11075605,0.10712776,0.09855673,0.11175628,0.10042499,0.1043663,0.10070111,0.11036673
2008-12-16 12:00:00,0.10658011,0.111369275,0.11135786,0.106135845,0.10260961,0.10798622,0.095916666,0.1114889,0.1126061,0.11027028
2009-01-16 12:00:00,0.11620358,0.09957056,0.112732805,0.09469259,0.10146321,0.10561368,0.104687184,0.10313682,0.10429618,0.11178793
2009-02-15 00:00:00,0.096164554,0.09356923,0.106119975,0.09900137,0.08767957,0.09640851,0.09286882,0.10707481,0.10266855,0.09760034
2009-03-16 12:00:00,0.08283214,0.08804237,0.090338685,0.08441969,0.09793119,0.09232196,0.089106604,0.089892365,0.09384214,0.1053104
2009-04-16 00:00:00,0.09463383,0.07858373,0.09136064,0.09698608,0.08819994,0.10610467,0.08744683,0.0981372,0.08908655,0.09261235
2009-05-16 12:00:00,0.09201064,0.0986836,0.09454724,0.10014483,0.10228299,0.11059322,0.10372317,0.09425464,0.09285515,0.09284326
2009-06-16 00:00:00,0.102645375,0.10072526,0.091922864,0.090648025,0.0903421,0.115902945,0.10541901,0.103432074,0.10688513,0.10182115
2009-07-16 12:00:00,0.12115663,0.10687273,0.11439713,0.10888226,0.114840224,0.10759203,0.12134628,0.118475385,0.10593168,0.11187917
2009-08-16 12:00:00,0.11929081,0.12387732,0.113524795,0.113701455,0.11021761,0.11780787,0.11204295,0.11124653,0.10704136,0.11409824
2009-09-16 00:00:00,0.11639356,0.11402033,0.11843376,0.110447176,0.109104976,0.11551893,0.13194056,0.10370779,0.120548315,0.110653706
2009-10-16 12:00:00,0.10552615,0.1011948,0.104225546,0.098318465,0.12397745,0.10042964,0.10427589,0.10425008,0.10215396,0.11376754
2009-11-16 00:00:00,0.10646661,0.100139275,0.0987298,0.099177845,0.09181594,0.10722194,0.10570196,0.11598411,0.10817107,0.120456204
2009-12-16 12:00:00,0.09825741,0.10596919,0.111273296,0.10035545,0.10161253,0.1069701,0.11352782,0.1080955,0.11253467,0.10617217
2010-01-16 12:00:00,0.11468076,0.11087489,0.10471432,0.11066689,0.099793576,0.115211666,0.10221854,0.098783135,0.10237557,0.105014965
2010-02-15 00:00:00,0.100802265,0.08745014,0.089392066,0.09625385,0.09950615,0.09666092,0.10373833,0.10137229,0.101763465,0.10066789
2010-03-16 12:00:00,0.10502936,0.09911872,0.0925466,0.092049256,0.08750935,0.09859377,0.08739501,0.10088987,0.10191787,0.08674876
2010-04-16 00:00:00,0.10184796,0.09927564,0.08169811,0.102458075,0.08739115,0.09015814,0.089473784,0.087464154,0.094846584,0.08311714
2010-05-16 12:00:00,0.10704953,0.114420526,0.09407117,0.099140644,0.099386275,0.10593509,0.100197285,0.10140033,0.085574776,0.09751766
2010-06-16 00:00:00,0.11388575,0.10165684,0.097473145,0.111790925,0.10178115,0.1039902,0.10660022,0.10087771,0.1014772,0.10376786
2010-07-16 12:00:00,0.109190084,0.11448211,0.10009545,0.1007609,0.114561975,0.12274993,0.12783834,0.12827204,0.10636148,0.10808489
2010-08-16 12:00:00,0.105222315,0.10934651,0.11118895,0.100738026,0.11768968,0.11989766,0.13282035,0.11169082,0.12870009,0.12455666
2010-09-16 00:00:00,0.12061604,0.12374495,0.111482024,0.099788845,0.12788679,0.119042456,0.14016815,0.10887033,0.116202354,0.10331959
2010-10-16 12:00:00,0.10110867,0.10557991,0.09569821,0.11284518,0.110742606,0.10052252,0.123351544,0.100659996,0.10494311,0.0852032
2010-11-16 00:00:00,0.10786037,0.118850484,0.0942963,0.115226544,0.113577515,0.10391651,0.09659614,0.09539644,0.10925121,0.0966242
2010-12-16 12:00:00,0.10788102,0.1099482,0.10778752,0.10246374,0.10451177,0.11089604,0.1213423,0.112111405,0.11385388,0.10813446
2011-01-16 12:00:00,0.09820188,0.110811785,0.09676116,0.098352715,0.10233097,0.11195134,0.103725664,0.11525393,0.09684415,0.09795151
2011-02-15 00:00:00,0.091873035,0.096215256,0.09134501,0.10471522,0.10381649,0.11701264,0.117721535,0.093478106,0.099950016,0.09932939
2011-03-16 12:00:00,0.08410919,0.10569807,0.10181766,0.09057393,0.0902917,0.09804236,0.10690924,0.10041785,0.096106134,0.08649328
2011-04-16 00:00:00,0.09285288,0.09504851,0.10925068,0.09104386,0.10103179,0.09412445,0.10199361,0.086086,0.09003851,0.08160441
2011-05-16 12:00:00,0.09749212,0.09863608,0.09646144,0.09137616,0.08928483,0.10537098,0.09602474,0.09723696,0.09597967,0.10060356
2011-06-16 00:00:00,0.103898406,0.101987205,0.107312486,0.10853619,0.09696317,0.115447715,0.11160507,0.10366509,0.10251466,0.10149422
2011-07-16 12:00:00,0.09949164,0.11650162,0.103103526,0.10283123,0.10888218,0.11059797,0.1028416,0.11688572,0.10665559,0.10987991
2011-08-16 12:00:00,0.12449017,0.12256571,0.104243375,0.116907254,0.115876816,0.12249202,0.10926175,0.11808346,0.11389381,0.11817494
2011-09-16 00:00:00,0.11798069,0.11134227,0.11570906,0.10750035,0.115093164,0.117874525,0.11525181,0.114061795,0.11774012,0.12719302
2011-10-16 12:00:00,0.11293236,0.09609695,0.11443313,0.099613525,0.09728581,0.107582815,0.10602489,0.10168731,0.102391765,0.100682765
2011-11-16 00:00:00,0.104997635,0.1093241,0.104282886,0.099275745,0.100258,0.105890065,0.109925605,0.10164337,0.121389925,0.10732781
2011-12-16 12:00:00,0.10505193,0.094601825,0.09672993,0.104267776,0.1025513,0.10399299,0.11260582,0.105722256,0.11145394,0.10088404
2012-01-16 12:00:00,0.11244042,0.09489904,0.106100604,0.109049685,0.10320885,0.103692174,0.10470934,0.09529874,0.08884013,0.108843446
2012-02-15 12:00:00,0.10572541,0.10263917,0.10676759,0.094185814,0.10324396,0.116682835,0.09553599,0.08762649,0.09940022,0.10579111
2012-03-16 12:00:00,0.09626527,0.10335772,0.10248838,0.090350226,0.0999034,0.10324254,0.08891283,0.09831,0.097104006,0.097875394
2012-04-16 00:00:00,0.09189756,0.10035512,0.10484487,0.09154748,0.08688058,0.102831274,0.088665664,0.090443745,0.10438313,0.096338466
2012-05-16 12:00:00,0.1002721,0.09940352,0.09851452,0.09207585,0.114934824,0.118380785,0.08821152,0.09107223,0.10211898,0.08983161
2012-06-16 00:00:00,0.10605065,0.10050161,0.10269824,0.10276732,0.10004201,0.11060546,0.111561924,0.099680424,0.10490603,0.102842234
2012-07-16 12:00:00,0.114045724,0.11521186,0.10782542,0.10229173,0.108753406,0.10525385,0.10847685,0.10601936,0.11229453,0.12063132
2012-08-16 12:00:00,0.111773,0.11946976,0.12715918,0.11273449,0.11626729,0.10234642,0.11963391,0.13333985,0.10819226,0.12567574
2012-09-16 00:00:00,0.11824018,0.11576768,0.10234433,0.11166915,0.1192391,0.11182598,0.12369966,0.112272635,0.112274386,0.12594233
2012-10-16 12:00:00,0.110462844,0.10007607,0.09115317,0.107605,0.10062458,0.092258446,0.109055005,0.11288019,0.10970007,0.101387955
2012-11-16 00:00:00,0.11801261,0.11502362,0.092851646,0.096995205,0.09998968,0.117440686,0.12822796,0.1104872,0.09860832,0.101918556
2012-12-16 12:00:00,0.10435252,0.0991631,0.09728518,0.09522114,0.10102773,0.109971546,0.11313867,0.114241205,0.10229681,0.10036851
2013-01-16 12:00:00,0.09734443,0.11525635,0.10946489,0.10553653,0.10934636,0.10879194,0.103098534,0.093922056,0.102941565,0.113698065
2013-02-15 00:00:00,0.09317374,0.096061304,0.099250406,0.10240637,0.097314,0.08429778,0.10259334,0.10549323,0.100409284,0.10254802
2013-03-16 12:00:00,0.10015015,0.10584479,0.09029306,0.09287232,0.10291711,0.09622457,0.105383694,0.09619542,0.089043915,0.10523931
2013-04-16 00:00:00,0.11103588,0.0925214,0.093128845,0.093993135,0.105645195,0.0936534,0.10196657,0.0945398,0.09272775,0.10319634
2013-05-16 12:00:00,0.106531546,0.09964677,0.09510381,0.09433636,0.1073764,0.10040894,0.097571775,0.08413523,0.09739835,0.10395103
2013-06-16 00:00:00,0.104162075,0.099669255,0.09906511,0.1059074,0.103445515,0.10612056,0.10679403,0.098835975,0.09476456,0.10252792
2013-07-16 12:00:00,0.11285493,0.10805998,0.1008996,0.1110867,0.108661555,0.10168284,0.1158369,0.10761977,0.10312245,0.1124707
2013-08-16 12:00:00,0.11414077,0.13462017,0.119599834,0.110134766,0.12312382,0.12036805,0.11897664,0.1235873,0.119813435,0.10643544
2013-09-16 00:00:00,0.123921506,0.12857255,0.14072864,0.11309971,0.13092312,0.1271138,0.11894657,0.11883832,0.12572917,0.103578754
2013-10-16 12:00:00,0.10335025,0.09693061,0.10655179,0.10266641,0.10404889,0.09841549,0.11132445,0.10387376,0.10847454,0.10678264
2013-11-16 00:00:00,0.091918506,0.10473499,0.09671377,0.106609344,0.102297015,0.1027771,0.107721,0.07965228,0.10345495,0.09524867
2013-12-16 12:00:00,0.10709071,0.11301495,0.093144014,0.11499707,0.098026745,0.104735665,0.10241791,0.110994995,0.11051005,0.10777854
2014-01-16 12:00:00,0.11855752,0.114638805,0.10055771,0.11448003,0.10007593,0.10519777,0.095659874,0.10181928,0.10221186,0.09873658
2014-02-15 00:00:00,0.12632585,0.10099588,0.09780557,0.10602751,0.093602575,0.10110826,0.09983666,0.11344859,0.10823532,0.09420903
2014-03-16 12:00:00,0.10652978,0.10050982,0.088417135,0.097588085,0.09311621,0.09708595,0.099826604,0.08723558,0.08948628,0.09819552
2014-04-16 00:00:00,0.10185182,0.09848179,0.09812877,0.0858064,0.089697726,0.09182108,0.10821095,0.09807658,0.097558066,0.07761601
2014-05-16 12:00:00,0.10657856,0.1031198,0.09314821,0.1018603,0.10475703,0.098821364,0.10729027,0.100941226,0.097603075,0.09740853
2014-06-16 00:00:00,0.11496956,0.10692751,0.09805226,0.09829522,0.10995222,0.101119645,0.09589777,0.11344156,0.1095961,0.10062609
2014-07-16 12:00:00,0.09880822,0.1090215,0.10030245,0.10604388,0.09695945,0.10769626,0.09935677,0.104277395,0.09508258,0.1042695
2014-08-16 12:00:00,0.123133235,0.13213392,0.10554399,0.11106489,0.10247334,0.12330239,0.13039899,0.1302922,0.12026677,0.13001722
2014-09-16 00:00:00,0.12892042,0.12455803,0.11517404,0.103367224,0.13821433,0.10558463,0.12949637,0.120707534,0.11702058,0.11016858
2014-10-16 12:00:00,0.10999235,0.09302862,0.11480003,0.099440075,0.11079595,0.12089192,0.109075606,0.10293017,0.1082585,0.110577315
2014-11-16 00:00:00,0.11128506,0.10481121,0.0975423,0.09770791,0.105109796,0.092489526,0.11153979,0.102698505,0.10468428,0.10399826
2014-12-16 12:00:00,0.12311373,0.11171452,0.103414,0.10825405,0.10565528,0.112236485,0.12056975,0.10636979,0.10781882,0.10372038
