time,r2i1p1f1,r8i1p1f1,r7i1p1f1,r6i1p1f1,r10i1p1f1,r5i1p1f1,r1i1p1f1,r3i1p1f1,r4i1p1f1,r9i1p1f1
1979-01-15 12:00:00,0.10779817,0.115079716,0.10940073,0.123639256,0.10261054,0.112385266,0.10897217,0.09859198,0.09298931,0.11253132
1979-02-14 00:00:00,0.114226215,0.09306225,0.11060669,0.10153473,0.10014076,0.093663275,0.10106363,0.11244355,0.11511367,0.10394126
1979-03-15 12:00:00,0.1036511,0.07940636,0.10782835,0.10236573,0.09323248,0.09548935,0.10654628,0.09877445,0.079957105,0.10119083
1979-04-15 00:00:00,0.10284276,0.09474486,0.116823986,0.08444228,0.09443871,0.09864554,0.09066196,0.093145564,0.086053275,0.11582156
1979-05-15 12:00:00,0.08995247,0.08318114,0.099427566,0.093667194,0.09870648,0.08406959,0.08839172,0.09634518,0.09517823,0.0970732
1979-06-15 00:00:00,0.094872735,0.07677862,0.09230558,0.090076566,0.086131506,0.075771555,0.09046773,0.08580789,0.086116076,0.088827625
1979-07-15 12:00:00,0.09892782,0.080416694,0.083464004,0.08030241,0.089073986,0.087176025,0.09475605,0.08968772,0.09049363,0.0959256
1979-08-15 12:00:00,0.08979612,0.10477644,0.10500393,0.10701541,0.09455195,0.07862067,0.09489195,0.10370357,0.08883535,0.10301167
1979-09-15 00:00:00,0.092167884,0.10426162,0.096880674,0.09713905,0.096713066,0.107266046,0.1155211,0.09748827,0.09774469,0.10828514
1979-10-15 12:00:00,0.11822114,0.109792285,0.12413605,0.10864881,0.10062817,0.10950552,0.1407762,0.1205238,0.13000895,0.10598716
1979-11-15 00:00:00,0.11907748,0.100917265,0.123891726,0.1343224,0.11573596,0.09558138,0.11150665,0.11750516,0.116135664,0.117818356
1979-12-15 12:00:00,0.120178655,0.11602781,0.10067528,0.11902469,0.09862213,0.11111475,0.11956252,0.110372335,0.10289121,0.11216366
1980-01-15 12:00:00,0.107002184,0.10982226,0.1052436,0.1217028,0.1066325,0.106275044,0.10925784,0.09479561,0.10664035,0.11096567
1980-02-14 00:00:00,0.100493066,0.103759065,0.0966817,0.09768182,0.091892414,0.09733526,0.10934016,0.09069165,0.101691596,0.09884878
1980-03-15 12:00:00,0.11057434,0.092595816,0.09363298,0.10388109,0.09655654,0.09435575,0.110609405,0.10134646,0.09069436,0.10214421
1980-04-15 00:00:00,0.10120637,0.10409429,0.091975175,0.0962203,0.10702452,0.10563408,0.105798304,0.08844324,0.09685901,0.09808928
1980-05-15 12:00:00,0.086294144,0.09388899,0.091069855,0.086171746,0.092143305,0.091808885,0.0946313,0.079162054,0.088397555,0.09606011
1980-06-15 00:00:00,0.086603634,0.08536283,0.08695612,0.08218919,0.09582687,0.089046076,0.09399741,0.07781069,0.0895699,0.083637886
1980-07-15 12:00:00,0.08942814,0.09580517,0.08522103,0.09144388,0.088516854,0.0778205,0.089371346,0.10027817,0.09294089,0.08667346
1980-08-15 12:00:00,0.09897871,0.10239965,0.09086509,0.10001477,0.09084794,0.103595465,0.084981464,0.10167447,0.0942103,0.0968065
1980-09-15 00:00:00,0.11653183,0.10056993,0.10208727,0.11251578,0.112148724,0.10762272,0.093314186,0.10585314,0.1070625,0.10067568
1980-10-15 12:00:00,0.1159182,0.117922686,0.11278822,0.11402163,0.12036411,0.12482089,0.11688281,0.11096788,0.12751298,0.10146245
1980-11-15 00:00:00,0.12623139,0.110498145,0.11604019,0.11767014,0.12403201,0.108691834,0.10689662,0.11073304,0.1193376,0.102259785
1980-12-15 12:00:00,0.118775785,0.10754587,0.10206222,0.12127936,0.11574306,0.115100384,0.10323491,0.11886729,0.115596846,0.11095543
1981-01-15 12:00:00,0.120222844,0.10233703,0.10747624,0.09922262,0.12195749,0.102419436,0.093211025,0.095445015,0.10426694,0.0985956
1981-02-14 00:00:00,0.110379025,0.09733467,0.10947443,0.10848519,0.10304595,0.10664725,0.10995012,0.09722232,0.09990454,0.10154737
1981-03-15 12:00:00,0.09894167,0.09885019,0.09247427,0.102990665,0.09035771,0.092584014,0.10401529,0.10293111,0.11306985,0.101354085
1981-04-15 00:00:00,0.104883514,0.098737724,0.09849578,0.10302573,0.0974798,0.10286283,0.10637287,0.10631319,0.10580012,0.09994262
1981-05-15 12:00:00,0.096591674,0.0811393,0.0946717,0.098661125,0.086659305,0.07861172,0.10242223,0.08920162,0.10155854,0.08197257
1981-06-15 00:00:00,0.08781491,0.08831026,0.08726169,0.1008363,0.08905088,0.07922671,0.091224715,0.08348466,0.093394995,0.08172562
1981-07-15 12:00:00,0.08356072,0.09089815,0.08593301,0.07622391,0.09336491,0.08183063,0.08625061,0.08525903,0.07968036,0.080770604
1981-08-15 12:00:00,0.09872897,0.10001844,0.10889992,0.09770608,0.094233505,0.09526608,0.10659187,0.10209324,0.11359791,0.09270302
1981-09-15 00:00:00,0.09626589,0.114129305,0.09674196,0.103631675,0.10009836,0.10364905,0.113300495,0.094936036,0.11611697,0.103965834
1981-10-15 12:00:00,0.122862786,0.11629124,0.14058115,0.12372124,0.111895666,0.10752581,0.11263178,0.11188465,0.11870021,0.111111075
1981-11-15 00:00:00,0.12666945,0.11298484,0.12188253,0.1322737,0.108003534,0.105645515,0.11406964,0.11731559,0.13316458,0.11606287
1981-12-15 12:00:00,0.10805639,0.10773581,0.10664174,0.10584819,0.09888122,0.10416939,0.10693658,0.12747148,0.1112311,0.10057092
1982-01-15 12:00:00,0.12806189,0.111117154,0.113036215,0.1076831,0.11109707,0.11373631,0.115400925,0.11104471,0.1126572,0.105682604
1982-02-14 00:00:00,0.11686802,0.09586103,0.10273564,0.109582394,0.102675065,0.11903779,0.10416831,0.102316834,0.10624975,0.09787659
1982-03-15 12:00:00,0.10884053,0.10470656,0.11218242,0.11817428,0.09922782,0.11584746,0.10079591,0.10013418,0.10970365,0.094371915
1982-04-15 00:00:00,0.09454375,0.08609548,0.10472571,0.092079125,0.10050702,0.09785741,0.09538784,0.10451964,0.109317616,0.09032666
1982-05-15 12:00:00,0.0908911,0.08709124,0.100904524,0.09796791,0.09622194,0.08903013,0.09443162,0.09580071,0.09711446,0.08451823
1982-06-15 00:00:00,0.08097725,0.07398909,0.10685121,0.09847317,0.08562209,0.09386575,0.08187825,0.08853712,0.099051684,0.08828985
1982-07-15 12:00:00,0.09779995,0.08159113,0.09062645,0.08547962,0.09013017,0.08753966,0.0778971,0.08057487,0.10372136,0.090155564
1982-08-15 12:00:00,0.10652878,0.10857039,0.09768511,0.09436591,0.08291595,0.102240786,0.10688957,0.09925331,0.088720046,0.09640113
1982-09-15 00:00:00,0.11807463,0.10335342,0.09165786,0.10210436,0.09415163,0.11080006,0.1157077,0.099215545,0.09441207,0.106863886
1982-10-15 12:00:00,0.12406525,0.113409944,0.11658426,0.10814798,0.12593418,0.11784797,0.109788746,0.11250652,0.108009495,0.10447283
1982-11-15 00:00:00,0.10290912,0.1034359,0.099813655,0.111160494,0.108303,0.11073037,0.12039849,0.11633161,0.11022383,0.12438748
1982-12-15 12:00:00,0.10212389,0.10700385,0.11033316,0.09572869,0.10293343,0.10553898,0.11324192,0.118705764,0.101069614,0.1065585
1983-01-15 12:00:00,0.117606044,0.1077535,0.103291295,0.11782282,0.107484736,0.108968526,0.09977537,0.11334554,0.120367795,0.10510799
1983-02-14 00:00:00,0.105322585,0.10973174,0.09845031,0.10558736,0.10895138,0.11438047,0.09519693,0.112815365,0.10515535,0.09092437
1983-03-15 12:00:00,0.11819874,0.10972237,0.10779846,0.11149242,0.102680564,0.10412602,0.087014504,0.097113565,0.10902365,0.09880725
1983-04-15 00:00:00,0.10477654,0.102010526,0.09256344,0.09175183,0.0994396,0.099577315,0.09242808,0.097115815,0.09772895,0.09583612
1983-05-15 12:00:00,0.10183059,0.09796594,0.08938532,0.08916557,0.09346261,0.08976328,0.099132426,0.0934561,0.10011058,0.08573919
1983-06-15 00:00:00,0.093851835,0.092465796,0.077870496,0.0867776,0.082662016,0.090721235,0.0852879,0.0857278,0.092419684,0.08180094
1983-07-15 12:00:00,0.08978419,0.09212,0.08749486,0.08885321,0.08152207,0.08555754,0.08431343,0.090914354,0.07846673,0.09096332
1983-08-15 12:00:00,0.10782793,0.10405422,0.10128679,0.11341575,0.09200852,0.093380205,0.0987722,0.100290336,0.10484602,0.08158992
1983-09-15 00:00:00,0.13154453,0.10982788,0.11237624,0.110726126,0.09641565,0.11558147,0.1063229,0.12036749,0.101599656,0.10242251
1983-10-15 12:00:00,0.12423369,0.12062849,0.113925025,0.10956241,0.120494224,0.10786838,0.116363876,0.1270905,0.11912274,0.12896986
1983-11-15 00:00:00,0.11333121,0.105308734,0.10997975,0.1270054,0.1163079,0.13098419,0.11370219,0.11499184,0.124468826,0.105662316
1983-12-15 12:00:00,0.11499262,0.106869936,0.099351734,0.12567993,0.119945236,0.11253198,0.11037726,0.113289066,0.121882774,0.10201004
1984-01-15 12:00:00,0.110724576,0.09903395,0.1100268,0.11190271,0.11646592,0.11638941,0.10141988,0.0998317,0.10851783,0.09746281
1984-02-14 00:00:00,0.1013768,0.09769095,0.095265985,0.11425456,0.11465365,0.11133073,0.10368043,0.122147694,0.10662866,0.08976497
1984-03-15 12:00:00,0.0934121,0.10194889,0.11130772,0.10910293,0.10284856,0.11985928,0.10012981,0.09937134,0.10498768,0.082291625
1984-04-15 00:00:00,0.09676665,0.09601088,0.1076566,0.10265683,0.09923912,0.10023521,0.1051657,0.09733459,0.10840172,0.07960135
1984-05-15 12:00:00,0.086495906,0.09337186,0.09924116,0.09339541,0.08843127,0.103726976,0.09773369,0.094621226,0.09186797,0.08111972
1984-06-15 00:00:00,0.0861155,0.089843504,0.07219919,0.08392652,0.08457521,0.0806862,0.08746368,0.08599904,0.093934834,0.08518734
1984-07-15 12:00:00,0.0889548,0.08449682,0.082114235,0.09666079,0.086279824,0.08599488,0.0833518,0.09671853,0.09347724,0.089931674
1984-08-15 12:00:00,0.10945982,0.10366174,0.08638771,0.11312348,0.09610956,0.09457019,0.0992094,0.09717218,0.09987155,0.09635888
1984-09-15 00:00:00,0.10872681,0.11285261,0.10085395,0.117414534,0.08790493,0.11045919,0.12703438,0.09115277,0.1072537,0.10586761
1984-10-15 12:00:00,0.12061363,0.11523803,0.113686584,0.12306135,0.115527816,0.12078555,0.12209803,0.122283645,0.10179865,0.10188264
1984-11-15 00:00:00,0.1074951,0.09940878,0.109742254,0.12981965,0.11800689,0.11956088,0.115567446,0.11117327,0.108106546,0.11135577
1984-12-15 12:00:00,0.1040004,0.11425372,0.10161365,0.10681851,0.123488925,0.114502355,0.105003685,0.113724,0.12103622,0.10207391
1985-01-15 12:00:00,0.105822705,0.09530758,0.1127574,0.10529936,0.09496156,0.10406776,0.10282123,0.119009696,0.1193727,0.10928672
1985-02-14 00:00:00,0.09861601,0.10907132,0.09970301,0.10410901,0.101797044,0.105704226,0.105297185,0.11628149,0.10477686,0.10053815
1985-03-15 12:00:00,0.10909652,0.103608415,0.111176714,0.11415495,0.089856155,0.10948572,0.10759755,0.10418726,0.09098195,0.09430452
1985-04-15 00:00:00,0.10169345,0.096796766,0.105724454,0.10158194,0.08316555,0.096624516,0.08917951,0.11112214,0.09882461,0.08396473
1985-05-15 12:00:00,0.101678655,0.097849384,0.099226736,0.094353676,0.08621216,0.08165073,0.102223895,0.10629632,0.089834735,0.07397434
1985-06-15 00:00:00,0.081816554,0.08836892,0.09674446,0.099419326,0.085293815,0.089149386,0.08862528,0.08410474,0.095176436,0.06540476
1985-07-15 12:00:00,0.09061622,0.09775931,0.09681966,0.08656041,0.08647389,0.0848457,0.1033727,0.08670705,0.09030405,0.07919435
1985-08-15 12:00:00,0.10794723,0.09143667,0.10377288,0.107853115,0.097281486,0.11393124,0.11187722,0.089342736,0.101798646,0.09253777
1985-09-15 00:00:00,0.10191112,0.105088495,0.10938046,0.11619576,0.09676637,0.13180365,0.10930921,0.12170159,0.10564101,0.100211866
1985-10-15 12:00:00,0.107460424,0.10123979,0.10296307,0.10180771,0.121117055,0.11163636,0.11023805,0.11236785,0.115174115,0.11618045
1985-11-15 00:00:00,0.12600945,0.11964469,0.1141871,0.11458933,0.11577088,0.1124318,0.122155584,0.11855262,0.12380764,0.11540755
1985-12-15 12:00:00,0.11443274,0.091932066,0.11585646,0.116588034,0.10424472,0.10218968,0.10188882,0.12584203,0.12785767,0.11631409
1986-01-15 12:00:00,0.11657636,0.10779395,0.10615425,0.096677415,0.0928123,0.105626486,0.1103335,0.110183366,0.12857153,0.10306053
1986-02-14 00:00:00,0.09579713,0.104454905,0.11602604,0.111249365,0.09624639,0.106701516,0.11992605,0.11954391,0.10498723,0.10198723
1986-03-15 12:00:00,0.095272504,0.10348981,0.11582043,0.105948575,0.09488509,0.09717071,0.11100598,0.09192071,0.09150649,0.100750916
1986-04-15 00:00:00,0.09085323,0.11022252,0.10737302,0.10964384,0.0965609,0.10236706,0.10759722,0.099263996,0.09517417,0.09712608
1986-05-15 12:00:00,0.08771415,0.0863701,0.09945163,0.09687776,0.09419651,0.091635495,0.09673268,0.08901037,0.08763525,0.092203975
1986-06-15 00:00:00,0.08773739,0.090125,0.091823645,0.09017886,0.08603625,0.08877798,0.082974575,0.08911995,0.0868999,0.079372615
1986-07-15 12:00:00,0.08331,0.08109771,0.09070999,0.087069914,0.082903385,0.087568514,0.0975459,0.096767396,0.092648044,0.083198264
1986-08-15 12:00:00,0.10354349,0.088735715,0.10253713,0.10497348,0.09880898,0.08713573,0.08620747,0.100721136,0.08899734,0.088555515
1986-09-15 00:00:00,0.10592707,0.10809126,0.10976057,0.10743669,0.11336989,0.09863439,0.11632105,0.09826251,0.09919113,0.10958858
1986-10-15 12:00:00,0.11441925,0.11293283,0.101359256,0.13001384,0.11036471,0.11634239,0.11648072,0.13021535,0.1102024,0.13891158
1986-11-15 00:00:00,0.12234886,0.13659841,0.11863877,0.12489727,0.117288664,0.10402652,0.112488486,0.11490668,0.1079553,0.11363514
1986-12-15 12:00:00,0.10649794,0.11161862,0.11498273,0.10243253,0.11458824,0.11485935,0.117768325,0.1092703,0.11246709,0.121635094
1987-01-15 12:00:00,0.11187845,0.10145076,0.1063544,0.10257792,0.11252604,0.10959237,0.10176431,0.114430234,0.10934632,0.11643278
1987-02-14 00:00:00,0.10633599,0.11462555,0.11409436,0.11121809,0.09866448,0.1012796,0.10325574,0.10462176,0.10749817,0.10159821
1987-03-15 12:00:00,0.10096205,0.11884825,0.106026255,0.10762721,0.09949835,0.10136156,0.10563819,0.11143523,0.09553586,0.09546487
1987-04-15 00:00:00,0.10013453,0.107430674,0.10052127,0.10795372,0.08269371,0.09727515,0.098682046,0.089854226,0.096274756,0.105689
1987-05-15 12:00:00,0.07626414,0.10358208,0.08558123,0.09225943,0.09273808,0.0957483,0.097342975,0.09828779,0.098149605,0.09281756
1987-06-15 00:00:00,0.09704816,0.09101546,0.079316735,0.083682,0.08271163,0.076591365,0.0839891,0.09851532,0.09749836,0.082310125
1987-07-15 12:00:00,0.095173314,0.088307776,0.091107935,0.0944669,0.088564955,0.09792071,0.086346634,0.086639106,0.083413996,0.088338085
1987-08-15 12:00:00,0.10215454,0.09087401,0.109131195,0.09016327,0.09447308,0.09365491,0.093124434,0.10952197,0.10350946,0.09243988
1987-09-15 00:00:00,0.095234446,0.10205571,0.11530754,0.11222277,0.11453306,0.11313414,0.121020384,0.106332876,0.10632584,0.09999021
1987-10-15 12:00:00,0.113244906,0.11657354,0.11314799,0.11736237,0.12009848,0.13536833,0.118135974,0.11765566,0.1302735,0.10134109
1987-11-15 00:00:00,0.11360061,0.113474965,0.11095647,0.11705859,0.10253694,0.11105406,0.11490584,0.12215512,0.10862698,0.110701986
1987-12-15 12:00:00,0.108526915,0.10533427,0.11058945,0.107099645,0.1090541,0.11500004,0.11712406,0.12131459,0.11078354,0.10555898
1988-01-15 12:00:00,0.10274406,0.10478668,0.098264895,0.10968747,0.10554027,0.10367536,0.10568933,0.111099824,0.117309004,0.104824685
1988-02-14 00:00:00,0.08857725,0.10304098,0.10700375,0.10922924,0.106163114,0.10262648,0.10538011,0.11334572,0.1043151,0.101434074
1988-03-15 12:00:00,0.10040627,0.10338242,0.10786479,0.10900143,0.09717755,0.10440428,0.10173909,0.1020704,0.08598022,0.098047405
1988-04-15 00:00:00,0.09185695,0.10223762,0.09338471,0.104309976,0.100593925,0.11592464,0.10187137,0.10755679,0.09394474,0.09939
1988-05-15 12:00:00,0.08734229,0.09263171,0.09443828,0.10541104,0.098425,0.10000424,0.08907913,0.095292464,0.091688305,0.08796684
1988-06-15 00:00:00,0.090467475,0.08519538,0.08418056,0.09988453,0.07861165,0.0920976,0.07845052,0.07970411,0.07957875,0.08965128
1988-07-15 12:00:00,0.097753406,0.087119766,0.102101535,0.086943336,0.08534924,0.08621445,0.1025539,0.08834604,0.09410315,0.09582839
1988-08-15 12:00:00,0.10488013,0.107793145,0.101895526,0.103855506,0.10107553,0.10190252,0.10033915,0.112397425,0.097391084,0.10436144
1988-09-15 00:00:00,0.11546291,0.102376916,0.11951696,0.096576095,0.098534375,0.103930116,0.09936975,0.0964805,0.12433031,0.11407838
1988-10-15 12:00:00,0.12097437,0.11968799,0.11593336,0.12596042,0.12394312,0.11084541,0.11509408,0.11482826,0.114330314,0.12214485
1988-11-15 00:00:00,0.11151158,0.12539633,0.11928398,0.110344425,0.11625298,0.12099007,0.09825922,0.12830736,0.121417396,0.112904586
1988-12-15 12:00:00,0.096359104,0.11297664,0.10539283,0.108238935,0.107144736,0.10169361,0.12030231,0.105073825,0.10859893,0.11877366
1989-01-15 12:00:00,0.11622588,0.10269649,0.098668344,0.10124312,0.101975895,0.100354485,0.121282965,0.108182,0.099484175,0.10315042
1989-02-14 00:00:00,0.10118975,0.10285396,0.10266562,0.10598936,0.10232077,0.10247366,0.10416108,0.108693935,0.09517292,0.10886133
1989-03-15 12:00:00,0.10710678,0.10319281,0.10173728,0.10153915,0.10398778,0.10272938,0.108352244,0.10897452,0.09456021,0.10648804
1989-04-15 00:00:00,0.11233976,0.091244474,0.10151033,0.094046555,0.10793354,0.109588504,0.10823494,0.10289311,0.10647101,0.10338463
1989-05-15 12:00:00,0.09377697,0.09253538,0.096624434,0.08699019,0.09260121,0.10135699,0.09510518,0.09363381,0.09680317,0.10071304
1989-06-15 00:00:00,0.08213316,0.08538464,0.088209994,0.08642828,0.08863018,0.0936848,0.07874777,0.0881597,0.09246589,0.0830898
1989-07-15 12:00:00,0.084987454,0.08539797,0.08616285,0.089041375,0.092230394,0.10082465,0.08956643,0.08378225,0.09476837,0.07959063
1989-08-15 12:00:00,0.086192265,0.09833137,0.09948059,0.098502405,0.0907878,0.10456514,0.09313102,0.10837074,0.103822805,0.101809755
1989-09-15 00:00:00,0.10641319,0.104538485,0.104021735,0.098551534,0.11220454,0.12182923,0.11952869,0.10883913,0.11312647,0.09687476
1989-10-15 12:00:00,0.110577114,0.117585815,0.13101833,0.10955855,0.10997736,0.12397285,0.12675378,0.1128621,0.10630514,0.10689436
1989-11-15 00:00:00,0.11586152,0.1075738,0.13386317,0.11527017,0.12176357,0.11574911,0.11973861,0.109569386,0.13761702,0.12736712
1989-12-15 12:00:00,0.12148878,0.113951206,0.11165423,0.11484764,0.12219004,0.11835459,0.12767898,0.1025606,0.115019254,0.111453004
1990-01-15 12:00:00,0.12213712,0.11570564,0.11409245,0.11207658,0.12136274,0.1128268,0.115424015,0.120495036,0.114132695,0.117138654
1990-02-14 00:00:00,0.119670525,0.105173305,0.10941256,0.10880025,0.12522787,0.08681579,0.09243103,0.11255448,0.094648056,0.113806315
1990-03-15 12:00:00,0.09998782,0.10314442,0.1073597,0.10846073,0.10948344,0.09163552,0.10487779,0.096168295,0.10845117,0.09445516
1990-04-15 00:00:00,0.112133026,0.09905886,0.11306893,0.10754041,0.109983005,0.088344626,0.09745426,0.097140804,0.09881514,0.10066412
1990-05-15 12:00:00,0.09622032,0.09776294,0.0982824,0.09566688,0.09850013,0.09644659,0.088992305,0.097683005,0.08961639,0.09250652
1990-06-15 00:00:00,0.09050244,0.083349064,0.081939764,0.087977245,0.093848795,0.07503579,0.08288584,0.09810149,0.08588955,0.076826274
1990-07-15 12:00:00,0.091357514,0.07880474,0.07879277,0.10566192,0.08747212,0.0790597,0.07886705,0.09204588,0.101798736,0.09191374
1990-08-15 12:00:00,0.09702156,0.097398356,0.09793124,0.11437025,0.10060873,0.10978117,0.11601603,0.09291795,0.095268995,0.10118255
1990-09-15 00:00:00,0.0944062,0.09972185,0.10864114,0.10800914,0.10610291,0.12121352,0.1090002,0.10164434,0.10915528,0.109664015
1990-10-15 12:00:00,0.11487712,0.12721957,0.107379265,0.12181339,0.12191418,0.114695214,0.12467105,0.1334189,0.1108813,0.12256921
1990-11-15 00:00:00,0.11662988,0.11298108,0.12252285,0.12740962,0.11423654,0.10695479,0.118707545,0.11811721,0.12170351,0.11081678
1990-12-15 12:00:00,0.11622789,0.109049074,0.11973632,0.10751832,0.10939713,0.110548586,0.099732324,0.09527943,0.11782444,0.104347974
1991-01-15 12:00:00,0.114328414,0.10268154,0.12657252,0.10719423,0.10909746,0.11201463,0.1035088,0.113419145,0.107400045,0.10860605
1991-02-14 00:00:00,0.10975586,0.09727357,0.114200555,0.09718172,0.11019009,0.10972452,0.104527175,0.11890509,0.12844314,0.11528519
1991-03-15 12:00:00,0.10031764,0.09665991,0.10882067,0.108850375,0.107771486,0.08906843,0.10608278,0.11610173,0.11160433,0.099734105
1991-04-15 00:00:00,0.09575194,0.083394006,0.097142994,0.10666824,0.10254355,0.0830377,0.09160247,0.09977702,0.08789687,0.09821348
1991-05-15 12:00:00,0.08483612,0.081387214,0.09534375,0.07856352,0.09842301,0.074148186,0.097161666,0.09484949,0.091492526,0.08725505
1991-06-15 00:00:00,0.08522975,0.09169341,0.08561776,0.080772415,0.09136624,0.084691845,0.090009086,0.07719576,0.09319761,0.091698945
1991-07-15 12:00:00,0.081020035,0.08287858,0.09251532,0.087268434,0.093444146,0.09221114,0.0996776,0.07728547,0.09220346,0.08196934
1991-08-15 12:00:00,0.091674514,0.082588665,0.09443099,0.10218481,0.09111454,0.106770545,0.08642207,0.097654775,0.11472089,0.08637222
1991-09-15 00:00:00,0.11257336,0.106881484,0.10240914,0.115378916,0.08923222,0.12593962,0.11994865,0.10903623,0.10175097,0.105331756
1991-10-15 12:00:00,0.13142583,0.10400691,0.12728524,0.1116658,0.10289096,0.11763824,0.108238034,0.123868376,0.10972962,0.1256559
1991-11-15 00:00:00,0.1227308,0.11593016,0.12027437,0.11901026,0.13342163,0.11328821,0.1206103,0.11653615,0.11396068,0.1116706
1991-12-15 12:00:00,0.11730217,0.09682091,0.1142972,0.124014586,0.11617589,0.112705566,0.10325107,0.11099441,0.12095946,0.12056628
1992-01-15 12:00:00,0.10922393,0.09687865,0.10594711,0.11499402,0.11318297,0.11390277,0.11300844,0.104946174,0.105008684,0.107223235
1992-02-14 00:00:00,0.095769376,0.08907786,0.10795745,0.09975127,0.10847904,0.10396026,0.09797198,0.09670397,0.10381839,0.10260235
1992-03-15 12:00:00,0.09584124,0.0928918,0.100753374,0.09995254,0.09336794,0.08895234,0.08528439,0.11515232,0.09349388,0.09918962
1992-04-15 00:00:00,0.09357043,0.09944687,0.102660686,0.09025888,0.093168825,0.106870025,0.08251881,0.096988484,0.096053384,0.08242855
1992-05-15 12:00:00,0.082912676,0.09907308,0.07679405,0.10375582,0.09463363,0.10122951,0.09210249,0.1050402,0.10592109,0.08585871
1992-06-15 00:00:00,0.085991986,0.09341044,0.08524023,0.08842255,0.08307891,0.08704765,0.087091975,0.091080874,0.09025035,0.099809386
1992-07-15 12:00:00,0.092750296,0.09381145,0.10115965,0.077989034,0.09406101,0.09661809,0.091848984,0.088487916,0.08152674,0.085728265
1992-08-15 12:00:00,0.11042748,0.09800625,0.09775049,0.085577026,0.083735645,0.09652473,0.101223424,0.08958007,0.09677992,0.09830348
1992-09-15 00:00:00,0.11550545,0.116047695,0.1287487,0.111168146,0.1075126,0.0983082,0.12172334,0.10846968,0.096658796,0.102235384
1992-10-15 12:00:00,0.1211418,0.13825822,0.11299267,0.13158673,0.10763348,0.1229242,0.119882464,0.11476541,0.13099511,0.112741984
1992-11-15 00:00:00,0.12319723,0.110828854,0.11798874,0.11843881,0.116737194,0.116825074,0.10898693,0.11347541,0.11417884,0.107199825
1992-12-15 12:00:00,0.10176084,0.11663487,0.11753223,0.10601969,0.11905533,0.10814702,0.12425319,0.10430456,0.107209906,0.09864942
1993-01-15 12:00:00,0.10840888,0.11139408,0.10558509,0.10085229,0.105632275,0.0974953,0.11102753,0.09433596,0.10765304,0.10744138
1993-02-14 00:00:00,0.09601366,0.09569377,0.098839924,0.10171888,0.101281986,0.095879115,0.114823125,0.10363592,0.100560755,0.109394684
1993-03-15 12:00:00,0.09756232,0.09798075,0.10582329,0.115055844,0.09561366,0.09012512,0.10357721,0.1000581,0.1139243,0.11561971
1993-04-15 00:00:00,0.092485815,0.09321415,0.09675938,0.11120644,0.09491984,0.09396254,0.09469082,0.09634086,0.098750755,0.101258636
1993-05-15 12:00:00,0.08901991,0.08281235,0.09752918,0.10596865,0.08695502,0.10112635,0.09906292,0.09024515,0.089401424,0.10150182
1993-06-15 00:00:00,0.07585107,0.07966815,0.088764824,0.09604136,0.08645829,0.090119675,0.087199606,0.099370286,0.07811375,0.08314721
1993-07-15 12:00:00,0.08187831,0.07544607,0.07996682,0.08624649,0.081515886,0.088677175,0.07949726,0.09143053,0.08437769,0.085482135
1993-08-15 12:00:00,0.087086596,0.09008706,0.10823625,0.10040834,0.10342194,0.09331765,0.08553983,0.089255586,0.100734554,0.08874933
1993-09-15 00:00:00,0.10686637,0.117056765,0.108123735,0.09671033,0.09855316,0.10871411,0.1092564,0.10308004,0.09723609,0.11684298
1993-10-15 12:00:00,0.11219242,0.10481023,0.11397543,0.11058007,0.1174967,0.11271597,0.104960725,0.118180074,0.09922531,0.1222992
1993-11-15 00:00:00,0.12131116,0.12857597,0.12127113,0.1081213,0.10978102,0.12936847,0.12062408,0.11185486,0.1250524,0.119146444
1993-12-15 12:00:00,0.1053939,0.10985037,0.11063287,0.11882057,0.1112737,0.11532202,0.112247035,0.10323365,0.110032186,0.11321078
1994-01-15 12:00:00,0.11319254,0.11877037,0.09812413,0.094836935,0.09311702,0.10886167,0.09860354,0.10903151,0.10029507,0.103268445
1994-02-14 00:00:00,0.09458199,0.095272735,0.10277273,0.09613874,0.09238417,0.0998588,0.10124313,0.108730085,0.08657617,0.094188094
1994-03-15 12:00:00,0.09065082,0.10443444,0.101156,0.091511354,0.10681469,0.08951964,0.10269292,0.089777075,0.108445354,0.103183776
1994-04-15 00:00:00,0.08135513,0.101721756,0.10289721,0.09900659,0.096300125,0.0836385,0.10086166,0.09928339,0.090597704,0.0999529
1994-05-15 12:00:00,0.09046533,0.090593696,0.093337394,0.08410867,0.10126246,0.09330287,0.09203622,0.0980298,0.09445896,0.09080605
1994-06-15 00:00:00,0.08495018,0.08804445,0.07932365,0.085172206,0.09507651,0.077598535,0.09664648,0.07974792,0.08028954,0.081389
1994-07-15 12:00:00,0.10170067,0.08713377,0.09457358,0.09141115,0.088163555,0.08237922,0.0989905,0.08388151,0.10136207,0.07310167
1994-08-15 12:00:00,0.09365803,0.118584976,0.09900593,0.09766701,0.10112875,0.09392144,0.09766042,0.10954343,0.10398066,0.10725828
1994-09-15 00:00:00,0.09058676,0.10232448,0.109742425,0.11315775,0.11380728,0.102980316,0.093887225,0.094162986,0.11425491,0.10883887
1994-10-15 12:00:00,0.11526087,0.11069137,0.12142462,0.12156046,0.1196492,0.11095495,0.12437325,0.12554987,0.11968617,0.12356543
1994-11-15 00:00:00,0.10683238,0.108295135,0.118314855,0.12208525,0.120020635,0.10673207,0.113841765,0.112007886,0.10982694,0.117394984
1994-12-15 12:00:00,0.10730828,0.10535905,0.11865541,0.10510829,0.10786529,0.11005952,0.112784155,0.10635272,0.11232484,0.10356029
1995-01-15 12:00:00,0.108440146,0.095325656,0.10830885,0.10210762,0.10734917,0.107657574,0.09342082,0.10378134,0.09831282,0.10725426
1995-02-14 00:00:00,0.10402169,0.08673877,0.1010184,0.104421735,0.1078343,0.1131965,0.10834952,0.09059936,0.11834282,0.10491922
1995-03-15 12:00:00,0.10211776,0.089340106,0.10988869,0.08980643,0.10292827,0.09792168,0.11416043,0.10339587,0.09962157,0.0977887
1995-04-15 00:00:00,0.10423085,0.0894401,0.10580351,0.09051857,0.099912256,0.091831855,0.10298918,0.109794274,0.08548162,0.11181636
1995-05-15 12:00:00,0.09782163,0.085644774,0.09906108,0.0956434,0.10307098,0.099430926,0.0940848,0.11962651,0.09070046,0.095245145
1995-06-15 00:00:00,0.09824168,0.07919483,0.093267515,0.08959188,0.07661065,0.086634904,0.08600341,0.104014605,0.101601645,0.08394846
1995-07-15 12:00:00,0.097289585,0.084855184,0.08313248,0.08925241,0.091143996,0.09510023,0.09328512,0.08585652,0.09100353,0.08086463
1995-08-15 12:00:00,0.097986065,0.10136472,0.08542818,0.09383981,0.097798474,0.10073882,0.08735186,0.09323665,0.09004055,0.119119555
1995-09-15 00:00:00,0.10587808,0.1133178,0.09561314,0.11393288,0.09943696,0.110090524,0.098366424,0.108039714,0.10148659,0.09520158
1995-10-15 12:00:00,0.12607834,0.10398904,0.11911476,0.115392245,0.11187556,0.1191156,0.11851848,0.108892426,0.10548302,0.114902385
1995-11-15 00:00:00,0.117187716,0.111794285,0.1065584,0.12291196,0.11444387,0.114125006,0.111405246,0.1232387,0.11865001,0.09970343
1995-12-15 12:00:00,0.115959875,0.10072007,0.11638485,0.11374694,0.10515959,0.10947059,0.12417592,0.09858035,0.10412598,0.10941892
1996-01-15 12:00:00,0.1013234,0.10493245,0.1097435,0.10016843,0.104508094,0.10649615,0.09514784,0.11854874,0.10497465,0.103588484
1996-02-14 00:00:00,0.11361081,0.09407098,0.105308816,0.09834322,0.08798622,0.09129105,0.0849782,0.107647255,0.1015218,0.108303696
1996-03-15 12:00:00,0.102771,0.10650489,0.09918057,0.09084082,0.109825976,0.09822538,0.092941925,0.098675445,0.095636904,0.10510504
1996-04-15 00:00:00,0.09422404,0.088946976,0.095877096,0.08715606,0.09370711,0.09228497,0.09524266,0.100272216,0.10468295,0.09839591
1996-05-15 12:00:00,0.092982955,0.09581275,0.08976962,0.0765329,0.08135947,0.09290402,0.08249125,0.08918709,0.08024483,0.08587865
1996-06-15 00:00:00,0.09303132,0.0796446,0.0892858,0.08325884,0.08766191,0.08341987,0.084298916,0.07360901,0.074283555,0.09687628
1996-07-15 12:00:00,0.093698524,0.07420375,0.08615204,0.09401194,0.09828525,0.088026956,0.09509109,0.09946577,0.10224365,0.08586867
1996-08-15 12:00:00,0.09528148,0.09839504,0.095401555,0.09745634,0.09937085,0.09666875,0.09790514,0.10260034,0.101885505,0.09732262
1996-09-15 00:00:00,0.10062249,0.11729223,0.09839776,0.116070144,0.10372617,0.11020495,0.10602006,0.10146003,0.11340321,0.09506505
1996-10-15 12:00:00,0.109373614,0.1183193,0.1270828,0.116742596,0.102235675,0.11568941,0.10701745,0.12467277,0.11681036,0.10697648
1996-11-15 00:00:00,0.119258605,0.111944325,0.11575926,0.10857618,0.11272206,0.11403623,0.10743041,0.11830278,0.10785784,0.124083474
1996-12-15 12:00:00,0.10294727,0.09663026,0.1060936,0.10757201,0.10272832,0.10749173,0.102464885,0.12005905,0.11510653,0.11449719
1997-01-15 12:00:00,0.10947369,0.10665995,0.105698735,0.111125425,0.104310565,0.11437024,0.10830049,0.10366017,0.10432277,0.11009967
1997-02-14 00:00:00,0.110466115,0.10732168,0.10372317,0.0893216,0.099037744,0.093438454,0.123210564,0.11650066,0.101350516,0.09966417
1997-03-15 12:00:00,0.10491492,0.09775966,0.10573042,0.10039485,0.10765551,0.07854431,0.09793282,0.09146258,0.115680106,0.107884206
1997-04-15 00:00:00,0.094275825,0.08647501,0.10938941,0.10024911,0.10816116,0.089904286,0.093037985,0.08318387,0.11094873,0.10377323
1997-05-15 12:00:00,0.09438768,0.09290519,0.09612803,0.09200953,0.08552176,0.08235692,0.0884097,0.09020556,0.09632371,0.09371162
1997-06-15 00:00:00,0.09195487,0.09012581,0.09075519,0.081812516,0.08981854,0.0726739,0.086897716,0.09648167,0.08533078,0.07842881
1997-07-15 12:00:00,0.10075517,0.1033325,0.09597228,0.09997203,0.079774536,0.10002146,0.09175311,0.082181446,0.09501274,0.0901945
1997-08-15 12:00:00,0.11766643,0.10573708,0.08833442,0.08987779,0.091174684,0.10277474,0.090839244,0.088485576,0.109917976,0.08742429
1997-09-15 00:00:00,0.10468592,0.10461512,0.11587599,0.11018588,0.09855122,0.121312246,0.10523965,0.10519733,0.1209913,0.10142717
1997-10-15 12:00:00,0.12031169,0.12621891,0.12033549,0.12491837,0.10130828,0.11030061,0.11696568,0.11981497,0.117848136,0.111272156
1997-11-15 00:00:00,0.12418691,0.11515183,0.12798384,0.11616429,0.107668646,0.120362185,0.10488008,0.12550616,0.110976666,0.111107945
1997-12-15 12:00:00,0.099262394,0.10178935,0.10786523,0.10343645,0.114915125,0.11740547,0.11183544,0.10678121,0.10878502,0.107637525
1998-01-15 12:00:00,0.11133393,0.101561904,0.1032081,0.10546877,0.114142165,0.103851035,0.114732854,0.11058214,0.09536379,0.104321636
1998-02-14 00:00:00,0.098718114,0.10163374,0.0998727,0.10018552,0.100143716,0.10714158,0.12022044,0.091616035,0.10621648,0.11939031
1998-03-15 12:00:00,0.1047225,0.098271325,0.100720406,0.106616765,0.09676559,0.10119444,0.105686136,0.07875883,0.08906966,0.1130982
1998-04-15 00:00:00,0.10856307,0.08619333,0.09691816,0.10463164,0.10242633,0.097760715,0.104568206,0.08737246,0.08221509,0.105811134
1998-05-15 12:00:00,0.08916744,0.0949607,0.090981565,0.087515526,0.094741665,0.09399501,0.08624657,0.08474025,0.08378832,0.08629476
1998-06-15 00:00:00,0.08755311,0.08874744,0.08867669,0.084627554,0.08588554,0.092516206,0.08357917,0.07586564,0.09018153,0.085086636
1998-07-15 12:00:00,0.0957285,0.074311346,0.09527691,0.08469469,0.08114602,0.0861742,0.08003174,0.08450568,0.08494271,0.086581714
1998-08-15 12:00:00,0.111109346,0.10078111,0.11917573,0.09506942,0.08605454,0.096928194,0.11282141,0.10210577,0.09864371,0.09162382
1998-09-15 00:00:00,0.100264244,0.107367545,0.08795278,0.08711396,0.121275395,0.11679115,0.09762909,0.111738786,0.07965303,0.09524511
1998-10-15 12:00:00,0.11632059,0.12967427,0.12280842,0.11470436,0.106436834,0.1033195,0.11926904,0.113407396,0.1264732,0.10605915
1998-11-15 00:00:00,0.116568886,0.11024821,0.11193594,0.11931821,0.11328617,0.11687891,0.10513264,0.12572101,0.11635074,0.10954175
1998-12-15 12:00:00,0.11139739,0.09792999,0.10410819,0.12392265,0.11430247,0.1091961,0.10389353,0.1056037,0.11246063,0.11017025
1999-01-15 12:00:00,0.11972105,0.10054275,0.10834749,0.09576679,0.10565369,0.10392885,0.11622169,0.1239121,0.097263314,0.105475515
1999-02-14 00:00:00,0.10978558,0.09606811,0.09884925,0.103530586,0.1026487,0.096688405,0.098064534,0.120830655,0.10685113,0.09866879
1999-03-15 12:00:00,0.107854135,0.110550106,0.09159449,0.10811588,0.096140645,0.10655384,0.111710206,0.099857055,0.102017656,0.11024851
1999-04-15 00:00:00,0.10407998,0.11047716,0.100384414,0.11913633,0.095857404,0.09809294,0.11628542,0.08224954,0.09907224,0.10282055
1999-05-15 12:00:00,0.09457184,0.09310201,0.08096968,0.10275988,0.08909113,0.11450209,0.10157193,0.1028018,0.09676086,0.09757471
1999-06-15 00:00:00,0.085984156,0.08876488,0.0885491,0.08147905,0.08409221,0.0939947,0.09351494,0.08588318,0.08422484,0.0908991
1999-07-15 12:00:00,0.09002478,0.087993935,0.08596102,0.08185564,0.08148511,0.085561074,0.09248305,0.08511802,0.08303976,0.08350515
1999-08-15 12:00:00,0.100397184,0.110317454,0.08874666,0.09637273,0.118157916,0.088643804,0.09448009,0.09860534,0.10792975,0.08150688
1999-09-15 00:00:00,0.087414995,0.12709633,0.10531217,0.10427885,0.110841036,0.11389785,0.10609803,0.103812724,0.09251201,0.11302543
1999-10-15 12:00:00,0.11032649,0.12477249,0.11702464,0.12228393,0.10289768,0.12113087,0.11684153,0.13169047,0.110065416,0.12104234
1999-11-15 00:00:00,0.11995867,0.11119332,0.10859445,0.103753164,0.11700704,0.11638924,0.11564649,0.120807245,0.11477017,0.11721271
1999-12-15 12:00:00,0.12884055,0.11216108,0.112425976,0.11624728,0.09636547,0.1058827,0.10686856,0.10424572,0.1329275,0.12324326
2000-01-15 12:00:00,0.10297346,0.11837741,0.10588192,0.111103095,0.09480482,0.08459742,0.107176624,0.09966129,0.0933787,0.10911478
2000-02-14 00:00:00,0.11451963,0.09626162,0.10867679,0.10511916,0.097581275,0.10255626,0.11510105,0.104296654,0.10917898,0.10471005
2000-03-15 12:00:00,0.11066101,0.102171406,0.103386655,0.105538115,0.10624362,0.10075963,0.097572744,0.09724864,0.10655692,0.09944975
2000-04-15 00:00:00,0.094864026,0.1133816,0.09418171,0.105517745,0.09394379,0.101468906,0.09222891,0.092670865,0.1005852,0.105394885
2000-05-15 12:00:00,0.10909118,0.102597825,0.07951423,0.09415452,0.10433408,0.0883354,0.080452785,0.09591423,0.09935733,0.09989499
2000-06-15 00:00:00,0.08523353,0.09666275,0.0876683,0.08536881,0.08937188,0.088984214,0.086929835,0.08832157,0.08674094,0.099036984
2000-07-15 12:00:00,0.08214097,0.098494165,0.088431016,0.09130293,0.087289765,0.09784229,0.0798399,0.08902001,0.08708919,0.08894633
2000-08-15 12:00:00,0.08954241,0.08855891,0.099763215,0.08249466,0.10364383,0.09747336,0.10904592,0.088350624,0.097145595,0.09263162
2000-09-15 00:00:00,0.11387232,0.114347436,0.109386645,0.09406783,0.10489169,0.12029369,0.103894435,0.115318306,0.116092116,0.1004679
2000-10-15 12:00:00,0.10000927,0.12156047,0.124982044,0.11313226,0.116886064,0.12648907,0.11576537,0.11279786,0.119983256,0.114447795
2000-11-15 00:00:00,0.113157526,0.124887556,0.11999836,0.1205779,0.12340253,0.12831527,0.1154951,0.12587242,0.12203895,0.12462259
2000-12-15 12:00:00,0.096001066,0.10571926,0.119666524,0.11392988,0.114734896,0.10102043,0.103693195,0.10441016,0.107334234,0.107588686
2001-01-15 12:00:00,0.11238574,0.10840352,0.11532665,0.114162736,0.11397503,0.107272916,0.102534294,0.113460585,0.11875448,0.12086452
2001-02-14 00:00:00,0.10064688,0.09150159,0.10933159,0.10315027,0.10086937,0.11380412,0.10372258,0.12057518,0.106462434,0.09053249
2001-03-15 12:00:00,0.10979756,0.09799043,0.103850275,0.11136804,0.1130558,0.10601083,0.10547604,0.10208779,0.11185624,0.11066687
2001-04-15 00:00:00,0.09116669,0.10550002,0.101841405,0.10790234,0.108100235,0.09900309,0.09441273,0.11125991,0.10334756,0.104309514
2001-05-15 12:00:00,0.09590325,0.10318122,0.08943345,0.110321835,0.09722355,0.09652825,0.09045045,0.09237032,0.09057816,0.09244073
2001-06-15 00:00:00,0.09108131,0.09444588,0.09237448,0.08395057,0.09454342,0.08634479,0.092092425,0.09133202,0.08668757,0.080705106
2001-07-15 12:00:00,0.093053654,0.09847648,0.087923445,0.087598965,0.08738111,0.08351242,0.082022145,0.09477679,0.08274928,0.103878304
2001-08-15 12:00:00,0.08151595,0.092053324,0.08385588,0.089878716,0.10456412,0.10624646,0.084591545,0.10027621,0.1057997,0.09030348
2001-09-15 00:00:00,0.09781849,0.10764828,0.097375944,0.10499734,0.11425789,0.09517948,0.11214998,0.100378595,0.09954555,0.08233597
2001-10-15 12:00:00,0.12685175,0.1206107,0.11671195,0.11298625,0.12694424,0.1335343,0.123374015,0.08832396,0.12275483,0.115844265
2001-11-15 00:00:00,0.1235434,0.11172946,0.11893755,0.11051565,0.115536615,0.11195264,0.11124328,0.10297113,0.09968923,0.12124841
2001-12-15 12:00:00,0.11476265,0.1151998,0.11176359,0.11002634,0.10343004,0.11633469,0.116238214,0.1076374,0.10823604,0.10700754
2002-01-15 12:00:00,0.10040547,0.10689381,0.12330001,0.11850839,0.11000499,0.10056043,0.11069818,0.106404975,0.12478083,0.107509695
2002-02-14 00:00:00,0.09647905,0.117943324,0.10649124,0.121817224,0.11361413,0.10182551,0.09290677,0.093203865,0.111882515,0.10788982
2002-03-15 12:00:00,0.08253694,0.09284512,0.087174535,0.107909426,0.10887808,0.09004925,0.10235548,0.10381034,0.105551936,0.10682704
2002-04-15 00:00:00,0.09013698,0.08892823,0.08881172,0.11734983,0.10320182,0.08935744,0.09329927,0.097890586,0.10803048,0.11623698
2002-05-15 12:00:00,0.101812586,0.09187996,0.09759831,0.08719922,0.09704973,0.0981941,0.08188718,0.091872595,0.08767483,0.10290626
2002-06-15 00:00:00,0.07783281,0.08106587,0.07823345,0.08629109,0.09695192,0.08948655,0.08640726,0.09421529,0.08300666,0.09384141
2002-07-15 12:00:00,0.09046857,0.08633934,0.09625136,0.09089343,0.08857444,0.093019515,0.08807273,0.09342758,0.101990834,0.09814024
2002-08-15 12:00:00,0.100003764,0.107286856,0.10271734,0.08364754,0.1034868,0.10826362,0.1046065,0.09174854,0.10215323,0.11785682
2002-09-15 00:00:00,0.09307064,0.10074142,0.09661008,0.10282577,0.10695044,0.09369183,0.09774672,0.10975379,0.12495715,0.088524245
2002-10-15 12:00:00,0.112972714,0.121864386,0.12886624,0.10602456,0.11471237,0.10052973,0.1318072,0.10742881,0.12474354,0.1119533
2002-11-15 00:00:00,0.11449671,0.12564659,0.11867615,0.12986124,0.1070442,0.12063741,0.12168472,0.10568738,0.11001028,0.13032305
2002-12-15 12:00:00,0.106188014,0.11475347,0.10744286,0.122218244,0.12593573,0.10904858,0.10977227,0.11472428,0.119214155,0.118682116
2003-01-15 12:00:00,0.089464,0.10709165,0.10465087,0.10844229,0.099535845,0.1046128,0.12815416,0.09911886,0.10828099,0.11220298
2003-02-14 00:00:00,0.10648773,0.10858823,0.10950804,0.12729833,0.09920068,0.088488095,0.107337974,0.097285345,0.110146806,0.10388352
2003-03-15 12:00:00,0.102153294,0.10159852,0.11219883,0.11135315,0.098826006,0.100728214,0.11169943,0.092811644,0.113203675,0.0954678
2003-04-15 00:00:00,0.11367885,0.09875039,0.11243853,0.11133577,0.11076659,0.09395385,0.109823264,0.10729808,0.107853234,0.115536146
2003-05-15 12:00:00,0.09497245,0.09533594,0.08903876,0.09311942,0.095214576,0.08959303,0.09062469,0.09830367,0.09529709,0.08601523
2003-06-15 00:00:00,0.09074956,0.0888207,0.08715772,0.08481609,0.09776015,0.08313024,0.07847262,0.09845019,0.1036635,0.089149244
2003-07-15 12:00:00,0.105231054,0.08597553,0.08941874,0.09230198,0.09553515,0.091809474,0.084332466,0.080879025,0.0840253,0.09082292
2003-08-15 12:00:00,0.10207222,0.11516114,0.10060256,0.11045157,0.124062456,0.10907318,0.08936485,0.09991992,0.08758117,0.10303417
2003-09-15 00:00:00,0.119941674,0.11810704,0.107192285,0.10982728,0.114307374,0.12017858,0.09011232,0.10497732,0.09904473,0.10498857
2003-10-15 12:00:00,0.122782975,0.109333366,0.1284072,0.12543572,0.1104283,0.113757946,0.11986973,0.119944714,0.111262895,0.117206745
2003-11-15 00:00:00,0.120248444,0.10994371,0.11238334,0.11992174,0.12371602,0.1154975,0.12141794,0.111488834,0.11697252,0.11954817
2003-12-15 12:00:00,0.10750811,0.117049925,0.11445635,0.11630161,0.13269883,0.11748612,0.11887765,0.104397215,0.11060251,0.114613414
2004-01-15 12:00:00,0.10144084,0.10900622,0.1159712,0.09504218,0.107210405,0.09736549,0.10719444,0.094972,0.112929784,0.1102076
2004-02-14 00:00:00,0.10056202,0.099246696,0.11173037,0.10541152,0.115425326,0.10528727,0.102170385,0.10973912,0.116179116,0.10243377
2004-03-15 12:00:00,0.09737308,0.1057072,0.11026753,0.09981417,0.10429283,0.09863251,0.10727667,0.1071031,0.111401044,0.10874821
2004-04-15 00:00:00,0.09691303,0.10270649,0.10605869,0.10128876,0.0932455,0.103189,0.11022427,0.11235323,0.098820984,0.10909204
2004-05-15 12:00:00,0.08945781,0.09569973,0.0965517,0.08901675,0.09094152,0.083834745,0.10022592,0.0880695,0.08965923,0.09890431
2004-06-15 00:00:00,0.09110469,0.09112279,0.09274359,0.0872367,0.09120901,0.086739436,0.08949545,0.08649301,0.09974182,0.0953914
2004-07-15 12:00:00,0.10302951,0.0911085,0.096507624,0.09214831,0.10300009,0.09764813,0.08142683,0.09591824,0.088934325,0.08817826
2004-08-15 12:00:00,0.10255008,0.1058707,0.11053872,0.09524351,0.09799235,0.10227544,0.09492025,0.092699856,0.0973095,0.10408068
2004-09-15 00:00:00,0.11138569,0.110760786,0.100494586,0.12605332,0.10686203,0.10312102,0.10440822,0.114964284,0.11202025,0.099971026
2004-10-15 12:00:00,0.1251751,0.11538831,0.10838138,0.11981276,0.13713612,0.118091874,0.1256097,0.11327253,0.11546796,0.12478744
2004-11-15 00:00:00,0.11687084,0.123207174,0.11057542,0.12333928,0.10604364,0.10851161,0.11037632,0.106284484,0.11798849,0.11092574
2004-12-15 12:00:00,0.119512856,0.1057724,0.10847064,0.10665535,0.11823743,0.11186348,0.12261142,0.10384842,0.11537227,0.124058925
2005-01-15 12:00:00,0.109181166,0.11167758,0.10577886,0.10735846,0.11667494,0.10312074,0.112043776,0.10009831,0.10670794,0.09561699
2005-02-14 00:00:00,0.12436715,0.1048304,0.119069934,0.11417737,0.114089474,0.09346465,0.10693748,0.10383043,0.106965065,0.118399225
2005-03-15 12:00:00,0.1147449,0.08833428,0.101912044,0.10380831,0.09487901,0.08344266,0.105596885,0.117857724,0.1163345,0.10513444
2005-04-15 00:00:00,0.10670321,0.101675764,0.09983966,0.10837475,0.090074494,0.090279065,0.11527532,0.10685865,0.102566436,0.11192248
2005-05-15 12:00:00,0.10682206,0.102349155,0.09875714,0.094184846,0.10191162,0.089605115,0.103476055,0.10382516,0.09533619,0.106695235
2005-06-15 00:00:00,0.084539086,0.09323554,0.088305905,0.1021693,0.094276175,0.07506961,0.09912437,0.08836683,0.09808093,0.09339763
2005-07-15 12:00:00,0.08504353,0.09730039,0.0821019,0.09391164,0.08935618,0.094073586,0.08967362,0.10224633,0.09670187,0.09293846
2005-08-15 12:00:00,0.08971831,0.09499099,0.09964269,0.09954781,0.12483321,0.11098501,0.103223175,0.116331115,0.09609856,0.07735748
2005-09-15 00:00:00,0.06718211,0.08573164,0.110085234,0.088480376,0.10467521,0.10594794,0.10537416,0.097732626,0.10273726,0.10240596
2005-10-15 12:00:00,0.100535944,0.13127832,0.12177997,0.12328759,0.11417707,0.1198426,0.112861924,0.11047716,0.09633672,0.11711486
2005-11-15 00:00:00,0.11265362,0.12546524,0.11087532,0.11125144,0.12241872,0.11106331,0.1248373,0.12816632,0.11701161,0.1203056
2005-12-15 12:00:00,0.11782574,0.124241866,0.096710674,0.10279385,0.10535418,0.10565705,0.10404096,0.10687671,0.11930712,0.114042886
2006-01-15 12:00:00,0.107164256,0.107328534,0.11673467,0.106397085,0.10352082,0.09803669,0.114923134,0.111544415,0.11104101,0.113290176
2006-02-14 00:00:00,0.10595782,0.10417381,0.1116711,0.098097466,0.10950306,0.103360854,0.114525974,0.109163165,0.100037426,0.11186661
2006-03-15 12:00:00,0.10518067,0.10792634,0.10111114,0.10131797,0.10296444,0.09746788,0.101790115,0.10854166,0.09229309,0.10696446
2006-04-15 00:00:00,0.09928224,0.10922111,0.10713576,0.098901875,0.09211598,0.08917949,0.10019534,0.11103596,0.08839465,0.09833802
2006-05-15 12:00:00,0.0984224,0.0927674,0.08922752,0.08446492,0.087003216,0.07936567,0.08780367,0.091233954,0.09656561,0.09699923
2006-06-15 00:00:00,0.083580464,0.09095552,0.089426965,0.08315685,0.093853205,0.09336147,0.088131815,0.10259253,0.088657215,0.09344888
2006-07-15 12:00:00,0.09233679,0.08904384,0.096090786,0.08424488,0.09081538,0.08806405,0.07852369,0.09823407,0.079763375,0.09376505
2006-08-15 12:00:00,0.08292327,0.100982174,0.0921409,0.09647998,0.08238658,0.11149031,0.11152745,0.10440216,0.1041284,0.1012714
2006-09-15 00:00:00,0.093719065,0.114449285,0.09990851,0.1246973,0.108176015,0.11083927,0.12913233,0.11629743,0.10825352,0.08502144
2006-10-15 12:00:00,0.117948525,0.12297438,0.10477194,0.12668712,0.13263181,0.1180305,0.10436647,0.12347791,0.13234046,0.10740257
2006-11-15 00:00:00,0.12645817,0.13071923,0.108025394,0.11810665,0.121184826,0.11719984,0.13019149,0.12442546,0.107092015,0.1229887
2006-12-15 12:00:00,0.1117898,0.12456089,0.11088185,0.097248785,0.107317,0.10219948,0.12612519,0.107701994,0.12200578,0.118295476
2007-01-15 12:00:00,0.1264375,0.10434246,0.11136694,0.11491868,0.1076419,0.10641969,0.10546424,0.106256336,0.11074745,0.09872947
2007-02-14 00:00:00,0.10099822,0.1029968,0.103980914,0.106177494,0.11310989,0.11244581,0.101978794,0.08824356,0.12104523,0.12665941
2007-03-15 12:00:00,0.11654917,0.09832142,0.10563312,0.09812015,0.102872,0.111023515,0.102160536,0.08679201,0.11074721,0.110890694
2007-04-15 00:00:00,0.10118656,0.07699072,0.1036695,0.10418771,0.09677453,0.106196195,0.105211414,0.09699809,0.10679251,0.10348686
2007-05-15 12:00:00,0.097495064,0.083812684,0.08339692,0.09963837,0.097830266,0.09299272,0.09159448,0.09327062,0.10851978,0.0942198
2007-06-15 00:00:00,0.09747561,0.09964174,0.08167233,0.0931535,0.08694922,0.085760735,0.09093656,0.09278183,0.09545985,0.09891792
2007-07-15 12:00:00,0.103905156,0.10410911,0.095243424,0.10093893,0.09924214,0.087705605,0.094050355,0.096471176,0.09557468,0.09043453
2007-08-15 12:00:00,0.10527086,0.11193128,0.10510593,0.08522251,0.09206334,0.095613316,0.106172495,0.11536865,0.091301106,0.10825312
2007-09-15 00:00:00,0.09658778,0.0811484,0.09298967,0.07887218,0.09405521,0.10896485,0.11491904,0.1111162,0.11538968,0.10291833
2007-10-15 12:00:00,0.11051257,0.13307373,0.11340142,0.11008973,0.10055428,0.120742,0.124154426,0.12649159,0.1095619,0.12646319
2007-11-15 00:00:00,0.13110176,0.12936576,0.12702699,0.121278495,0.109838635,0.12288871,0.11311603,0.12382767,0.12661423,0.12793602
2007-12-15 12:00:00,0.10484246,0.11485258,0.109081045,0.1204752,0.11517081,0.10026291,0.10816676,0.124332584,0.1013112,0.11782547
2008-01-15 12:00:00,0.11589364,0.10366338,0.098918885,0.11028066,0.12196239,0.116602376,0.104062065,0.10918375,0.1135386,0.11022682
2008-02-14 00:00:00,0.11924849,0.11253487,0.09741736,0.12036099,0.106293395,0.11167351,0.10853928,0.11771364,0.10566466,0.1001593
2008-03-15 12:00:00,0.10483508,0.10398527,0.08854613,0.10598749,0.11235105,0.09707558,0.105477266,0.119539134,0.10908895,0.11402545
2008-04-15 00:00:00,0.11093728,0.094511904,0.103583336,0.10273821,0.09440459,0.09902502,0.09758138,0.10469307,0.09432066,0.10214412
2008-05-15 12:00:00,0.100328244,0.09890658,0.095178574,0.08762736,0.09069045,0.086995356,0.09095713,0.115203656,0.08915798,0.099408455
2008-06-15 00:00:00,0.09417253,0.08833135,0.08606318,0.08787877,0.08377283,0.08631152,0.08889839,0.090678975,0.06743483,0.0944909
2008-07-15 12:00:00,0.10243993,0.109826885,0.11491128,0.08844047,0.0858219,0.084770344,0.087733336,0.09628188,0.09141743,0.09722857
2008-08-15 12:00:00,0.10915631,0.092959255,0.11476513,0.104118384,0.08580271,0.106489,0.10032767,0.11788217,0.10033873,0.10237756
2008-09-15 00:00:00,0.08255177,0.08818296,0.09048941,0.0836806,0.07351406,0.12114676,0.1196667,0.08897005,0.11944235,0.08183666
2008-10-15 12:00:00,0.11429349,0.09996372,0.13815428,0.11531261,0.087664895,0.12332251,0.11047275,0.12176762,0.11990301,0.13329008
2008-11-15 00:00:00,0.122604474,0.115871266,0.11532338,0.12104802,0.12501267,0.11040688,0.121072374,0.12653108,0.10958271,0.12541245
2008-12-15 12:00:00,0.11040996,0.11833984,0.105147436,0.11095808,0.11814669,0.114597686,0.121838816,0.105521105,0.10472383,0.11114712
2009-01-15 12:00:00,0.12210293,0.0988837,0.11405582,0.103040695,0.10709645,0.0984839,0.11822402,0.12506343,0.11115247,0.10443172
2009-02-14 00:00:00,0.12179209,0.11952247,0.107418254,0.10666077,0.10602193,0.099684656,0.10363009,0.106008865,0.13086422,0.10121784
2009-03-15 12:00:00,0.11004612,0.10786033,0.10601957,0.100439854,0.10705748,0.097242214,0.11487541,0.11019471,0.09640533,0.10541698
2009-04-15 00:00:00,0.11928134,0.11036682,0.102116816,0.10949933,0.09963011,0.10860532,0.09747764,0.10561645,0.11279226,0.10691948
2009-05-15 12:00:00,0.10294283,0.092857726,0.0928232,0.10900677,0.10047858,0.099557444,0.09663101,0.10301667,0.08360403,0.10570325
2009-06-15 00:00:00,0.0878047,0.092283584,0.082595706,0.08643903,0.07530329,0.09172038,0.099803366,0.08560401,0.1003756,0.095590964
2009-07-15 12:00:00,0.11116512,0.08608034,0.111173876,0.09157138,0.087983765,0.10834618,0.09341324,0.09484212,0.08948819,0.098486915
2009-08-15 12:00:00,0.085337594,0.106996246,0.10159433,0.094746664,0.09411301,0.121165685,0.09596089,0.09876886,0.09333348,0.10486535
2009-09-15 00:00:00,0.10210706,0.0856269,0.11323538,0.07820302,0.10417904,0.10131321,0.08079142,0.08156852,0.11092923,0.0692152
2009-10-15 12:00:00,0.10599205,0.11774027,0.11373882,0.10425557,0.12355527,0.13180926,0.14977778,0.11336102,0.11542817,0.13267225
2009-11-15 00:00:00,0.10817722,0.111608036,0.11557628,0.13576123,0.109085724,0.12693907,0.12312349,0.12081107,0.103385665,0.12739219
2009-12-15 12:00:00,0.1047384,0.10502133,0.11623266,0.1296463,0.12800226,0.11759238,0.1119723,0.12076065,0.11045436,0.1126748
2010-01-15 12:00:00,0.105101116,0.11656364,0.111628294,0.11783895,0.109018296,0.11516196,0.108352445,0.12233328,0.101399556,0.116878584
2010-02-14 00:00:00,0.119081035,0.100644566,0.10581892,0.11086324,0.09924512,0.11286392,0.111107476,0.10710373,0.097513385,0.10930765
2010-03-15 12:00:00,0.10236841,0.11403273,0.11917285,0.10253103,0.08931853,0.105166085,0.10350852,0.11760159,0.085936755,0.102028094
2010-04-15 00:00:00,0.09599298,0.10457644,0.10221377,0.10626669,0.093289755,0.10325883,0.0990514,0.10246922,0.09363222,0.10589495
2010-05-15 12:00:00,0.09649456,0.09335031,0.096507356,0.07905911,0.09593642,0.10144349,0.09711078,0.09619587,0.09054683,0.10819914
2010-06-15 00:00:00,0.105288215,0.0842177,0.094253965,0.09398019,0.0851666,0.08476304,0.099230625,0.09447491,0.08805988,0.09953983
2010-07-15 12:00:00,0.10625314,0.088472456,0.08197107,0.09215829,0.09446339,0.0907614,0.09818587,0.09658961,0.09334175,0.09680445
2010-08-15 12:00:00,0.08642343,0.08162006,0.09131033,0.09466327,0.08990394,0.1097927,0.120752946,0.09056621,0.09484158,0.07531274
2010-09-15 00:00:00,0.086810544,0.10625384,0.107742205,0.068079434,0.120107904,0.1182268,0.10223785,0.082057156,0.10798646,0.11400034
2010-10-15 12:00:00,0.12596266,0.10882841,0.12499011,0.13140242,0.10983521,0.10948036,0.1277967,0.12865473,0.12654123,0.11049539
2010-11-15 00:00:00,0.11674777,0.101009205,0.13253534,0.12498367,0.13168605,0.119420335,0.114684656,0.10418689,0.12556647,0.1163066
2010-12-15 12:00:00,0.12678137,0.11321156,0.1045816,0.096621156,0.09936274,0.10492155,0.12293209,0.11802619,0.11299297,0.12321876
2011-01-15 12:00:00,0.11726116,0.10707649,0.11584953,0.10077906,0.10197476,0.10605692,0.10546533,0.1111357,0.104458176,0.11664998
2011-02-14 00:00:00,0.111272894,0.095561415,0.112042464,0.113814734,0.09477566,0.097616166,0.11160738,0.103973925,0.1113923,0.109340295
2011-03-15 12:00:00,0.105144866,0.09456243,0.11112656,0.10331869,0.09860878,0.106087424,0.10829595,0.09671185,0.11395948,0.10007737
2011-04-15 00:00:00,0.10161314,0.07872544,0.1032031,0.10016628,0.10865206,0.09123741,0.10132656,0.09937427,0.117106654,0.1022474
2011-05-15 12:00:00,0.09922901,0.08769636,0.09480511,0.096428394,0.08251777,0.10389147,0.11645531,0.09386892,0.10601682,0.08737849
2011-06-15 00:00:00,0.09398509,0.086477205,0.0781406,0.093866974,0.08325579,0.0956235,0.103770174,0.10019509,0.097044416,0.09163018
2011-07-15 12:00:00,0.08523361,0.09853575,0.0894795,0.10171776,0.0924834,0.09067628,0.095303096,0.096611194,0.09037193,0.08809568
2011-08-15 12:00:00,0.10196804,0.10112404,0.106782764,0.09451993,0.11775963,0.11672945,0.09316139,0.10612903,0.11139768,0.09101244
2011-09-15 00:00:00,0.11572159,0.10015169,0.08369312,0.122768976,0.11465028,0.13435856,0.11403945,0.10438034,0.08964485,0.1045772
2011-10-15 12:00:00,0.1079572,0.11407299,0.11557775,0.11213885,0.10917962,0.13331215,0.11529874,0.122368604,0.123278886,0.1354419
2011-11-15 00:00:00,0.11558197,0.12367492,0.11262637,0.11589731,0.10744373,0.12863038,0.11959977,0.10394634,0.112549044,0.11866862
2011-12-15 12:00:00,0.12502755,0.11863652,0.12381193,0.11755645,0.10416078,0.10902901,0.120113395,0.11619735,0.105225086,0.10989762
2012-01-15 12:00:00,0.11766731,0.10832179,0.11671464,0.0955366,0.109373786,0.10649938,0.12021779,0.10954638,0.10784159,0.118129246
2012-02-14 00:00:00,0.10524538,0.09818468,0.11347115,0.11803864,0.10016097,0.11452973,0.10602801,0.121935,0.11744205,0.10039706
2012-03-15 12:00:00,0.10309364,0.09848687,0.10918923,0.10931237,0.11192728,0.10504254,0.12296384,0.10781766,0.11358817,0.10379247
2012-04-15 00:00:00,0.10799185,0.096327305,0.11152574,0.09871103,0.11182057,0.10651275,0.098984495,0.10311155,0.10195862,0.09827241
2012-05-15 12:00:00,0.096146725,0.10845777,0.10106046,0.08962882,0.081986256,0.0988581,0.094560824,0.1003985,0.10875877,0.10046788
2012-06-15 00:00:00,0.095975436,0.092658155,0.092479326,0.08640246,0.09900203,0.0871276,0.08102734,0.09767999,0.09209495,0.093325585
2012-07-15 12:00:00,0.08833637,0.09535947,0.080541894,0.08844151,0.08706023,0.10283926,0.08987929,0.10242537,0.08577159,0.08528392
2012-08-15 12:00:00,0.1124117,0.096388966,0.098714165,0.09668702,0.097090736,0.10206098,0.09597423,0.088471144,0.09438853,0.09665975
2012-09-15 00:00:00,0.11183011,0.1107042,0.0990274,0.11407056,0.09494396,0.10716889,0.088853806,0.119498186,0.11940609,0.12057149
2012-10-15 12:00:00,0.10697465,0.102811635,0.10110837,0.12797898,0.114025496,0.11161906,0.11590127,0.11943412,0.11804108,0.12603925
2012-11-15 00:00:00,0.120586365,0.1332146,0.11778031,0.116349764,0.11222977,0.12651893,0.11231951,0.12599564,0.115645476,0.102429
2012-12-15 12:00:00,0.114542104,0.11673251,0.117740706,0.10805833,0.10736253,0.11548925,0.10859007,0.12469055,0.11701466,0.11556446
2013-01-15 12:00:00,0.1155927,0.10034221,0.10546157,0.10447684,0.10994791,0.10667488,0.10969078,0.12326901,0.10275819,0.10815827
2013-02-14 00:00:00,0.10971651,0.10233785,0.11010508,0.107329555,0.092356645,0.1074663,0.097811036,0.104011245,0.111410275,0.09979343
2013-03-15 12:00:00,0.097449735,0.09361805,0.104597956,0.12122097,0.08730671,0.123625,0.10921707,0.10954889,0.09650037,0.09894622
2013-04-15 00:00:00,0.09730814,0.091620654,0.09352756,0.09506949,0.092486024,0.11137013,0.1063452,0.10998287,0.09552067,0.10943004
2013-05-15 12:00:00,0.09233662,0.095726445,0.09512777,0.09398341,0.07976081,0.09589481,0.09593882,0.094923966,0.09232921,0.093941174
2013-06-15 00:00:00,0.07201422,0.0915149,0.090747304,0.09397245,0.08316118,0.09415459,0.09631921,0.095858574,0.09359759,0.10071359
2013-07-15 12:00:00,0.08598951,0.097557105,0.09091694,0.08727356,0.090600595,0.09054079,0.083178215,0.100814976,0.08311731,0.093609646
2013-08-15 12:00:00,0.099663556,0.09730076,0.105599776,0.09704429,0.11042497,0.09945476,0.10310469,0.11837202,0.093385786,0.106469385
2013-09-15 00:00:00,0.13087976,0.10856707,0.121869214,0.11711059,0.12345468,0.10991694,0.083032474,0.105866,0.104375124,0.10931179
2013-10-15 12:00:00,0.11018117,0.11290148,0.11236287,0.12188995,0.102348395,0.11333575,0.12716633,0.111677706,0.1404936,0.10823891
2013-11-15 00:00:00,0.10812558,0.12794468,0.11685278,0.10827267,0.11157308,0.11912804,0.11835764,0.11593871,0.13856526,0.11869797
2013-12-15 12:00:00,0.10909849,0.105932534,0.10194291,0.11617088,0.105864115,0.09799978,0.10462117,0.114999,0.11329338,0.10697161
2014-01-15 12:00:00,0.08719345,0.10681918,0.108209476,0.10874814,0.11278634,0.11094556,0.10100212,0.10883057,0.10771469,0.1090213
2014-02-14 00:00:00,0.11149107,0.10640059,0.08159162,0.1036499,0.11061893,0.10900198,0.103850245,0.108577445,0.11643818,0.10893421
2014-03-15 12:00:00,0.11412594,0.10179174,0.10386629,0.096129596,0.107812874,0.10974953,0.11459565,0.110899456,0.1082986,0.1157713
2014-04-15 00:00:00,0.11131659,0.10996845,0.09598695,0.088210694,0.09899975,0.12423561,0.10569366,0.100744285,0.118626006,0.10210282
2014-05-15 12:00:00,0.093659595,0.11257368,0.08811781,0.08038065,0.0970803,0.103634916,0.09814643,0.10177316,0.096012674,0.08883792
2014-06-15 00:00:00,0.08568981,0.09613188,0.0799708,0.09447827,0.092296,0.096701086,0.09692575,0.08820032,0.0867707,0.089915484
2014-07-15 12:00:00,0.090802364,0.09933524,0.10371454,0.098542996,0.087486096,0.09290054,0.104688406,0.096074775,0.08931824,0.09193946
2014-08-15 12:00:00,0.101805635,0.10194692,0.09869262,0.10137073,0.09423956,0.11343372,0.09597406,0.09662809,0.09840282,0.08188439
2014-09-15 00:00:00,0.10710059,0.11229061,0.109703384,0.08443968,0.08288852,0.10813554,0.11158884,0.07977675,0.08934727,0.09537632
2014-10-15 12:00:00,0.10814969,0.11197848,0.11187848,0.10383398,0.11160027,0.10874979,0.11447694,0.12783372,0.11742733,0.11191094
2014-11-15 00:00:00,0.10733253,0.13000685,0.116384685,0.11672512,0.11946976,0.11104772,0.11512859,0.1119361,0.13489638,0.117207415
2014-12-15 12:00:00,0.11021176,0.11047628,0.12930052,0.10531798,0.12207916,0.11461446,0.10086789,0.11404075,0.12465641,0.10320817
