time,r4i1p1f1,r8i1p1f1,r7i1p1f1,r9i1p1f1,r3i1p1f1,r5i1p1f1,r6i1p1f1,r1i1p1f1,r2i1p1f1
1979-01-16 12:00:00,0.12837523,0.14226787,0.12799463,0.14207517,0.13915749,0.1374681,0.14381725,0.14104,0.13990343
1979-02-15 00:00:00,0.13847211,0.14756522,0.118826576,0.12265236,0.1588989,0.123477034,0.14075074,0.13669056,0.11227433
1979-03-16 12:00:00,0.12492309,0.121931456,0.12751903,0.1306638,0.11658796,0.1224452,0.124559484,0.1353749,0.12247906
1979-04-16 00:00:00,0.10996506,0.1184951,0.11275213,0.11992049,0.10359656,0.11561375,0.117535755,0.111522295,0.11491181
1979-05-16 12:00:00,0.09812257,0.109508365,0.092807725,0.12058856,0.10312312,0.10077904,0.09573158,0.11036063,0.10236903
1979-06-16 00:00:00,0.092610575,0.09641657,0.0891537,0.10111525,0.09641728,0.09310358,0.09035908,0.09938599,0.09147309
1979-07-16 12:00:00,0.08963989,0.102358304,0.09828016,0.1100301,0.0910443,0.09885053,0.110973254,0.098200254,0.0979501
1979-08-16 12:00:00,0.09775275,0.115200646,0.09414288,0.10213032,0.11219296,0.10515123,0.114048265,0.098018914,0.10539333
1979-09-16 00:00:00,0.113766916,0.11228654,0.12936069,0.11580757,0.1147589,0.110355124,0.12325506,0.12903912,0.10767195
1979-10-16 12:00:00,0.12558524,0.14183868,0.1439988,0.14677998,0.13023621,0.12826213,0.12414817,0.13598782,0.1524387
1979-11-16 00:00:00,0.13099125,0.13657631,0.15405864,0.15255325,0.14060578,0.13403407,0.14581285,0.15763843,0.13247195
1979-12-16 12:00:00,0.14411531,0.13011113,0.1514634,0.13832554,0.14309241,0.14919037,0.12746814,0.14824969,0.12981333
1980-01-16 12:00:00,0.13912801,0.13977367,0.14531665,0.14995909,0.13435924,0.12444404,0.14264333,0.13866094,0.13139412
1980-02-15 12:00:00,0.13190354,0.12249248,0.11270625,0.14034909,0.13619106,0.133057,0.13027287,0.13433023,0.120982155
1980-03-16 12:00:00,0.12248466,0.11926651,0.12068083,0.14398453,0.11939816,0.12898323,0.14019088,0.13503763,0.12649995
1980-04-16 00:00:00,0.10993418,0.12217137,0.13007036,0.113380656,0.10929069,0.11555485,0.118939035,0.119204134,0.10931907
1980-05-16 12:00:00,0.09593893,0.10225506,0.10267016,0.098901525,0.091039136,0.10081745,0.09685934,0.12040581,0.097565494
1980-06-16 00:00:00,0.09931269,0.09204252,0.09689752,0.097380556,0.088848785,0.100856304,0.09244705,0.10129366,0.09381995
1980-07-16 12:00:00,0.10316734,0.104603626,0.112407595,0.09091379,0.10148181,0.11075571,0.10085266,0.09307357,0.097107746
1980-08-16 12:00:00,0.10687521,0.10659155,0.0980026,0.107175514,0.10197662,0.087692134,0.1080064,0.106088415,0.098604105
1980-09-16 00:00:00,0.1183146,0.11691408,0.11738803,0.11956159,0.113662615,0.117979124,0.11625489,0.124068104,0.12379496
1980-10-16 12:00:00,0.13645051,0.14716211,0.13691868,0.12940955,0.14341736,0.13478892,0.14555074,0.12604567,0.13862473
1980-11-16 00:00:00,0.15200852,0.13964735,0.13596623,0.14393419,0.15167026,0.15301701,0.14556104,0.14381362,0.14041051
1980-12-16 12:00:00,0.14568648,0.16028191,0.13901426,0.16050388,0.14918678,0.1486099,0.14508677,0.14458048,0.1416341
1981-01-16 12:00:00,0.1485236,0.14615306,0.15545684,0.12905085,0.14589879,0.12937562,0.13247226,0.1552667,0.13545111
1981-02-15 00:00:00,0.13804823,0.13222392,0.13167615,0.13113083,0.13112459,0.13140617,0.1548299,0.13406989,0.11491292
1981-03-16 12:00:00,0.13805526,0.124530785,0.1283227,0.122899026,0.14832866,0.116571255,0.13947058,0.12267135,0.120639905
1981-04-16 00:00:00,0.12230985,0.11167552,0.119138576,0.1257002,0.10624531,0.1268426,0.12766245,0.11540907,0.11722705
1981-05-16 12:00:00,0.10458432,0.08616765,0.1061382,0.11309613,0.098434724,0.10716265,0.10840901,0.11151589,0.11018842
1981-06-16 00:00:00,0.0999736,0.09766558,0.100391746,0.09083408,0.10338727,0.09110316,0.097888485,0.09523793,0.09757437
1981-07-16 12:00:00,0.09972124,0.088039204,0.0991769,0.0998511,0.10993536,0.09818922,0.10254732,0.09753428,0.095102645
1981-08-16 12:00:00,0.10337719,0.11624864,0.09176118,0.120703645,0.09649735,0.10172327,0.1112398,0.10110922,0.101746626
1981-09-16 00:00:00,0.12372362,0.114252076,0.1303263,0.116988204,0.11160444,0.10878985,0.11877005,0.10888944,0.1261134
1981-10-16 12:00:00,0.12723126,0.12732309,0.11956539,0.13116081,0.1383152,0.13672101,0.14296004,0.13197464,0.14217791
1981-11-16 00:00:00,0.1393364,0.13254744,0.15240638,0.13440296,0.14364237,0.14171028,0.13943648,0.14386375,0.13657524
1981-12-16 12:00:00,0.13014862,0.1541852,0.15411045,0.14584108,0.13510653,0.1426594,0.14887407,0.13860305,0.144819
1982-01-16 12:00:00,0.15624954,0.14578983,0.14817514,0.13338347,0.13954088,0.14377211,0.12651318,0.1404194,0.13220198
1982-02-15 00:00:00,0.14173746,0.1398915,0.13375397,0.13248439,0.1205759,0.12830539,0.11926791,0.14360401,0.14140537
1982-03-16 12:00:00,0.1302459,0.11647696,0.13088003,0.13611127,0.13924347,0.14374122,0.12671666,0.1244822,0.12790266
1982-04-16 00:00:00,0.11439158,0.12468415,0.116727814,0.11338819,0.10983362,0.10996011,0.09926942,0.117429346,0.11012577
1982-05-16 12:00:00,0.096003726,0.10087624,0.10076477,0.10978111,0.10330022,0.107861266,0.088494465,0.09915449,0.113030486
1982-06-16 00:00:00,0.09404124,0.08442621,0.09237466,0.102587454,0.09188218,0.09290761,0.08885877,0.096101806,0.10225231
1982-07-16 12:00:00,0.09292658,0.09826552,0.09870341,0.10210333,0.0868081,0.09834739,0.11725978,0.10103194,0.10135199
1982-08-16 12:00:00,0.09468373,0.10607696,0.09268161,0.11004666,0.10693627,0.09735106,0.10627654,0.094560966,0.11180668
1982-09-16 00:00:00,0.11693185,0.12202517,0.10158148,0.12101081,0.10730904,0.11703545,0.1123773,0.11531645,0.10237645
1982-10-16 12:00:00,0.1402361,0.12888576,0.13503253,0.12958299,0.13251764,0.13840386,0.13228941,0.14031205,0.14016621
1982-11-16 00:00:00,0.1386657,0.13623352,0.13871104,0.1361109,0.14733316,0.15047505,0.119097635,0.13666764,0.1418059
1982-12-16 12:00:00,0.14757013,0.13987513,0.14144054,0.13941926,0.14422213,0.1334588,0.13779657,0.13831902,0.14473887
1983-01-16 12:00:00,0.13658953,0.12712318,0.12839969,0.12941973,0.1411491,0.15423937,0.13781771,0.12506114,0.14589512
1983-02-15 00:00:00,0.13044684,0.11784073,0.14175388,0.14207274,0.13917416,0.15289475,0.12721968,0.14488377,0.1323909
1983-03-16 12:00:00,0.14430155,0.12263536,0.11905861,0.12832572,0.12459005,0.13831662,0.118509986,0.13223188,0.13335828
1983-04-16 00:00:00,0.117944635,0.11420737,0.11885451,0.124601595,0.111916386,0.11870145,0.11575728,0.11320277,0.12448424
1983-05-16 12:00:00,0.11170529,0.10118987,0.104651384,0.10976458,0.10731628,0.097537704,0.09593202,0.09635208,0.10440575
1983-06-16 00:00:00,0.098561764,0.08612764,0.088976614,0.09608395,0.09133055,0.10167351,0.10669194,0.100673474,0.1063787
1983-07-16 12:00:00,0.088977985,0.09988344,0.10032874,0.089970574,0.102713756,0.09926538,0.10504783,0.10096596,0.108050704
1983-08-16 12:00:00,0.12084275,0.10913663,0.10067489,0.09403322,0.10710518,0.10309268,0.10173149,0.113323696,0.11137151
1983-09-16 00:00:00,0.12488732,0.11492112,0.11225869,0.11039386,0.11421349,0.11466774,0.12056796,0.12253439,0.11560327
1983-10-16 12:00:00,0.13655764,0.14515564,0.12766244,0.13728718,0.14743647,0.14023168,0.119537555,0.13952416,0.14663242
1983-11-16 00:00:00,0.1358075,0.13500068,0.15283392,0.139274,0.13219531,0.16092128,0.1551084,0.15801562,0.1571773
1983-12-16 12:00:00,0.15077901,0.1329973,0.15194051,0.14465417,0.12634909,0.1249276,0.13333349,0.14373691,0.13377929
1984-01-16 12:00:00,0.1286565,0.13289863,0.14372723,0.12725952,0.11621051,0.14472415,0.13361157,0.13037506,0.1489083
1984-02-15 12:00:00,0.1245801,0.11827796,0.13347849,0.14624795,0.12275975,0.13148546,0.14780076,0.10563087,0.14914499
1984-03-16 12:00:00,0.12152226,0.12718722,0.12897515,0.12796229,0.12838678,0.12846357,0.13567013,0.11968754,0.13179874
1984-04-16 00:00:00,0.10860318,0.11400681,0.11301792,0.10928733,0.104093686,0.1136378,0.12167621,0.12244378,0.12638384
1984-05-16 12:00:00,0.103411354,0.110035375,0.114475295,0.09971371,0.11169859,0.10733476,0.09764121,0.121577956,0.11488423
1984-06-16 00:00:00,0.09213141,0.09903014,0.10238348,0.09206842,0.094665065,0.10120383,0.10682724,0.091785096,0.09993924
1984-07-16 12:00:00,0.09638184,0.098705314,0.10329955,0.10319493,0.09319707,0.100835755,0.095987365,0.10000292,0.10903555
1984-08-16 12:00:00,0.10148967,0.10390689,0.10799337,0.10630858,0.103887826,0.10849463,0.09467944,0.095113486,0.10686408
1984-09-16 00:00:00,0.11287343,0.10155296,0.11305252,0.105667435,0.11345922,0.1132798,0.11880004,0.12484221,0.11428055
1984-10-16 12:00:00,0.13963492,0.14760068,0.13359055,0.13201524,0.13650522,0.15978594,0.13585843,0.13009255,0.1465972
1984-11-16 00:00:00,0.14982481,0.14307494,0.134091,0.15743819,0.13520594,0.15568167,0.1534507,0.14992984,0.15042506
1984-12-16 12:00:00,0.14476429,0.13985763,0.15515275,0.15253876,0.13862793,0.15672147,0.13968584,0.13255669,0.14246361
1985-01-16 12:00:00,0.14005104,0.12201154,0.13220002,0.15636048,0.13970065,0.13653526,0.14286557,0.144956,0.14271104
1985-02-15 00:00:00,0.11347556,0.12885559,0.13806276,0.124232255,0.13276483,0.13290042,0.14363484,0.12544876,0.14029197
1985-03-16 12:00:00,0.11808497,0.14325431,0.12881297,0.12811095,0.13171363,0.120324865,0.1287527,0.14572866,0.13102381
1985-04-16 00:00:00,0.113412835,0.1193657,0.10449044,0.121580556,0.124572225,0.103157766,0.12740274,0.11403944,0.11456263
1985-05-16 12:00:00,0.10114104,0.10739603,0.12145348,0.1097299,0.1047826,0.1041106,0.11617477,0.111234985,0.11027855
1985-06-16 00:00:00,0.09474918,0.09374895,0.09434348,0.093370885,0.0933411,0.09824877,0.09468056,0.09640066,0.10637446
1985-07-16 12:00:00,0.10116483,0.09746369,0.10910179,0.10491763,0.101015635,0.10054561,0.091372326,0.084639065,0.103708036
1985-08-16 12:00:00,0.10081477,0.11859267,0.09438899,0.11109757,0.09690607,0.11117873,0.11517698,0.10312315,0.10627361
1985-09-16 00:00:00,0.14487515,0.11902479,0.106525995,0.10851794,0.10670994,0.11191994,0.10827931,0.11613231,0.119502924
1985-10-16 12:00:00,0.13297737,0.13434683,0.14370175,0.14256896,0.12243737,0.13107428,0.13437906,0.13760602,0.13521852
1985-11-16 00:00:00,0.15570588,0.14386396,0.14395362,0.14700581,0.13264638,0.15003404,0.12862182,0.15639925,0.14682409
1985-12-16 12:00:00,0.13813113,0.13622586,0.14466365,0.14790888,0.13401523,0.129689,0.13750952,0.13320428,0.15628828
1986-01-16 12:00:00,0.14692084,0.13643695,0.14029975,0.13658227,0.14656207,0.1221683,0.14398865,0.13865176,0.14440377
1986-02-15 00:00:00,0.13215251,0.14458224,0.15966581,0.12917772,0.13341519,0.14855039,0.15262084,0.13058403,0.1285239
1986-03-16 12:00:00,0.13171138,0.120445594,0.119581155,0.12758912,0.11764128,0.127977,0.14524253,0.13643709,0.1264406
1986-04-16 00:00:00,0.1157802,0.12145438,0.11417689,0.1230843,0.106899,0.1186478,0.117375635,0.12118341,0.11612336
1986-05-16 12:00:00,0.1087682,0.09928455,0.093540445,0.09684422,0.1085248,0.10525332,0.1120133,0.09868068,0.10957976
1986-06-16 00:00:00,0.09834962,0.099000454,0.09366254,0.09738596,0.09182086,0.10023338,0.09007551,0.09623944,0.09615278
1986-07-16 12:00:00,0.10082288,0.103837974,0.09794201,0.096225835,0.10132353,0.08591602,0.098026626,0.092509635,0.09598316
1986-08-16 12:00:00,0.107631996,0.110738024,0.09402693,0.09849915,0.0923558,0.10675687,0.10084949,0.10465909,0.10629073
1986-09-16 00:00:00,0.123829305,0.108552486,0.12981501,0.1203556,0.11520761,0.11714285,0.11301812,0.11898718,0.11203253
1986-10-16 12:00:00,0.13006651,0.14199373,0.14293018,0.12843396,0.14059137,0.13417518,0.137654,0.13226403,0.14529377
1986-11-16 00:00:00,0.14254998,0.13242158,0.14523914,0.15033811,0.14708571,0.1419414,0.1418026,0.14741452,0.1515568
1986-12-16 12:00:00,0.14861302,0.14167704,0.14965713,0.14135808,0.1423241,0.136945,0.14881092,0.14889827,0.13721688
1987-01-16 12:00:00,0.15150003,0.13885327,0.13286231,0.13893516,0.13636097,0.14201364,0.15914094,0.14326112,0.14793152
1987-02-15 00:00:00,0.12262724,0.13401774,0.13041833,0.13380556,0.13582607,0.13481617,0.14229707,0.1158097,0.1256974
1987-03-16 12:00:00,0.12540133,0.12005061,0.13065784,0.12293553,0.13117208,0.12425408,0.139942,0.122796796,0.1255869
1987-04-16 00:00:00,0.11139977,0.10543313,0.11177928,0.1096029,0.11350559,0.12221183,0.13393463,0.12195688,0.10563252
1987-05-16 12:00:00,0.10538195,0.09763956,0.099613175,0.099678196,0.10005453,0.09731664,0.120228626,0.109385155,0.11478868
1987-06-16 00:00:00,0.09378092,0.10346691,0.0921763,0.08763194,0.105567165,0.10650357,0.09758477,0.09910912,0.101328276
1987-07-16 12:00:00,0.10387461,0.09543243,0.09228306,0.10061193,0.10920926,0.09654117,0.09907916,0.10080431,0.101384096
1987-08-16 12:00:00,0.10594213,0.102164656,0.112327136,0.10232171,0.09461638,0.10782783,0.10861086,0.104344524,0.10469182
1987-09-16 00:00:00,0.122177124,0.10345253,0.11796299,0.11066066,0.11187509,0.11050834,0.11749557,0.11875004,0.1219014
1987-10-16 12:00:00,0.13120893,0.13080493,0.13733724,0.1323498,0.13447824,0.13279134,0.13291143,0.14177354,0.13894813
1987-11-16 00:00:00,0.14148644,0.12759715,0.14223427,0.14176062,0.14735466,0.14524803,0.16169979,0.14782004,0.13769542
1987-12-16 12:00:00,0.15258703,0.124920696,0.14795022,0.14420356,0.13721094,0.14179105,0.15154077,0.14328644,0.12967342
1988-01-16 12:00:00,0.14631686,0.14179528,0.11973142,0.14645326,0.14684239,0.14354591,0.14548385,0.15062815,0.13570873
1988-02-15 12:00:00,0.120796725,0.13153279,0.11976344,0.14936267,0.1245021,0.1352278,0.12878375,0.14485326,0.12835087
1988-03-16 12:00:00,0.12763606,0.13061728,0.1281548,0.13367678,0.11973157,0.11957343,0.14193809,0.11777,0.121144414
1988-04-16 00:00:00,0.12648764,0.1172635,0.11331656,0.12634155,0.12650988,0.11014029,0.14071125,0.114518054,0.13335149
1988-05-16 12:00:00,0.10707545,0.09645176,0.106858805,0.10550212,0.10960939,0.10305955,0.107982345,0.10770958,0.10786441
1988-06-16 00:00:00,0.09466981,0.09703633,0.09214053,0.094144985,0.101305194,0.09976825,0.099313006,0.10270055,0.09657071
1988-07-16 12:00:00,0.10330266,0.102419436,0.10197071,0.098102406,0.114449866,0.09336519,0.08819027,0.102518246,0.096063495
1988-08-16 12:00:00,0.09969623,0.11555726,0.10487922,0.103907995,0.10963431,0.10575559,0.11096505,0.1097139,0.09561023
1988-09-16 00:00:00,0.10958694,0.11129995,0.12303441,0.10904573,0.10389518,0.109987915,0.11929592,0.11855959,0.106114805
1988-10-16 12:00:00,0.13794176,0.16038749,0.14537685,0.14270596,0.14593612,0.13517933,0.13388875,0.13556339,0.1382293
1988-11-16 00:00:00,0.14303085,0.13970429,0.14162254,0.131582,0.15317301,0.14300872,0.13484374,0.14238133,0.14396757
1988-12-16 12:00:00,0.1595109,0.14467235,0.14070603,0.14077908,0.15027417,0.14279822,0.14328039,0.14612629,0.14975558
1989-01-16 12:00:00,0.13676596,0.13409483,0.1411849,0.15050597,0.13709168,0.13713002,0.14616837,0.1388495,0.14121361
1989-02-15 00:00:00,0.14670886,0.13915558,0.1376497,0.14770408,0.12553664,0.13741577,0.13591455,0.15342791,0.12910254
1989-03-16 12:00:00,0.12799549,0.112097114,0.13319421,0.14375816,0.11332095,0.118461184,0.11773945,0.13488804,0.120762564
1989-04-16 00:00:00,0.12594642,0.12035331,0.12484784,0.11511378,0.118986,0.128023,0.11967903,0.119228795,0.11887758
1989-05-16 12:00:00,0.112313405,0.109464146,0.10180975,0.09396546,0.10052337,0.10784691,0.10354198,0.107233174,0.112722814
1989-06-16 00:00:00,0.09061719,0.09491779,0.09535475,0.10817934,0.10188073,0.0854859,0.09714007,0.104297884,0.10364661
1989-07-16 12:00:00,0.09773223,0.097068176,0.08944191,0.09555418,0.09404599,0.09562882,0.108959116,0.09440432,0.097424716
1989-08-16 12:00:00,0.0972673,0.0844116,0.1004085,0.10690503,0.10532558,0.112931535,0.1087743,0.09381776,0.1171419
1989-09-16 00:00:00,0.107403815,0.1154051,0.11661205,0.10099564,0.13207844,0.12957978,0.12119521,0.12504123,0.117931485
1989-10-16 12:00:00,0.14693801,0.13425358,0.1434079,0.13295472,0.1272451,0.13369824,0.14352292,0.14201953,0.14998412
1989-11-16 00:00:00,0.142713,0.13165975,0.13735494,0.15568882,0.14389598,0.16104613,0.143391,0.13435367,0.14249872
1989-12-16 12:00:00,0.13922107,0.1248585,0.13330106,0.16061957,0.14465712,0.12839803,0.1395708,0.15035807,0.14436983
1990-01-16 12:00:00,0.14487956,0.13359277,0.12499713,0.14469998,0.15870646,0.13666166,0.14944793,0.14338621,0.15396911
1990-02-15 00:00:00,0.14339681,0.1474055,0.1284804,0.13386543,0.12836958,0.12723102,0.12599324,0.13647197,0.15182884
1990-03-16 12:00:00,0.13279064,0.11914487,0.121598594,0.12149681,0.12908125,0.13083479,0.12334204,0.12644501,0.1312923
1990-04-16 00:00:00,0.11223211,0.114240006,0.12644263,0.1159159,0.13413568,0.11483372,0.120042115,0.12213648,0.12282298
1990-05-16 12:00:00,0.11433527,0.096414424,0.10138523,0.11271465,0.111035354,0.096278295,0.10776406,0.10692316,0.10094684
1990-06-16 00:00:00,0.093582466,0.10641555,0.100082085,0.10932512,0.095968015,0.09201414,0.08482102,0.09817331,0.09793539
1990-07-16 12:00:00,0.10211498,0.13296603,0.09636357,0.09516668,0.1005365,0.110436276,0.092532456,0.094960734,0.10610045
1990-08-16 12:00:00,0.10790652,0.109096095,0.10911824,0.12162124,0.109496266,0.103599854,0.11359398,0.10583648,0.10925824
1990-09-16 00:00:00,0.12443351,0.1121357,0.12321382,0.119221605,0.118771374,0.109833546,0.103958525,0.109486416,0.12277197
1990-10-16 12:00:00,0.13794911,0.13898365,0.13477214,0.13722885,0.1360819,0.14119996,0.14268303,0.14420569,0.13281207
1990-11-16 00:00:00,0.14333162,0.14606448,0.13792934,0.13889666,0.13871984,0.13930361,0.13292794,0.13663574,0.15055779
1990-12-16 12:00:00,0.13970281,0.13350141,0.13198765,0.15175799,0.13407771,0.15326133,0.14989772,0.13277002,0.15941554
1991-01-16 12:00:00,0.13021684,0.13983694,0.14559922,0.14908649,0.1405669,0.14519228,0.12401524,0.16453215,0.1527945
1991-02-15 00:00:00,0.13589887,0.1425103,0.1271544,0.12872957,0.12819014,0.13154224,0.12783265,0.14704534,0.13108884
1991-03-16 12:00:00,0.11273286,0.12164946,0.12550688,0.14898318,0.14333868,0.13458332,0.13018025,0.1356086,0.13498317
1991-04-16 00:00:00,0.13008143,0.12256536,0.1231853,0.11140379,0.13636184,0.12105013,0.12803254,0.122154854,0.11181401
1991-05-16 12:00:00,0.11636801,0.106422335,0.10148225,0.112088054,0.102680825,0.10200644,0.103722475,0.09759619,0.11183825
1991-06-16 00:00:00,0.10185355,0.09691078,0.09868688,0.09725265,0.09440104,0.09478643,0.09370614,0.09741951,0.09280005
1991-07-16 12:00:00,0.10768368,0.09579761,0.10612791,0.10466,0.0971703,0.09886477,0.09403791,0.10259473,0.09924561
1991-08-16 12:00:00,0.104098916,0.1057662,0.11201665,0.12436659,0.12547807,0.116674654,0.106950074,0.094382115,0.10741493
1991-09-16 00:00:00,0.12544303,0.107727386,0.10080369,0.1165793,0.1126843,0.11458536,0.12536365,0.11994429,0.11610339
1991-10-16 12:00:00,0.1478002,0.13702632,0.14765562,0.14819254,0.14645064,0.12143763,0.14500232,0.14818512,0.13987324
1991-11-16 00:00:00,0.1413895,0.14980121,0.14658885,0.1321192,0.14918885,0.14954105,0.15604495,0.15375628,0.14932321
1991-12-16 12:00:00,0.14086498,0.14622518,0.14848141,0.15914536,0.14000049,0.15221603,0.1512233,0.1509109,0.1615574
1992-01-16 12:00:00,0.13160573,0.14779058,0.15003444,0.1447421,0.13545431,0.13409477,0.14235573,0.15762629,0.14124134
1992-02-15 12:00:00,0.12996139,0.1408116,0.14463614,0.15021084,0.1456407,0.14572565,0.16270643,0.13571511,0.13243118
1992-03-16 12:00:00,0.13080078,0.13175736,0.1377482,0.12747742,0.13923529,0.14151813,0.13991553,0.12446153,0.12655938
1992-04-16 00:00:00,0.11914858,0.12710619,0.119083606,0.11591166,0.1226767,0.10932951,0.12276842,0.116246775,0.11696341
1992-05-16 12:00:00,0.10503172,0.10269586,0.10820401,0.110579714,0.09995899,0.115195654,0.10465995,0.101082526,0.112321064
1992-06-16 00:00:00,0.09437386,0.09504422,0.10319005,0.09416297,0.091742225,0.092464946,0.09323839,0.086636655,0.09860804
1992-07-16 12:00:00,0.09685544,0.0998506,0.09686327,0.089846104,0.10029651,0.10142275,0.11124781,0.09904935,0.100173205
1992-08-16 12:00:00,0.108787335,0.114595585,0.103961185,0.11759725,0.10535208,0.09939212,0.11062846,0.10443388,0.11826087
1992-09-16 00:00:00,0.103795655,0.11244309,0.12951973,0.12458435,0.10374611,0.11346556,0.11126305,0.10953409,0.12278036
1992-10-16 12:00:00,0.14486499,0.13316852,0.1365223,0.13722366,0.1437894,0.133048,0.1442367,0.14493622,0.13069543
1992-11-16 00:00:00,0.1388652,0.14887263,0.1270094,0.14484225,0.1450552,0.12985706,0.14442825,0.14784941,0.14762656
1992-12-16 12:00:00,0.15164264,0.13768244,0.13711591,0.13039728,0.15537508,0.13998301,0.14104864,0.13770661,0.15103027
1993-01-16 12:00:00,0.1396433,0.13010906,0.1321638,0.14036559,0.14003184,0.1337659,0.12299426,0.13852228,0.14388639
1993-02-15 00:00:00,0.12597115,0.13729893,0.12847663,0.12415289,0.14485228,0.13863891,0.13364589,0.14949736,0.14797862
1993-03-16 12:00:00,0.13864987,0.12110563,0.11705668,0.117900506,0.125109,0.11909029,0.13802013,0.13285792,0.12971099
1993-04-16 00:00:00,0.11462034,0.11404617,0.113628365,0.12878639,0.11569246,0.11798452,0.11902118,0.120018296,0.12316871
1993-05-16 12:00:00,0.10078353,0.10020158,0.09311913,0.114809655,0.1191543,0.10352229,0.10390665,0.103411265,0.10399495
1993-06-16 00:00:00,0.10720716,0.10000741,0.089967586,0.1135346,0.104402386,0.11242175,0.08656722,0.10510768,0.100559585
1993-07-16 12:00:00,0.092401914,0.096409984,0.10788999,0.09177753,0.1211729,0.097076334,0.0995423,0.10247887,0.11309208
1993-08-16 12:00:00,0.108233295,0.12683703,0.12321832,0.10677192,0.098334946,0.10222948,0.10463203,0.09135491,0.09216065
1993-09-16 00:00:00,0.112326555,0.10903429,0.118006796,0.12372895,0.11260007,0.11284324,0.12566702,0.123889074,0.11944799
1993-10-16 12:00:00,0.13587008,0.14537801,0.13958183,0.14307168,0.1367296,0.14351958,0.1344297,0.12534,0.14461522
1993-11-16 00:00:00,0.14544204,0.15771697,0.14319873,0.1279341,0.1589229,0.14179568,0.15258211,0.15059248,0.14220658
1993-12-16 12:00:00,0.1620513,0.14445454,0.13957302,0.13710624,0.1404438,0.14427198,0.14601283,0.15239383,0.17642282
1994-01-16 12:00:00,0.12675089,0.13987906,0.13837689,0.1309487,0.13766836,0.15668654,0.13225275,0.13364194,0.15289614
1994-02-15 00:00:00,0.1507003,0.13365154,0.12656482,0.11648591,0.12086187,0.13832434,0.12581778,0.13327418,0.13316895
1994-03-16 12:00:00,0.124068014,0.123923965,0.13606186,0.12037011,0.13942589,0.13260816,0.11387126,0.10580325,0.13110718
1994-04-16 00:00:00,0.12523146,0.10894018,0.12064562,0.12242335,0.11549287,0.10718932,0.10518548,0.11649324,0.11757948
1994-05-16 12:00:00,0.11005395,0.102167435,0.100591876,0.10071034,0.104492,0.106472544,0.096336804,0.10277844,0.1022087
1994-06-16 00:00:00,0.102745615,0.08504774,0.09488986,0.098559454,0.090607174,0.08677293,0.097177856,0.09060509,0.09243484
1994-07-16 12:00:00,0.09435315,0.09934724,0.09952314,0.09976204,0.09859858,0.099808894,0.097656794,0.09101519,0.10077755
1994-08-16 12:00:00,0.10505579,0.10674508,0.11069473,0.10367143,0.12404192,0.09928143,0.0980067,0.10073612,0.10548661
1994-09-16 00:00:00,0.12459404,0.124406114,0.11628585,0.120500475,0.11064453,0.098699905,0.12192589,0.114894964,0.116644144
1994-10-16 12:00:00,0.12701742,0.13806936,0.13529629,0.13767543,0.14788873,0.138576,0.13096848,0.1326445,0.13216102
1994-11-16 00:00:00,0.15517834,0.1434156,0.16143268,0.14323185,0.15012719,0.14044607,0.15148899,0.13788655,0.13215512
1994-12-16 12:00:00,0.15458022,0.15001878,0.14067481,0.13571835,0.15769896,0.14900859,0.124163084,0.14418556,0.14119731
1995-01-16 12:00:00,0.1475394,0.14322624,0.14733629,0.13941379,0.14042696,0.1449006,0.1284969,0.14247753,0.13639745
1995-02-15 00:00:00,0.13094069,0.13942541,0.13781609,0.12976134,0.14420219,0.1260627,0.12684752,0.13096203,0.13975129
1995-03-16 12:00:00,0.12931627,0.12683085,0.1444197,0.14506118,0.14158174,0.13314219,0.12582895,0.13400136,0.12977621
1995-04-16 00:00:00,0.12166559,0.10733298,0.11060538,0.11455681,0.12702456,0.13347863,0.121882044,0.114646636,0.111621164
1995-05-16 12:00:00,0.10602274,0.10652207,0.099076405,0.09759259,0.10387773,0.11921841,0.10549127,0.095014,0.10659681
1995-06-16 00:00:00,0.09696383,0.09517666,0.09872451,0.09542317,0.0926481,0.091701314,0.09909639,0.09416528,0.102853544
1995-07-16 12:00:00,0.10689576,0.10819931,0.10425538,0.09483604,0.09687854,0.1036293,0.101448186,0.101235576,0.09757524
1995-08-16 12:00:00,0.105473824,0.096039,0.1013424,0.10702772,0.11569557,0.099950135,0.110431954,0.105684765,0.11800839
1995-09-16 00:00:00,0.115045466,0.13307175,0.11475415,0.12247859,0.13815264,0.11272767,0.11561874,0.12687597,0.112472035
1995-10-16 12:00:00,0.1388778,0.1256519,0.1278252,0.13571079,0.1446712,0.12894958,0.14301525,0.14001936,0.13778505
1995-11-16 00:00:00,0.15844272,0.14458263,0.14294633,0.14384766,0.15390444,0.1317924,0.14288633,0.15976778,0.13922444
1995-12-16 12:00:00,0.14486834,0.13702402,0.14137521,0.13935412,0.13423307,0.14640927,0.14066093,0.14958602,0.15987337
1996-01-16 12:00:00,0.14049092,0.13719052,0.14636697,0.13936806,0.1603543,0.14815438,0.15081231,0.14984632,0.16225004
1996-02-15 12:00:00,0.13688116,0.13064538,0.13080166,0.14502595,0.1381529,0.1391738,0.13239539,0.1348783,0.13522321
1996-03-16 12:00:00,0.12657739,0.12954429,0.1263597,0.13580671,0.1356986,0.13457243,0.12965067,0.1182339,0.12924968
1996-04-16 00:00:00,0.11757005,0.12386479,0.11992917,0.11065542,0.10664106,0.114132546,0.115458846,0.11517347,0.11370655
1996-05-16 12:00:00,0.10665331,0.11035604,0.11079416,0.11083891,0.110908754,0.10467641,0.10543011,0.10482035,0.10619882
1996-06-16 00:00:00,0.09866926,0.10030481,0.09306644,0.09248619,0.10895686,0.10002758,0.09468971,0.09459636,0.09149919
1996-07-16 12:00:00,0.096510276,0.10059568,0.08785974,0.0986465,0.103855774,0.09820829,0.10242685,0.10750379,0.09948461
1996-08-16 12:00:00,0.096309654,0.10092926,0.09711866,0.1066698,0.10952996,0.10163369,0.10607952,0.09300876,0.10446146
1996-09-16 00:00:00,0.109566696,0.12364191,0.12620044,0.119390786,0.107072644,0.12125716,0.115604594,0.117421195,0.12417341
1996-10-16 12:00:00,0.13119155,0.13756676,0.14254034,0.14219998,0.13240379,0.13556734,0.13708435,0.14448503,0.13535829
1996-11-16 00:00:00,0.15966856,0.1309071,0.14303371,0.13883567,0.13512196,0.16806813,0.13959101,0.16011931,0.1571153
1996-12-16 12:00:00,0.15074557,0.14878492,0.13405448,0.14850278,0.12997922,0.13974325,0.14002736,0.14882061,0.16927753
1997-01-16 12:00:00,0.136035,0.14933527,0.14471722,0.13973752,0.12927754,0.15130518,0.13461776,0.13862856,0.14318211
1997-02-15 00:00:00,0.13640466,0.14206024,0.14386366,0.1372839,0.1085375,0.13101855,0.12788934,0.13509558,0.12856638
1997-03-16 12:00:00,0.12390326,0.1388143,0.12798628,0.13020357,0.12402875,0.1400729,0.1223349,0.13715084,0.13456082
1997-04-16 00:00:00,0.11344275,0.117961556,0.12721138,0.13093472,0.11101957,0.11428533,0.11587702,0.1278294,0.12371361
1997-05-16 12:00:00,0.09435421,0.103430815,0.10351228,0.10405968,0.11121736,0.10939803,0.10645331,0.10160293,0.10604459
1997-06-16 00:00:00,0.10131262,0.09178241,0.09374907,0.090060055,0.10143254,0.09840415,0.09506271,0.0934084,0.094593436
1997-07-16 12:00:00,0.10283009,0.10061169,0.0971978,0.09749229,0.09726868,0.10285182,0.08737574,0.103993714,0.10741905
1997-08-16 12:00:00,0.10525546,0.0959977,0.104516074,0.10467742,0.101159595,0.09931835,0.09708627,0.09914624,0.102187715
1997-09-16 00:00:00,0.1073601,0.123511665,0.10932864,0.112176605,0.12198257,0.12594652,0.11784544,0.11930125,0.10343681
1997-10-16 12:00:00,0.13273811,0.16325167,0.13830915,0.15417022,0.16105743,0.1440066,0.13724269,0.13134834,0.1354007
1997-11-16 00:00:00,0.13404705,0.14390454,0.14883666,0.16325383,0.15005702,0.1437528,0.15225166,0.15118301,0.1376758
1997-12-16 12:00:00,0.13153088,0.1320637,0.13877457,0.15068987,0.13701352,0.1400372,0.12562741,0.14508764,0.15302993
1998-01-16 12:00:00,0.12770914,0.1483553,0.12860481,0.14236897,0.14449395,0.1506304,0.13992484,0.13993911,0.1397902
1998-02-15 00:00:00,0.1511491,0.12654677,0.13222605,0.13194644,0.13971919,0.13427596,0.14664137,0.12560937,0.14291814
1998-03-16 12:00:00,0.12980622,0.13031194,0.12848864,0.1258238,0.12321491,0.120917946,0.13226262,0.13094063,0.12820368
1998-04-16 00:00:00,0.10930163,0.11843244,0.11565817,0.12145541,0.11700135,0.12486808,0.12884507,0.111409314,0.11486091
1998-05-16 12:00:00,0.10174736,0.107466556,0.10953814,0.10609858,0.11341362,0.09172908,0.10412361,0.09582097,0.10216795
1998-06-16 00:00:00,0.09215379,0.09107895,0.0976673,0.09863615,0.10201736,0.106445774,0.09211956,0.101895906,0.10334678
1998-07-16 12:00:00,0.096667334,0.09544369,0.105139285,0.09985843,0.1046442,0.096858956,0.09808143,0.088197276,0.09016481
1998-08-16 12:00:00,0.10301902,0.10391632,0.121719226,0.10416823,0.09553104,0.10429524,0.10248988,0.09254534,0.111470915
1998-09-16 00:00:00,0.11818612,0.11741811,0.12145742,0.12723547,0.1229297,0.12639755,0.11375699,0.11957178,0.1174985
1998-10-16 12:00:00,0.12841243,0.13884613,0.1352005,0.13408631,0.14029138,0.1489015,0.12507121,0.13382986,0.12778366
1998-11-16 00:00:00,0.14343365,0.14447615,0.15615378,0.15508938,0.15125866,0.1484084,0.13758746,0.14775957,0.15534952
1998-12-16 12:00:00,0.15596522,0.1488088,0.14649159,0.14291121,0.17111602,0.13418262,0.13501291,0.13611269,0.14945222
1999-01-16 12:00:00,0.15977082,0.13277481,0.15205938,0.14489384,0.1451552,0.14503457,0.11091851,0.13236782,0.13961335
1999-02-15 00:00:00,0.11837939,0.14188217,0.12856472,0.1312102,0.13541284,0.1389721,0.13396333,0.12579642,0.13525723
1999-03-16 12:00:00,0.12849258,0.12177651,0.13250317,0.12899967,0.1344905,0.14421812,0.12587567,0.13109353,0.13316841
1999-04-16 00:00:00,0.111199185,0.108762726,0.12043444,0.12126382,0.123399824,0.12748206,0.116006486,0.10906637,0.10767151
1999-05-16 12:00:00,0.09755216,0.100915894,0.10966571,0.10824004,0.10960155,0.11823167,0.10354233,0.09990955,0.108181864
1999-06-16 00:00:00,0.08790838,0.08680226,0.10267832,0.09067172,0.09891004,0.09555873,0.09442325,0.09315657,0.09635692
1999-07-16 12:00:00,0.10429438,0.097193755,0.09878522,0.103561185,0.10424677,0.09580135,0.09188238,0.09613622,0.0996025
1999-08-16 12:00:00,0.11399254,0.11343109,0.115104064,0.099587485,0.09623031,0.100260295,0.09847079,0.11006948,0.10323402
1999-09-16 00:00:00,0.11792471,0.10949681,0.11742931,0.12704341,0.1185393,0.11236059,0.12937625,0.11383977,0.115275465
1999-10-16 12:00:00,0.14323412,0.14187384,0.14733799,0.1453908,0.12773058,0.12866715,0.15048653,0.14222723,0.13535321
1999-11-16 00:00:00,0.14374714,0.15249375,0.15287407,0.14737663,0.1493201,0.1465382,0.15626273,0.15070996,0.14031458
1999-12-16 12:00:00,0.14993408,0.15634857,0.14059147,0.1580863,0.15219355,0.1426745,0.13568985,0.15906756,0.12943135
2000-01-16 12:00:00,0.15358965,0.14470199,0.13994578,0.14545181,0.14650585,0.14217784,0.14286675,0.15021586,0.1542457
2000-02-15 12:00:00,0.13183263,0.13686293,0.12347635,0.13913229,0.14226596,0.12779489,0.14302677,0.13852303,0.13647252
2000-03-16 12:00:00,0.12238982,0.13349293,0.14160287,0.13340518,0.1477032,0.12619276,0.12856388,0.13667509,0.13210243
2000-04-16 00:00:00,0.10974185,0.12646489,0.11418423,0.11671488,0.124413066,0.1103248,0.10877845,0.13596044,0.13194773
2000-05-16 12:00:00,0.09945909,0.10946856,0.12076898,0.11468892,0.10879395,0.09846254,0.10315869,0.114306584,0.10864062
2000-06-16 00:00:00,0.09331145,0.106065236,0.0989234,0.09953784,0.09137286,0.087707475,0.100489,0.09280899,0.11126494
2000-07-16 12:00:00,0.09766748,0.102460265,0.09877368,0.10355318,0.09379055,0.113846585,0.09217403,0.08844655,0.091177255
2000-08-16 12:00:00,0.10369734,0.09271204,0.088757455,0.110907756,0.11346733,0.09675926,0.104306385,0.10219963,0.10152036
2000-09-16 00:00:00,0.1193424,0.11692302,0.12198322,0.114507,0.1100226,0.11722285,0.124610186,0.1168221,0.11896586
2000-10-16 12:00:00,0.13632384,0.1492062,0.1341364,0.13580126,0.13481338,0.1180724,0.1396162,0.14481102,0.14503929
2000-11-16 00:00:00,0.13458651,0.15497246,0.14105448,0.15197858,0.1474459,0.1376211,0.14595757,0.14566307,0.14656131
2000-12-16 12:00:00,0.14117967,0.15203077,0.14577173,0.15592165,0.15290444,0.15369084,0.1355541,0.13498847,0.14702076
2001-01-16 12:00:00,0.15211451,0.1555017,0.14909726,0.1430499,0.15215589,0.13954517,0.13427,0.15400867,0.14703284
2001-02-15 00:00:00,0.1462879,0.13526574,0.1320222,0.13562001,0.114582025,0.11871094,0.13785338,0.15826462,0.14621812
2001-03-16 12:00:00,0.130068,0.14923875,0.1310227,0.11922634,0.12770884,0.12565969,0.12778817,0.13177352,0.12630439
2001-04-16 00:00:00,0.102315046,0.11663058,0.11931707,0.10952581,0.11923425,0.11526193,0.1179939,0.1145915,0.12206961
2001-05-16 12:00:00,0.10004998,0.11462799,0.11080287,0.11358681,0.10613267,0.103782244,0.10868368,0.112229,0.10725473
2001-06-16 00:00:00,0.10906901,0.10555136,0.10088526,0.08833482,0.09752301,0.09761122,0.1070924,0.09208362,0.10878959
2001-07-16 12:00:00,0.09356383,0.10172256,0.106499895,0.1018821,0.101544246,0.09635783,0.10442682,0.09368894,0.098098725
2001-08-16 12:00:00,0.10821413,0.09828414,0.107418135,0.099075675,0.102149144,0.09371298,0.10674439,0.11239863,0.09937594
2001-09-16 00:00:00,0.13114429,0.121684946,0.1112965,0.11926461,0.10662619,0.115398236,0.114082046,0.12134292,0.111014634
2001-10-16 12:00:00,0.13187091,0.14272512,0.1273061,0.14145201,0.141026,0.14771098,0.13677268,0.13595419,0.12657838
2001-11-16 00:00:00,0.15067323,0.16396597,0.12749764,0.13575178,0.16028479,0.15346938,0.13790128,0.1218197,0.14944051
2001-12-16 12:00:00,0.14775172,0.14942028,0.14661936,0.14180051,0.15164351,0.14445826,0.1507988,0.14282271,0.13526246
2002-01-16 12:00:00,0.14728196,0.14500535,0.14067028,0.13510633,0.13081327,0.15242063,0.1370453,0.14137658,0.13587302
2002-02-15 00:00:00,0.14980729,0.13559395,0.13308191,0.12896527,0.1345017,0.1398867,0.13363884,0.13885662,0.13436161
2002-03-16 12:00:00,0.13937676,0.12136511,0.12171648,0.12835641,0.1255416,0.12854978,0.12411022,0.118255906,0.12716432
2002-04-16 00:00:00,0.12600791,0.122998804,0.12018471,0.109223895,0.12368827,0.12369534,0.119205944,0.1229771,0.11781187
2002-05-16 12:00:00,0.11450576,0.11848764,0.1068626,0.10682161,0.11304638,0.1019024,0.09474943,0.104373045,0.105332494
2002-06-16 00:00:00,0.083277956,0.108874656,0.09836727,0.09931755,0.10698261,0.09020452,0.08757824,0.092869356,0.102685764
2002-07-16 12:00:00,0.093232736,0.102194294,0.10385949,0.10650125,0.09394972,0.09962843,0.10142179,0.0989349,0.10746416
2002-08-16 12:00:00,0.10720432,0.104969345,0.11612049,0.10544379,0.10050652,0.11937071,0.110703744,0.108606346,0.1190249
2002-09-16 00:00:00,0.117959894,0.117860086,0.11778839,0.10775809,0.10176041,0.12752369,0.12416868,0.12719111,0.12196897
2002-10-16 12:00:00,0.14657797,0.1506838,0.14003727,0.12862477,0.14659663,0.13153636,0.11966233,0.15365763,0.13796917
2002-11-16 00:00:00,0.14538963,0.15199377,0.15686071,0.15307556,0.1576123,0.14386243,0.14359742,0.14457427,0.14297274
2002-12-16 12:00:00,0.12657629,0.15121001,0.14216939,0.14824115,0.1438993,0.14414692,0.14304063,0.1461095,0.13719743
2003-01-16 12:00:00,0.13463184,0.15746589,0.13752693,0.14211538,0.16901194,0.16035032,0.13175148,0.16820812,0.15142275
2003-02-15 00:00:00,0.122865796,0.14724119,0.1425392,0.15648752,0.13543643,0.14150186,0.1463335,0.15172946,0.12979764
2003-03-16 12:00:00,0.12648849,0.12915292,0.13687332,0.1277507,0.12034372,0.12304977,0.11350276,0.13187592,0.1281035
2003-04-16 00:00:00,0.109679505,0.12800331,0.12687592,0.117612,0.1301961,0.112444535,0.13432589,0.11917579,0.12813379
2003-05-16 12:00:00,0.10509033,0.11701127,0.10719661,0.11354734,0.105705984,0.11156174,0.099686824,0.096276164,0.10024277
2003-06-16 00:00:00,0.101259254,0.10981531,0.10209176,0.095312305,0.10914512,0.09644951,0.08259666,0.09035976,0.09755549
2003-07-16 12:00:00,0.11566617,0.10575167,0.1063727,0.09259184,0.09944975,0.091097586,0.09848897,0.09868074,0.09764735
2003-08-16 12:00:00,0.09788331,0.12541269,0.0934139,0.11445299,0.09734837,0.112565085,0.10456266,0.107239395,0.11216908
2003-09-16 00:00:00,0.13235219,0.12376628,0.1228654,0.122231424,0.10594035,0.110043615,0.113652065,0.121365674,0.11971318
2003-10-16 12:00:00,0.13026626,0.14037953,0.12537047,0.15114993,0.13565794,0.12903403,0.1468638,0.13704816,0.1282322
2003-11-16 00:00:00,0.14861016,0.15018733,0.15882254,0.14046147,0.12918517,0.14157818,0.13575135,0.14244732,0.14071393
2003-12-16 12:00:00,0.13469042,0.14675897,0.14482027,0.14382851,0.14322388,0.1448743,0.14799275,0.14287269,0.15493901
2004-01-16 12:00:00,0.13555817,0.14698341,0.14169203,0.1601617,0.15368553,0.15062876,0.13583069,0.14502259,0.14834689
2004-02-15 12:00:00,0.12209025,0.12592095,0.14881817,0.13477881,0.15268268,0.1395452,0.14756842,0.14509511,0.124291696
2004-03-16 12:00:00,0.13484086,0.12645562,0.1370016,0.13027126,0.12445896,0.149114,0.12266745,0.13361843,0.11630745
2004-04-16 00:00:00,0.11707606,0.13317437,0.124778405,0.113951504,0.11909577,0.11366729,0.113452524,0.12477373,0.11447674
2004-05-16 12:00:00,0.10710211,0.115018174,0.10913286,0.12273442,0.10445232,0.10429691,0.12668395,0.10827921,0.09859044
2004-06-16 00:00:00,0.10313802,0.10483508,0.107719034,0.09815249,0.11092918,0.09220498,0.09762185,0.096330434,0.09341158
2004-07-16 12:00:00,0.0994737,0.10077846,0.09690643,0.11107192,0.09494097,0.102203056,0.11754872,0.09029832,0.096771784
2004-08-16 12:00:00,0.11081199,0.1304761,0.10395118,0.10958965,0.091554515,0.116976015,0.10284489,0.10527199,0.0989291
2004-09-16 00:00:00,0.12320152,0.1166437,0.11380987,0.118451156,0.10771586,0.11800163,0.109236956,0.12363814,0.12554829
2004-10-16 12:00:00,0.14750153,0.1425165,0.13506812,0.1281869,0.13959584,0.13973498,0.13263713,0.13308173,0.1329807
2004-11-16 00:00:00,0.14805193,0.12910555,0.15765224,0.14483887,0.14874996,0.1204442,0.1341306,0.15968041,0.13710065
2004-12-16 12:00:00,0.13926531,0.1694066,0.15473945,0.14519398,0.15189995,0.15324016,0.143037,0.15743743,0.13774358
2005-01-16 12:00:00,0.14784342,0.13802747,0.13734297,0.14850739,0.16820872,0.14040938,0.15089877,0.15326793,0.13456427
2005-02-15 00:00:00,0.1336616,0.14028524,0.1324211,0.15370917,0.15811439,0.15496486,0.13812497,0.14509365,0.1560649
2005-03-16 12:00:00,0.13988471,0.14032789,0.13558295,0.12400333,0.13861203,0.12778565,0.1212308,0.1384949,0.136406
2005-04-16 00:00:00,0.11548146,0.12394867,0.11773334,0.1164376,0.13218701,0.12279154,0.11414792,0.11687248,0.12103328
2005-05-16 12:00:00,0.10897521,0.116290875,0.11563564,0.105162315,0.09969968,0.105716474,0.09998987,0.11162154,0.1112704
2005-06-16 00:00:00,0.10060343,0.09799828,0.10917604,0.08940288,0.10020512,0.10304592,0.102151334,0.099457614,0.09836785
2005-07-16 12:00:00,0.10230859,0.09850874,0.09203721,0.09927151,0.10498298,0.09285188,0.09783895,0.11187544,0.10339233
2005-08-16 12:00:00,0.10457972,0.0951163,0.11310655,0.10115773,0.11530281,0.1001901,0.102582976,0.10433384,0.10029693
2005-09-16 00:00:00,0.11710032,0.110940345,0.11959846,0.12076065,0.11285372,0.1082207,0.116477706,0.12012727,0.11966123
2005-10-16 12:00:00,0.13336931,0.149585,0.14157699,0.12451631,0.14635831,0.13691963,0.14803062,0.15152861,0.14541446
2005-11-16 00:00:00,0.14723517,0.13179092,0.13815157,0.1679682,0.14195304,0.15983702,0.15651031,0.16103704,0.15446259
2005-12-16 12:00:00,0.13646,0.15667905,0.14042778,0.14736882,0.16753837,0.13534053,0.13589263,0.15025456,0.14457686
2006-01-16 12:00:00,0.14436203,0.15124676,0.13588463,0.14389251,0.15249993,0.12989956,0.14294615,0.13421139,0.15681563
2006-02-15 00:00:00,0.14918356,0.123261645,0.13712958,0.12518601,0.14787184,0.13550764,0.13384286,0.13422926,0.14780569
2006-03-16 12:00:00,0.12866929,0.12705086,0.12962084,0.11755356,0.14395972,0.12878658,0.11736809,0.13118131,0.12671787
2006-04-16 00:00:00,0.12815388,0.12112685,0.123485975,0.12329738,0.11768285,0.11982213,0.11806481,0.119066015,0.13349566
2006-05-16 12:00:00,0.098726586,0.116584755,0.10238585,0.10613729,0.11653923,0.10663604,0.10762149,0.10799937,0.11648649
2006-06-16 00:00:00,0.08821838,0.10235894,0.10823622,0.10027047,0.1013988,0.092360206,0.09765137,0.10973418,0.098387726
2006-07-16 12:00:00,0.09981128,0.11595622,0.10444616,0.1161688,0.11737789,0.093406685,0.09890232,0.10144537,0.09988129
2006-08-16 12:00:00,0.111586526,0.105304785,0.11538473,0.09165288,0.09637664,0.101862095,0.10241949,0.098999456,0.102594614
2006-09-16 00:00:00,0.12293021,0.12257182,0.11025002,0.105962485,0.10235537,0.122472875,0.11953827,0.12021608,0.13273562
2006-10-16 12:00:00,0.13952528,0.14212936,0.12934084,0.1421528,0.13016441,0.14362139,0.12765665,0.1328328,0.14953202
2006-11-16 00:00:00,0.14136875,0.15031204,0.14143984,0.15126623,0.16459665,0.14889088,0.14138503,0.1668339,0.146644
2006-12-16 12:00:00,0.1323411,0.14071827,0.14761272,0.13445129,0.14983353,0.14965707,0.15186818,0.14232388,0.15244183
2007-01-16 12:00:00,0.13532078,0.14488463,0.1632471,0.15238339,0.14348641,0.13049084,0.12737899,0.13717149,0.13744451
2007-02-15 00:00:00,0.12459693,0.15416858,0.14039527,0.14179367,0.13612406,0.13448407,0.13281557,0.15357202,0.12571034
2007-03-16 12:00:00,0.12668909,0.1258661,0.12699136,0.13944758,0.12919311,0.13139956,0.13326466,0.14908472,0.12434459
2007-04-16 00:00:00,0.12675317,0.13569865,0.11798325,0.1109646,0.122196816,0.12302991,0.1244062,0.13782534,0.12728374
2007-05-16 12:00:00,0.11457285,0.11015874,0.11453344,0.11858188,0.10872087,0.1122211,0.10901337,0.10127444,0.1134565
2007-06-16 00:00:00,0.097853534,0.089815356,0.09822663,0.107454084,0.09781407,0.0887675,0.10077836,0.10336086,0.0985224
2007-07-16 12:00:00,0.09689841,0.08861428,0.10260044,0.10457487,0.10223478,0.1050506,0.10663765,0.10971499,0.11514746
2007-08-16 12:00:00,0.121936776,0.09969748,0.10087337,0.100759484,0.09594317,0.12719381,0.102644995,0.08933858,0.0961413
2007-09-16 00:00:00,0.109730825,0.09755185,0.10750455,0.1162275,0.117303275,0.11307928,0.11961342,0.122018926,0.11594917
2007-10-16 12:00:00,0.13969727,0.13999225,0.12719396,0.15281081,0.1418393,0.13478228,0.1296386,0.14386518,0.130511
2007-11-16 00:00:00,0.15046528,0.1463772,0.13888644,0.14282764,0.16751349,0.15386474,0.15139169,0.1635804,0.14404862
2007-12-16 12:00:00,0.15637794,0.13686524,0.14755638,0.15244177,0.13059711,0.1588038,0.14816684,0.1538013,0.1461872
2008-01-16 12:00:00,0.134678,0.12951142,0.13962024,0.14434777,0.13823856,0.1426682,0.13668463,0.14726152,0.14711799
2008-02-15 12:00:00,0.14090009,0.13146283,0.13627572,0.123601615,0.13327804,0.14464949,0.14819537,0.1564876,0.1493198
2008-03-16 12:00:00,0.12247174,0.115074016,0.13496803,0.12269285,0.12661979,0.123572886,0.12807068,0.13548997,0.13199268
2008-04-16 00:00:00,0.13582285,0.12104343,0.111812316,0.11734617,0.11658234,0.12253726,0.12570125,0.13463892,0.12924294
2008-05-16 12:00:00,0.115363464,0.1060004,0.103370205,0.11237252,0.11041395,0.11469081,0.105287366,0.10705685,0.10210631
2008-06-16 00:00:00,0.115894586,0.10011289,0.10535388,0.11781644,0.09492692,0.097082935,0.088347286,0.11347157,0.10936785
2008-07-16 12:00:00,0.10959437,0.107938506,0.10576473,0.11103469,0.105575815,0.10217592,0.092132576,0.10427145,0.09632691
2008-08-16 12:00:00,0.09061663,0.101189665,0.10207992,0.11619231,0.10816589,0.10113159,0.09564416,0.10199348,0.09162811
2008-09-16 00:00:00,0.11735628,0.123321146,0.11984957,0.12752105,0.10613583,0.10671409,0.104199335,0.1225406,0.105176836
2008-10-16 12:00:00,0.1257215,0.15609884,0.1344215,0.1563609,0.13447328,0.13217068,0.13984497,0.13289972,0.13564205
2008-11-16 00:00:00,0.15742289,0.1464314,0.14554983,0.14485326,0.14769511,0.15913932,0.16765006,0.1449447,0.1363764
2008-12-16 12:00:00,0.12682202,0.1455494,0.15992819,0.14841288,0.14830308,0.14599541,0.14673351,0.1447486,0.15770906
2009-01-16 12:00:00,0.14045191,0.14557248,0.14844052,0.14848442,0.13755354,0.13170433,0.13780181,0.1446049,0.137436
2009-02-15 00:00:00,0.14624678,0.13442561,0.14994857,0.12783028,0.13276364,0.14967781,0.14154194,0.14279588,0.15344477
2009-03-16 12:00:00,0.13284953,0.12857538,0.13916224,0.14042911,0.13335763,0.13663082,0.12492184,0.13760833,0.14083558
2009-04-16 00:00:00,0.116789564,0.10694402,0.11259009,0.11785789,0.119086295,0.11842258,0.13569099,0.11653215,0.12150928
2009-05-16 12:00:00,0.10387563,0.09998151,0.11209225,0.10767784,0.11024273,0.11351561,0.100568935,0.10163779,0.106671356
2009-06-16 00:00:00,0.104076385,0.099257894,0.092679024,0.09557629,0.102495655,0.102992654,0.09535125,0.09710833,0.113138676
2009-07-16 12:00:00,0.100708425,0.103142664,0.08971431,0.097119905,0.10086672,0.09014739,0.09886219,0.09552706,0.10986106
2009-08-16 12:00:00,0.105922654,0.107974,0.09504045,0.099116094,0.09727966,0.11632385,0.101037495,0.1194806,0.10100847
2009-09-16 00:00:00,0.11787993,0.11515805,0.1194555,0.10379872,0.116058744,0.12000812,0.115914114,0.11650859,0.10524644
2009-10-16 12:00:00,0.1382102,0.14422143,0.12917645,0.14535524,0.12646684,0.14359781,0.14047211,0.14030883,0.12842564
2009-11-16 00:00:00,0.16150773,0.15988316,0.12626646,0.15287441,0.1550536,0.13693905,0.15407038,0.14607203,0.15330817
2009-12-16 12:00:00,0.14343095,0.15677908,0.13017543,0.13866109,0.14532095,0.16624078,0.14309612,0.13895094,0.15408854
2010-01-16 12:00:00,0.14368917,0.15098496,0.1495702,0.14677481,0.15475798,0.15566586,0.15166616,0.1391221,0.1380155
2010-02-15 00:00:00,0.1516981,0.14435677,0.14053033,0.12776586,0.13019036,0.13672203,0.12867777,0.12733057,0.14853366
2010-03-16 12:00:00,0.12037637,0.12365928,0.13639395,0.1240925,0.13045941,0.13180201,0.12914315,0.12053579,0.14144342
2010-04-16 00:00:00,0.122002736,0.12253267,0.13302355,0.117937736,0.11295763,0.12482942,0.11231675,0.1174377,0.13381854
2010-05-16 12:00:00,0.105101556,0.11712634,0.10970026,0.11044754,0.10544916,0.105353676,0.10025981,0.11718803,0.118754946
2010-06-16 00:00:00,0.10046227,0.10310868,0.117424555,0.09967703,0.09395351,0.095143214,0.11091309,0.10038758,0.101645164
2010-07-16 12:00:00,0.102156036,0.11315274,0.11242912,0.103063345,0.09650717,0.10203595,0.101300925,0.10066391,0.12283842
2010-08-16 12:00:00,0.10781353,0.08938664,0.103105344,0.10186983,0.09773139,0.11268252,0.109081924,0.10849132,0.09749902
2010-09-16 00:00:00,0.10719016,0.10739857,0.10503208,0.12974253,0.1076408,0.1321303,0.1279999,0.11624346,0.10992496
2010-10-16 12:00:00,0.14869496,0.12986042,0.13306877,0.15597789,0.14800762,0.12504551,0.12795871,0.12463428,0.13832542
2010-11-16 00:00:00,0.13707319,0.13942201,0.14676778,0.15557382,0.16228342,0.146566,0.16045709,0.16589111,0.15592898
2010-12-16 12:00:00,0.14933099,0.15159714,0.16873631,0.13692851,0.14261653,0.15033457,0.15646715,0.14591786,0.1368703
2011-01-16 12:00:00,0.14587183,0.14806426,0.13565685,0.15998307,0.13523802,0.16560978,0.17219582,0.14721842,0.14565256
2011-02-15 00:00:00,0.14283289,0.11662958,0.14449398,0.13178673,0.15511459,0.14166299,0.14923814,0.136533,0.14103554
2011-03-16 12:00:00,0.12353518,0.1212192,0.14335994,0.124749325,0.13236015,0.1330749,0.13828647,0.14410469,0.12851714
2011-04-16 00:00:00,0.11072423,0.11433225,0.11637907,0.1196968,0.12119853,0.11626338,0.13113064,0.11574878,0.11293445
2011-05-16 12:00:00,0.113985024,0.10415675,0.112943344,0.10678386,0.107223146,0.11286679,0.11958788,0.11011976,0.11709646
2011-06-16 00:00:00,0.09884673,0.09990164,0.10193278,0.099202976,0.10719938,0.10139499,0.09871178,0.09452541,0.10333476
2011-07-16 12:00:00,0.094475575,0.09826185,0.09834149,0.12347405,0.09323108,0.10947908,0.0951291,0.10288651,0.102419466
2011-08-16 12:00:00,0.091904715,0.10602898,0.08939865,0.10431311,0.10891461,0.11595006,0.09767706,0.09162973,0.0951029
2011-09-16 00:00:00,0.11119833,0.11688838,0.12131143,0.106794916,0.11793169,0.127961,0.12539119,0.11345584,0.11517072
2011-10-16 12:00:00,0.12597473,0.14453748,0.14202142,0.13449326,0.15712032,0.13950191,0.14484467,0.13293369,0.1396411
2011-11-16 00:00:00,0.15992202,0.1531931,0.15756737,0.1310322,0.14456016,0.15255198,0.14743094,0.17511737,0.14518775
2011-12-16 12:00:00,0.15576914,0.14995582,0.14643373,0.13839301,0.16053823,0.14547278,0.16409615,0.1619714,0.14856002
2012-01-16 12:00:00,0.14560652,0.16266488,0.13922836,0.12806666,0.15396017,0.1369703,0.13481902,0.15727201,0.13579117
2012-02-15 12:00:00,0.12344884,0.14605416,0.14381821,0.1447877,0.14860986,0.13849236,0.15367758,0.13403966,0.14715281
2012-03-16 12:00:00,0.1325831,0.12049786,0.11711783,0.121260256,0.13326691,0.15024143,0.14120857,0.13771187,0.13573562
2012-04-16 00:00:00,0.11379095,0.12556374,0.119597405,0.11992363,0.1293675,0.12859431,0.1305103,0.1158552,0.11689186
2012-05-16 12:00:00,0.10865753,0.093466885,0.095282406,0.10207127,0.10791476,0.10774197,0.1080456,0.102446,0.10881634
2012-06-16 00:00:00,0.10177186,0.102969125,0.09637214,0.10080048,0.10054797,0.11279612,0.10013365,0.09552177,0.10595538
2012-07-16 12:00:00,0.09491882,0.102140784,0.10082492,0.1059115,0.09820407,0.10115692,0.10711713,0.110465884,0.08509549
2012-08-16 12:00:00,0.09827464,0.11308214,0.098715566,0.120255455,0.10751966,0.103603624,0.09788898,0.0982221,0.094260275
2012-09-16 00:00:00,0.11318523,0.12692699,0.103417106,0.10770029,0.10798801,0.11266867,0.10695066,0.11597949,0.11261937
2012-10-16 12:00:00,0.12732877,0.12006357,0.14078832,0.13942692,0.13081296,0.14282145,0.12998469,0.12612818,0.15331914
2012-11-16 00:00:00,0.15055735,0.13899292,0.14258118,0.13794139,0.14618167,0.14615951,0.1464332,0.13616104,0.14307928
2012-12-16 12:00:00,0.12976761,0.14894858,0.14213905,0.15641025,0.16567366,0.1446715,0.14722104,0.15049553,0.13672233
2013-01-16 12:00:00,0.15693346,0.13264719,0.131619,0.11855032,0.13624261,0.1435343,0.14527212,0.14524807,0.15514351
2013-02-15 00:00:00,0.13702144,0.12758741,0.13027845,0.14048381,0.13705757,0.12055992,0.1270846,0.14992824,0.13475703
2013-03-16 12:00:00,0.13153125,0.14336179,0.13519938,0.114949055,0.13119474,0.12612417,0.11924075,0.12909235,0.12432079
2013-04-16 00:00:00,0.12069835,0.12206408,0.12872277,0.11467162,0.104226895,0.124332584,0.12329976,0.106615335,0.1158612
2013-05-16 12:00:00,0.099682644,0.1125704,0.10363758,0.100615695,0.10797164,0.108606875,0.11273687,0.11979945,0.11660966
2013-06-16 00:00:00,0.088177435,0.1000566,0.10117989,0.10475319,0.09331988,0.08946465,0.101012155,0.09581347,0.10758228
2013-07-16 12:00:00,0.101487026,0.09815609,0.101311535,0.097957194,0.09097692,0.10690073,0.102151416,0.09498857,0.120603606
2013-08-16 12:00:00,0.09727637,0.103787735,0.10592164,0.10899735,0.0966635,0.11720478,0.10712638,0.113552764,0.09122106
2013-09-16 00:00:00,0.11489707,0.11018027,0.103673436,0.11798981,0.10152774,0.13156718,0.11265183,0.12426925,0.113192186
2013-10-16 12:00:00,0.13991448,0.14112028,0.13191502,0.14704761,0.1459887,0.13820632,0.13724084,0.14186996,0.13835281
2013-11-16 00:00:00,0.15158497,0.14843164,0.15959334,0.13586888,0.1501422,0.16817527,0.14798605,0.14157361,0.146485
2013-12-16 12:00:00,0.15018044,0.14489515,0.14783865,0.1631049,0.1443955,0.1453178,0.14567703,0.1523258,0.14531939
2014-01-16 12:00:00,0.1303333,0.14469334,0.17028876,0.15164882,0.13355063,0.1527685,0.147103,0.12901635,0.13769563
2014-02-15 00:00:00,0.13603923,0.12690589,0.1567353,0.12677127,0.15831447,0.14706093,0.14422508,0.12917006,0.14023726
2014-03-16 12:00:00,0.14511642,0.1166824,0.1378332,0.12894922,0.13096488,0.14572936,0.15944056,0.1251116,0.15378392
2014-04-16 00:00:00,0.1278597,0.11281938,0.123970374,0.108317874,0.11742314,0.11180495,0.121251635,0.12908942,0.12436878
2014-05-16 12:00:00,0.10233156,0.11521846,0.11635047,0.10692836,0.102122545,0.104134105,0.10716108,0.10510087,0.116925485
2014-06-16 00:00:00,0.0968782,0.1054238,0.10130061,0.096035644,0.09890107,0.098515116,0.101680584,0.10253998,0.11281696
2014-07-16 12:00:00,0.10208784,0.09634314,0.09698217,0.10188216,0.10384534,0.09757449,0.09877493,0.1065811,0.10731298
2014-08-16 12:00:00,0.09384694,0.103269406,0.10909556,0.11447422,0.10894382,0.08980465,0.11502244,0.10087593,0.10723201
2014-09-16 00:00:00,0.11663121,0.12222988,0.105994694,0.11652123,0.11097905,0.11301252,0.114922024,0.10820293,0.114694126
2014-10-16 12:00:00,0.1383412,0.13889503,0.13751586,0.13136373,0.120131865,0.13865349,0.13034709,0.1412219,0.13964953
2014-11-16 00:00:00,0.16492358,0.15179668,0.1609144,0.15537201,0.15046062,0.15718064,0.15563568,0.14117552,0.14022727
2014-12-16 12:00:00,0.16107382,0.15744002,0.1621798,0.1385405,0.13854599,0.15733959,0.14825167,0.15851033,0.15553224
