time,r7i1p1f1,r6i1p1f1,r5i1p1f1,r8i1p1f1,r4i1p1f1,r1i1p1f1,r2i1p1f1,r9i1p1f1,r3i1p1f1
1979-01-16 12:00:00,0.12490022,0.14153926,0.13906743,0.1385524,0.13757989,0.11902668,0.13990395,0.14381877,0.14418288
1979-02-15 00:00:00,0.12752062,0.13758612,0.13554975,0.1338387,0.13460368,0.13320221,0.13640684,0.1356889,0.13430804
1979-03-16 12:00:00,0.1277615,0.12082408,0.123520836,0.1472399,0.109888,0.12936318,0.13286963,0.12948398,0.12994644
1979-04-16 00:00:00,0.12389651,0.12312686,0.10779895,0.12642683,0.110220835,0.1060989,0.11055204,0.12563422,0.11759328
1979-05-16 12:00:00,0.1135597,0.09611343,0.11017077,0.12803228,0.09542898,0.09740456,0.11028128,0.09744941,0.09985789
1979-06-16 00:00:00,0.09013097,0.091629356,0.09008793,0.10200583,0.09327338,0.09018473,0.08897826,0.09233278,0.08222217
1979-07-16 12:00:00,0.09465434,0.08968733,0.08484399,0.09553638,0.093449034,0.084071,0.09716053,0.08646055,0.09918725
1979-08-16 12:00:00,0.11216904,0.10171624,0.097636096,0.09430827,0.10050123,0.09678236,0.11014953,0.09840343,0.09806814
1979-09-16 00:00:00,0.11602784,0.12191728,0.112200886,0.11118592,0.11231733,0.112236656,0.11436612,0.11065032,0.105316475
1979-10-16 12:00:00,0.1377758,0.12851849,0.15200399,0.13544744,0.1327078,0.13701141,0.14668791,0.12346288,0.14376906
1979-11-16 00:00:00,0.13696784,0.14794962,0.1396049,0.14301533,0.12548089,0.1403851,0.14760321,0.13349384,0.12442908
1979-12-16 12:00:00,0.11964936,0.12954465,0.1429215,0.17062439,0.1317672,0.1407807,0.14540981,0.1154328,0.13639295
1980-01-16 12:00:00,0.14813465,0.14558572,0.1308765,0.14945333,0.13943042,0.13131039,0.14089854,0.1332625,0.13462168
1980-02-15 12:00:00,0.1318255,0.12741023,0.13306859,0.13026714,0.14117269,0.13019754,0.13353966,0.12815294,0.12858655
1980-03-16 12:00:00,0.11649206,0.12270844,0.12986359,0.1448909,0.13590941,0.13636425,0.13456893,0.11828939,0.1287902
1980-04-16 00:00:00,0.11096355,0.11469922,0.11350269,0.119932234,0.11926776,0.117951095,0.10643797,0.13466638,0.12313313
1980-05-16 12:00:00,0.09894037,0.096053675,0.08898674,0.11033622,0.09911428,0.106419206,0.11008926,0.1086748,0.10958677
1980-06-16 00:00:00,0.09765978,0.092325814,0.09373231,0.09846575,0.08855479,0.090975285,0.09780515,0.09545095,0.10600977
1980-07-16 12:00:00,0.086393245,0.09667424,0.09027293,0.09259445,0.09431595,0.091428615,0.091538936,0.08948734,0.08410906
1980-08-16 12:00:00,0.1002071,0.11587683,0.10113723,0.099652976,0.1019886,0.09716166,0.101376995,0.090222575,0.09148736
1980-09-16 00:00:00,0.11778035,0.11637328,0.11648544,0.124273695,0.11685025,0.12391269,0.12432901,0.11340614,0.12499195
1980-10-16 12:00:00,0.15408666,0.1378608,0.1421133,0.1448332,0.13740835,0.1310857,0.13346277,0.13130309,0.14335102
1980-11-16 00:00:00,0.13859273,0.13274428,0.14302987,0.13913837,0.13651721,0.15615776,0.13323899,0.13090731,0.13229814
1980-12-16 12:00:00,0.11825501,0.136786,0.12244878,0.13068062,0.12472909,0.13034154,0.12019601,0.1502144,0.15376508
1981-01-16 12:00:00,0.12605014,0.13394666,0.13277444,0.12915489,0.12524,0.13397834,0.124289475,0.14473443,0.14510134
1981-02-15 00:00:00,0.13118988,0.122228906,0.11971864,0.13517308,0.122644894,0.13310646,0.143444,0.12602697,0.14429145
1981-03-16 12:00:00,0.13187656,0.117725864,0.12626891,0.12619366,0.12619351,0.1335963,0.13098955,0.12531577,0.12663117
1981-04-16 00:00:00,0.1228388,0.11864868,0.118132815,0.12001225,0.12678352,0.113060735,0.10719545,0.119353205,0.11493359
1981-05-16 12:00:00,0.09886617,0.1120443,0.112424105,0.10029636,0.09679678,0.10440549,0.11059861,0.09515692,0.114196576
1981-06-16 00:00:00,0.10653732,0.09534228,0.09442185,0.088232756,0.08576397,0.08454134,0.09843443,0.091053806,0.094862975
1981-07-16 12:00:00,0.10019773,0.097872905,0.09640842,0.10971478,0.092942424,0.08828408,0.088636465,0.089781575,0.09432447
1981-08-16 12:00:00,0.11554054,0.09376198,0.10026174,0.10600451,0.095859416,0.104632325,0.10816188,0.089518614,0.09455746
1981-09-16 00:00:00,0.116038926,0.12430301,0.10705065,0.11698125,0.104441516,0.115674525,0.11426947,0.1154897,0.118706375
1981-10-16 12:00:00,0.13513078,0.15439287,0.14402266,0.13701375,0.14579695,0.12135903,0.15336534,0.124806255,0.1414987
1981-11-16 00:00:00,0.13952103,0.1469877,0.15753658,0.13426572,0.14622977,0.13832967,0.13389912,0.15064904,0.14480661
1981-12-16 12:00:00,0.1326307,0.13829052,0.14895222,0.1334685,0.14338762,0.12751292,0.12249811,0.12098906,0.14716157
1982-01-16 12:00:00,0.13265201,0.14994599,0.13696864,0.13558035,0.13448769,0.139186,0.13692723,0.114656456,0.1325549
1982-02-15 00:00:00,0.13552386,0.133743,0.13639145,0.13553928,0.14367814,0.13087936,0.13112253,0.124065116,0.14167382
1982-03-16 12:00:00,0.12966287,0.13080843,0.13089487,0.123150215,0.12943909,0.12473568,0.124535955,0.12553166,0.121923685
1982-04-16 00:00:00,0.11134407,0.115755245,0.114320345,0.10306671,0.11931116,0.13412134,0.12178085,0.10755721,0.11818776
1982-05-16 12:00:00,0.09659046,0.09864612,0.110840775,0.09593521,0.09994047,0.10007916,0.09834268,0.10537346,0.09455895
1982-06-16 00:00:00,0.09256175,0.08587541,0.09116689,0.096546575,0.08141225,0.082459606,0.095795065,0.08395064,0.088192545
1982-07-16 12:00:00,0.08618859,0.088613145,0.08988099,0.10355844,0.089908145,0.089347266,0.091440655,0.097361326,0.092388354
1982-08-16 12:00:00,0.10137338,0.10340532,0.10298428,0.097633906,0.10138226,0.096779734,0.101689704,0.10421014,0.110038586
1982-09-16 00:00:00,0.11671101,0.12580577,0.10382347,0.12377075,0.12972312,0.12333843,0.1232534,0.107639246,0.10882112
1982-10-16 12:00:00,0.14621821,0.13131945,0.14380702,0.12732902,0.1426518,0.13872573,0.1334334,0.14208783,0.12833142
1982-11-16 00:00:00,0.13177536,0.13537121,0.14589554,0.1357633,0.12593435,0.12948364,0.14357996,0.13047086,0.15587194
1982-12-16 12:00:00,0.1335179,0.1339393,0.13580228,0.13928081,0.13383996,0.12215167,0.14325927,0.13879015,0.14015217
1983-01-16 12:00:00,0.13295716,0.12739234,0.14100727,0.15898387,0.13173771,0.14300387,0.13816273,0.12410361,0.13122946
1983-02-15 00:00:00,0.12316265,0.12877552,0.13117225,0.1376187,0.13185304,0.13873535,0.11465963,0.13994041,0.12498552
1983-03-16 12:00:00,0.14186184,0.12517627,0.11846217,0.14594482,0.1280214,0.12785864,0.12480883,0.11706421,0.1326406
1983-04-16 00:00:00,0.1150811,0.11424277,0.105880715,0.11255968,0.120825745,0.115721025,0.10583459,0.12698199,0.1262664
1983-05-16 12:00:00,0.11172998,0.10888522,0.09596384,0.105716705,0.11638476,0.11912984,0.11186619,0.10454811,0.10221484
1983-06-16 00:00:00,0.08878187,0.0785046,0.09040634,0.090105414,0.08771154,0.092296,0.09566515,0.088155255,0.097337805
1983-07-16 12:00:00,0.08442863,0.08914222,0.09781722,0.094290845,0.08050744,0.097759455,0.09449462,0.08364747,0.087852925
1983-08-16 12:00:00,0.10083588,0.09650888,0.107482985,0.097192876,0.10366685,0.10959583,0.10765839,0.08482151,0.10209331
1983-09-16 00:00:00,0.115832165,0.10569363,0.11776777,0.11135712,0.115705416,0.118647635,0.114240214,0.12132066,0.110348105
1983-10-16 12:00:00,0.14369,0.13577895,0.13886414,0.13734277,0.14120728,0.13039424,0.13690798,0.15103474,0.14272143
1983-11-16 00:00:00,0.1373897,0.14987402,0.13123626,0.13885738,0.14167358,0.1462217,0.13752836,0.1138522,0.15129143
1983-12-16 12:00:00,0.12741594,0.13323745,0.14605677,0.1385502,0.12708576,0.13715483,0.13832277,0.13938154,0.12713401
1984-01-16 12:00:00,0.12660117,0.1496978,0.12813897,0.12737006,0.13434608,0.15142018,0.13967603,0.12437325,0.14654545
1984-02-15 12:00:00,0.13035068,0.13731131,0.12237471,0.14073008,0.12651956,0.12645775,0.13099287,0.13083783,0.12303352
1984-03-16 12:00:00,0.1323718,0.11274658,0.12189114,0.13025308,0.116299935,0.1302024,0.12192162,0.12940954,0.120279014
1984-04-16 00:00:00,0.1229711,0.1151781,0.108224444,0.109279424,0.12133765,0.11823378,0.1195268,0.10963894,0.12383008
1984-05-16 12:00:00,0.09618631,0.10642339,0.101122245,0.09404965,0.11829663,0.11298393,0.10520141,0.09951896,0.115206994
1984-06-16 00:00:00,0.096813135,0.088109,0.08194504,0.095141165,0.09376935,0.07569388,0.094169244,0.09194575,0.10161544
1984-07-16 12:00:00,0.088575676,0.08706954,0.10172446,0.08682528,0.0895236,0.09115968,0.08805919,0.090764016,0.10260142
1984-08-16 12:00:00,0.098468155,0.10207314,0.11244588,0.09778013,0.10339655,0.10838844,0.10614844,0.09911899,0.107110105
1984-09-16 00:00:00,0.11175011,0.11648484,0.124180585,0.11408811,0.1171036,0.11644883,0.11587827,0.12337776,0.122375205
1984-10-16 12:00:00,0.13914043,0.1417249,0.1360948,0.13429374,0.12668777,0.12842406,0.14306952,0.13340029,0.13896377
1984-11-16 00:00:00,0.13737711,0.13705654,0.11718907,0.11528939,0.1372064,0.135489,0.15708655,0.14576234,0.13336174
1984-12-16 12:00:00,0.1529562,0.12488751,0.14261538,0.136729,0.14154959,0.1335029,0.1504072,0.12721054,0.1529571
1985-01-16 12:00:00,0.13884068,0.13831459,0.12778579,0.12743331,0.13666552,0.13535626,0.13087355,0.14056465,0.1302044
1985-02-15 00:00:00,0.124225624,0.14785276,0.123015,0.12064823,0.15229927,0.13363838,0.124322735,0.13742858,0.13530183
1985-03-16 12:00:00,0.13756277,0.12330249,0.13006625,0.11906241,0.1196405,0.13492265,0.14058381,0.12408837,0.12219747
1985-04-16 00:00:00,0.12799893,0.11371859,0.11668119,0.11558217,0.119116455,0.123680755,0.118911475,0.11740607,0.12534404
1985-05-16 12:00:00,0.10122908,0.09792697,0.11022281,0.09744584,0.10698597,0.10318316,0.10475638,0.09479051,0.107366204
1985-06-16 00:00:00,0.08792784,0.095131114,0.09303937,0.089564994,0.07976418,0.09417261,0.08914631,0.09088502,0.105950914
1985-07-16 12:00:00,0.09664038,0.08937415,0.09325447,0.086819366,0.098036155,0.09270563,0.094168946,0.092162445,0.08203878
1985-08-16 12:00:00,0.09506027,0.100759745,0.10625375,0.101544045,0.103497155,0.09764822,0.097943194,0.096860014,0.092679605
1985-09-16 00:00:00,0.11090974,0.122862026,0.10705097,0.112409376,0.106127754,0.1225229,0.11491209,0.11282943,0.106905125
1985-10-16 12:00:00,0.116355635,0.12826902,0.13504785,0.13282897,0.13801433,0.13621789,0.14321794,0.12235602,0.12849917
1985-11-16 00:00:00,0.15100183,0.14118981,0.118745215,0.13133444,0.13205306,0.15469489,0.14058958,0.15280987,0.14271685
1985-12-16 12:00:00,0.13601351,0.12465102,0.12184118,0.14135537,0.13509807,0.13698292,0.12738317,0.13503204,0.13576818
1986-01-16 12:00:00,0.14216913,0.13761473,0.13547641,0.14326313,0.12607996,0.1425563,0.13602144,0.12726195,0.12764211
1986-02-15 00:00:00,0.13094744,0.12401702,0.13010505,0.12556285,0.13711016,0.1436095,0.13727604,0.12092181,0.11407954
1986-03-16 12:00:00,0.12567131,0.14197901,0.10933992,0.12163436,0.14147563,0.13161656,0.12192034,0.1187728,0.12951103
1986-04-16 00:00:00,0.10874848,0.1326764,0.12543741,0.12991609,0.108636215,0.11198657,0.12079798,0.10579201,0.10825728
1986-05-16 12:00:00,0.10000799,0.113701835,0.10506431,0.09188554,0.09709812,0.1115284,0.114656396,0.100790344,0.10940048
1986-06-16 00:00:00,0.08354732,0.08360099,0.086902,0.08887461,0.08897153,0.087192446,0.09640033,0.083859555,0.092439175
1986-07-16 12:00:00,0.095543966,0.0983447,0.09977796,0.08871731,0.08613351,0.09307786,0.10375967,0.09502678,0.098047614
1986-08-16 12:00:00,0.10587304,0.10912401,0.10240153,0.103709675,0.095551714,0.09858699,0.10962511,0.093012616,0.10111338
1986-09-16 00:00:00,0.10346741,0.10647954,0.119696185,0.10870237,0.110876784,0.12112077,0.116914004,0.11283052,0.11948976
1986-10-16 12:00:00,0.1428105,0.13682197,0.13676731,0.1313953,0.13235939,0.13631031,0.1463723,0.14014846,0.13765828
1986-11-16 00:00:00,0.14477447,0.150088,0.13295364,0.122828096,0.14767474,0.13851215,0.13456468,0.12941353,0.15503696
1986-12-16 12:00:00,0.13194063,0.12822597,0.1425096,0.14367676,0.13339344,0.13056321,0.16442314,0.12655392,0.13123614
1987-01-16 12:00:00,0.14135122,0.14767665,0.12966235,0.11897678,0.12923077,0.13272421,0.14907143,0.12157529,0.12545195
1987-02-15 00:00:00,0.13382405,0.12518963,0.12152398,0.13160732,0.12608989,0.13817813,0.15102673,0.13984202,0.13714711
1987-03-16 12:00:00,0.14926879,0.13003008,0.123895854,0.12920049,0.12263967,0.13561095,0.13606946,0.12802997,0.13874093
1987-04-16 00:00:00,0.12250227,0.10906961,0.12922685,0.12079221,0.118954115,0.11961568,0.12376967,0.116252646,0.12046877
1987-05-16 12:00:00,0.102673344,0.10909078,0.10609646,0.10856107,0.10554869,0.10625752,0.11084218,0.09420467,0.113839
1987-06-16 00:00:00,0.092507996,0.08491453,0.09671686,0.09230754,0.09565375,0.08490359,0.09738261,0.09074476,0.0965515
1987-07-16 12:00:00,0.101965,0.09115039,0.097184815,0.077953935,0.10036469,0.090951696,0.09973109,0.095041625,0.10472158
1987-08-16 12:00:00,0.10371537,0.10099757,0.092847876,0.08976281,0.10228762,0.10136337,0.09808337,0.1026482,0.109200224
1987-09-16 00:00:00,0.117238276,0.109427325,0.110108614,0.11246505,0.11169777,0.11900495,0.13041891,0.12654808,0.11314816
1987-10-16 12:00:00,0.13354887,0.13887827,0.12839164,0.12520994,0.1339148,0.13887171,0.1492066,0.14969754,0.13606921
1987-11-16 00:00:00,0.13444254,0.14321405,0.13849731,0.12840663,0.14340927,0.13935946,0.122464985,0.13942362,0.15006858
1987-12-16 12:00:00,0.11706638,0.1430465,0.12536891,0.1345658,0.14453074,0.13678643,0.14451125,0.13949996,0.13499686
1988-01-16 12:00:00,0.13285185,0.13908124,0.13206641,0.13985087,0.15224078,0.13137543,0.13073713,0.1354111,0.15067327
1988-02-15 12:00:00,0.12143237,0.14301078,0.12673143,0.12847884,0.11388391,0.14898911,0.14824715,0.13266449,0.14351319
1988-03-16 12:00:00,0.12593623,0.12724698,0.1170615,0.11881826,0.12466399,0.11483225,0.13554715,0.13408098,0.13511473
1988-04-16 00:00:00,0.120985515,0.10619587,0.11525874,0.13491668,0.10760057,0.1118646,0.13624549,0.12588847,0.12749577
1988-05-16 12:00:00,0.104221724,0.093739346,0.10451203,0.103283994,0.10185764,0.101369515,0.10310034,0.09569145,0.10571104
1988-06-16 00:00:00,0.09305613,0.092295736,0.097725496,0.0955316,0.093329296,0.10014594,0.08079891,0.08487163,0.10095599
1988-07-16 12:00:00,0.08156855,0.105470315,0.09546567,0.086701766,0.09374024,0.09393744,0.090223625,0.10169705,0.0953471
1988-08-16 12:00:00,0.10389959,0.101043314,0.096580036,0.09964277,0.101695605,0.10170931,0.11588656,0.11066004,0.09849109
1988-09-16 00:00:00,0.120828375,0.12113178,0.11151309,0.11417855,0.11282769,0.111089714,0.11828923,0.102779225,0.11806639
1988-10-16 12:00:00,0.14611769,0.13496234,0.13091443,0.14024414,0.13555898,0.13752286,0.13965714,0.13380338,0.15512234
1988-11-16 00:00:00,0.12703265,0.1304695,0.12770297,0.15608834,0.14730388,0.14998539,0.14065446,0.12910715,0.16048752
1988-12-16 12:00:00,0.14121889,0.13454022,0.11877442,0.1323141,0.132556,0.13316947,0.12963365,0.11812044,0.13851276
1989-01-16 12:00:00,0.1433662,0.12369431,0.14197974,0.15923779,0.12625754,0.12653993,0.14920051,0.1265366,0.13406159
1989-02-15 00:00:00,0.13108577,0.14571342,0.13122803,0.1475538,0.12859778,0.120973065,0.14807053,0.11929206,0.12688915
1989-03-16 12:00:00,0.14002027,0.120459765,0.12831818,0.1414955,0.120694704,0.13475364,0.12713635,0.1294549,0.13017952
1989-04-16 00:00:00,0.10909331,0.12393953,0.12168263,0.13114561,0.11137428,0.13445024,0.11624102,0.11635352,0.11925669
1989-05-16 12:00:00,0.10097501,0.112767,0.118505225,0.09896854,0.10786092,0.10308393,0.10227371,0.10892467,0.105764344
1989-06-16 00:00:00,0.08661334,0.08525637,0.08844974,0.0867789,0.084244035,0.08955581,0.08822041,0.09401256,0.09841494
1989-07-16 12:00:00,0.093186505,0.09635207,0.09611332,0.0976775,0.09706847,0.10435256,0.094481766,0.08529014,0.09154183
1989-08-16 12:00:00,0.09387781,0.1076081,0.11398383,0.09403927,0.119497545,0.10307781,0.09641138,0.09757994,0.11695915
1989-09-16 00:00:00,0.09453398,0.12101326,0.10755114,0.11551549,0.12206866,0.1080637,0.12040407,0.11813624,0.116765335
1989-10-16 12:00:00,0.13289803,0.13431178,0.13296133,0.12777293,0.14963542,0.13391957,0.13367967,0.13401875,0.13630326
1989-11-16 00:00:00,0.12517713,0.14210992,0.14852273,0.14584236,0.1287264,0.13499425,0.14011069,0.14872967,0.14396693
1989-12-16 12:00:00,0.12144996,0.15755759,0.1403046,0.13729055,0.12943484,0.16140845,0.12971129,0.15260349,0.14231318
1990-01-16 12:00:00,0.123848386,0.15734175,0.13279022,0.14829738,0.13501412,0.1168348,0.13782912,0.13288094,0.12998915
1990-02-15 00:00:00,0.1298797,0.13269246,0.12319217,0.12922533,0.11814259,0.13330789,0.123318635,0.1207498,0.13895975
1990-03-16 12:00:00,0.13321887,0.12061602,0.13220938,0.124394305,0.118326925,0.121656835,0.123828955,0.117345326,0.11876077
1990-04-16 00:00:00,0.1189516,0.11345204,0.13393168,0.12260336,0.10895633,0.1219673,0.11596439,0.10563876,0.11589821
1990-05-16 12:00:00,0.11346952,0.1068875,0.106827654,0.09538008,0.0918768,0.11013259,0.0919213,0.10153298,0.10552271
1990-06-16 00:00:00,0.07945193,0.088934414,0.08209272,0.09352308,0.08992674,0.08619891,0.09075062,0.095168285,0.09802375
1990-07-16 12:00:00,0.0889177,0.088460624,0.09840747,0.09282828,0.08583932,0.09608968,0.09012489,0.095186375,0.10360303
1990-08-16 12:00:00,0.09952689,0.10056907,0.10175502,0.098383665,0.08915039,0.100024,0.096165255,0.09913623,0.10577008
1990-09-16 00:00:00,0.114074565,0.122877814,0.11645608,0.11206274,0.117346734,0.11303783,0.110598296,0.108184546,0.11104293
1990-10-16 12:00:00,0.13040346,0.13487971,0.12537262,0.14339608,0.1420833,0.13836831,0.14324264,0.14692727,0.1452126
1990-11-16 00:00:00,0.12202062,0.14436863,0.15470876,0.14263447,0.13868096,0.14326604,0.13953726,0.1389555,0.15255693
1990-12-16 12:00:00,0.13280565,0.12627977,0.110690005,0.13512649,0.1154713,0.13695341,0.13944092,0.15080188,0.15369709
1991-01-16 12:00:00,0.14674506,0.13782983,0.14323418,0.12860031,0.1308878,0.13026725,0.14025863,0.14385219,0.14285517
1991-02-15 00:00:00,0.11716912,0.14128333,0.121711835,0.12636623,0.111800164,0.13411973,0.12635396,0.13079146,0.14319022
1991-03-16 12:00:00,0.115558654,0.1324401,0.11254763,0.12792693,0.12856905,0.13153532,0.11215995,0.11662882,0.14502916
1991-04-16 00:00:00,0.116296165,0.121681266,0.11215915,0.107219085,0.109868,0.117918916,0.11815201,0.13451575,0.12951432
1991-05-16 12:00:00,0.109982476,0.11346356,0.10637199,0.100619115,0.10521736,0.092511006,0.10760655,0.10218696,0.11221451
1991-06-16 00:00:00,0.10144629,0.10382635,0.09281707,0.09489785,0.080326766,0.09526385,0.09657786,0.10083648,0.09541995
1991-07-16 12:00:00,0.081706,0.09194358,0.095731154,0.08994475,0.09072264,0.08830106,0.08790306,0.102663845,0.093759045
1991-08-16 12:00:00,0.10567645,0.09987295,0.10110624,0.09619475,0.10255802,0.10226053,0.10780657,0.09584526,0.09993872
1991-09-16 00:00:00,0.120875515,0.104313016,0.11190723,0.112166464,0.10205635,0.10649726,0.10773421,0.11181802,0.11941391
1991-10-16 12:00:00,0.12900329,0.13775378,0.14031996,0.14042254,0.13977632,0.13340876,0.12815544,0.13997835,0.13876192
1991-11-16 00:00:00,0.12529714,0.14194486,0.14514276,0.1422142,0.14241712,0.14997274,0.13274246,0.13172635,0.14728174
1991-12-16 12:00:00,0.1200656,0.14703248,0.1321225,0.1407683,0.14162746,0.13514805,0.13107099,0.13423873,0.13436024
1992-01-16 12:00:00,0.14149846,0.13400349,0.13320465,0.13387026,0.1323992,0.12652697,0.1258613,0.13736317,0.12846126
1992-02-15 12:00:00,0.12388873,0.12685049,0.12729217,0.12812768,0.13776986,0.12986659,0.13486134,0.13388534,0.1241109
1992-03-16 12:00:00,0.116635926,0.13226517,0.12059937,0.123597324,0.13141473,0.11374636,0.11866616,0.13053507,0.13703142
1992-04-16 00:00:00,0.11915195,0.121257275,0.104294464,0.124394126,0.12269944,0.13237278,0.111852966,0.13314569,0.1251464
1992-05-16 12:00:00,0.10194233,0.10899132,0.10222816,0.101324014,0.09857897,0.10907846,0.11496854,0.10407847,0.106826454
1992-06-16 00:00:00,0.09947318,0.09414642,0.085317664,0.090618975,0.089386076,0.08963199,0.08208497,0.095565334,0.09933062
1992-07-16 12:00:00,0.09564368,0.09534675,0.096593,0.08616424,0.0884212,0.09545374,0.091252625,0.09586877,0.0979954
1992-08-16 12:00:00,0.102753595,0.10160377,0.10381757,0.09841514,0.108343646,0.10124824,0.10626514,0.1066429,0.101050675
1992-09-16 00:00:00,0.1059481,0.13019888,0.12928341,0.12022575,0.11005898,0.13155857,0.11308167,0.12091921,0.12090699
1992-10-16 12:00:00,0.13536668,0.15079498,0.12268952,0.14285621,0.116062105,0.1381889,0.14983907,0.14192346,0.13747491
1992-11-16 00:00:00,0.14547755,0.13227144,0.13309935,0.14349265,0.13413185,0.12606838,0.1355195,0.13461086,0.16303845
1992-12-16 12:00:00,0.13491905,0.12528977,0.14851752,0.14209083,0.114597425,0.13614334,0.13367356,0.1549173,0.129654
1993-01-16 12:00:00,0.13649729,0.13761756,0.1351149,0.12905113,0.12435135,0.1521499,0.14207771,0.13474742,0.14030522
1993-02-15 00:00:00,0.13331522,0.12272176,0.1465993,0.1462218,0.1201147,0.11704204,0.11796199,0.12533326,0.13775955
1993-03-16 12:00:00,0.13476698,0.12728773,0.1310369,0.12131543,0.11861361,0.13216357,0.12691876,0.11892001,0.13582635
1993-04-16 00:00:00,0.11439973,0.11524086,0.11731307,0.11448313,0.11574125,0.1346892,0.103321515,0.11124065,0.13195145
1993-05-16 12:00:00,0.10291624,0.11089204,0.103770226,0.110566065,0.10393831,0.09357851,0.09917421,0.10778455,0.10461159
1993-06-16 00:00:00,0.090724684,0.08123624,0.08391579,0.0844453,0.09942967,0.093556635,0.09407815,0.09717582,0.08246709
1993-07-16 12:00:00,0.086553335,0.09142369,0.0908907,0.10013773,0.09350045,0.09894045,0.102108195,0.09892955,0.08684123
1993-08-16 12:00:00,0.09757856,0.09735014,0.10300153,0.09628104,0.09230268,0.10533311,0.101742744,0.10699734,0.10721521
1993-09-16 00:00:00,0.114155315,0.1036294,0.11888836,0.10818899,0.112893425,0.118820414,0.11183887,0.113737166,0.102433115
1993-10-16 12:00:00,0.14127082,0.14588167,0.13925463,0.12238297,0.14541169,0.13079043,0.13795537,0.15307948,0.13171715
1993-11-16 00:00:00,0.121882506,0.13753106,0.14707462,0.15073347,0.13877182,0.14585084,0.13285166,0.14299992,0.14339377
1993-12-16 12:00:00,0.14047547,0.14004207,0.14131287,0.14340161,0.15424812,0.13240957,0.13876571,0.14010483,0.1414656
1994-01-16 12:00:00,0.14818102,0.14290653,0.13015711,0.13624978,0.13693507,0.13008645,0.1375386,0.13648364,0.15076949
1994-02-15 00:00:00,0.16082615,0.13541952,0.124266036,0.1527589,0.11168658,0.1418773,0.13376924,0.13111807,0.12562932
1994-03-16 12:00:00,0.12899944,0.13508968,0.118979394,0.11915904,0.12102995,0.13109909,0.118247494,0.11898864,0.13089393
1994-04-16 00:00:00,0.12536046,0.12470323,0.11674352,0.11158426,0.10933577,0.12554143,0.10711526,0.118572146,0.12295013
1994-05-16 12:00:00,0.107176825,0.10974292,0.10445802,0.10675366,0.10477466,0.110000685,0.10193309,0.11355993,0.10249712
1994-06-16 00:00:00,0.08375055,0.09977427,0.08657787,0.09267559,0.088643126,0.08685652,0.1042243,0.10258566,0.093903266
1994-07-16 12:00:00,0.08756055,0.09577738,0.09320463,0.09222546,0.09560859,0.08769482,0.10721737,0.097372286,0.09678974
1994-08-16 12:00:00,0.098182835,0.09909035,0.09905706,0.106124476,0.102541246,0.09750338,0.09668377,0.1168154,0.0900204
1994-09-16 00:00:00,0.11411715,0.12166429,0.1019829,0.12283497,0.118918866,0.11560129,0.11290925,0.12358828,0.11171721
1994-10-16 12:00:00,0.13770752,0.13596845,0.14712875,0.13082303,0.14230435,0.13156886,0.12983082,0.14522465,0.11848443
1994-11-16 00:00:00,0.12883574,0.13838989,0.12163651,0.14799781,0.14917985,0.14390345,0.1323948,0.12890689,0.1454859
1994-12-16 12:00:00,0.13077202,0.14219172,0.14294183,0.1431667,0.13008939,0.13671291,0.14204271,0.15355304,0.12669669
1995-01-16 12:00:00,0.14408548,0.14518604,0.13542795,0.13953531,0.14059132,0.14301859,0.13557884,0.14140503,0.14175627
1995-02-15 00:00:00,0.1445446,0.1340619,0.14146985,0.15131062,0.13235287,0.13118419,0.1333147,0.13341923,0.13087612
1995-03-16 12:00:00,0.1318555,0.12505087,0.12423009,0.13208532,0.11683517,0.11347512,0.124324694,0.12834328,0.1064944
1995-04-16 00:00:00,0.118078895,0.11278934,0.13204768,0.12872958,0.12642913,0.11534719,0.12885289,0.12159707,0.11217958
1995-05-16 12:00:00,0.115994446,0.096582,0.109916665,0.101537146,0.09854313,0.1068438,0.099608555,0.097199574,0.097276084
1995-06-16 00:00:00,0.09198523,0.08708001,0.08972752,0.101254605,0.092229284,0.096572235,0.09098906,0.09470358,0.10243472
1995-07-16 12:00:00,0.09530219,0.09411345,0.088053286,0.10261181,0.088114545,0.10291212,0.08701449,0.09702961,0.09558726
1995-08-16 12:00:00,0.0954644,0.10708773,0.100021645,0.09980465,0.10537799,0.097808324,0.103192165,0.09948538,0.09455303
1995-09-16 00:00:00,0.10696133,0.113793686,0.12927148,0.11394168,0.125184,0.121741615,0.11606295,0.122039855,0.11504846
1995-10-16 12:00:00,0.15114237,0.14587364,0.13641936,0.14658125,0.1493071,0.14065012,0.14207491,0.13616876,0.14741409
1995-11-16 00:00:00,0.15365054,0.14632708,0.13413472,0.15224694,0.12446858,0.13599284,0.15212458,0.14627446,0.14222509
1995-12-16 12:00:00,0.14242019,0.13039978,0.123582266,0.13905466,0.13216159,0.13661508,0.13653684,0.12042085,0.13546914
1996-01-16 12:00:00,0.12321329,0.14623171,0.13854098,0.1487958,0.14610852,0.14555144,0.13427182,0.14295828,0.15069596
1996-02-15 12:00:00,0.13676852,0.12635054,0.12269935,0.13473481,0.13652778,0.12610939,0.15207787,0.12595233,0.13962995
1996-03-16 12:00:00,0.14317767,0.13383235,0.11997072,0.12891418,0.12077041,0.1425574,0.12365267,0.119267575,0.120584495
1996-04-16 00:00:00,0.13188118,0.117435254,0.11790866,0.113314815,0.12418588,0.12107364,0.11396728,0.11822728,0.111248456
1996-05-16 12:00:00,0.10953594,0.10010445,0.112055294,0.11154735,0.097573146,0.1095116,0.10736306,0.105853416,0.100374065
1996-06-16 00:00:00,0.097054586,0.08939217,0.10074181,0.08883221,0.0871235,0.0920388,0.07572395,0.09807489,0.09541192
1996-07-16 12:00:00,0.08610637,0.091179006,0.09975686,0.098420754,0.089553416,0.0987934,0.09506411,0.09550078,0.09125846
1996-08-16 12:00:00,0.1063593,0.10052616,0.10670887,0.11090426,0.098735064,0.10935996,0.09815608,0.107105784,0.09133859
1996-09-16 00:00:00,0.114434116,0.11588074,0.1119321,0.11792045,0.117383674,0.11258059,0.11412947,0.119519584,0.114131846
1996-10-16 12:00:00,0.13357383,0.16010721,0.14263776,0.13327315,0.13732451,0.16003326,0.1281954,0.140262,0.13697258
1996-11-16 00:00:00,0.1586461,0.15374939,0.15512533,0.12487666,0.14315836,0.13156968,0.11748282,0.14574373,0.12547073
1996-12-16 12:00:00,0.13745473,0.1403591,0.1375105,0.1423613,0.124202974,0.13483036,0.14005928,0.12203721,0.14277788
1997-01-16 12:00:00,0.1408549,0.12793782,0.115802184,0.15322892,0.13081318,0.13289958,0.14025095,0.13355276,0.13137002
1997-02-15 00:00:00,0.13736603,0.13041693,0.1466293,0.13203706,0.12687385,0.12349394,0.13597113,0.13255064,0.14560387
1997-03-16 12:00:00,0.115159035,0.12534264,0.13931231,0.122285545,0.12947284,0.13512008,0.113056794,0.12669346,0.12036004
1997-04-16 00:00:00,0.11669397,0.1327752,0.11945902,0.119434156,0.10152584,0.1191962,0.11580367,0.11658653,0.112206586
1997-05-16 12:00:00,0.1094045,0.11207314,0.09834356,0.1018686,0.11127719,0.11425159,0.09666376,0.09874674,0.1011711
1997-06-16 00:00:00,0.08420831,0.09950018,0.08467012,0.08972459,0.09393298,0.08547613,0.08675483,0.088156715,0.08764971
1997-07-16 12:00:00,0.09474261,0.09445751,0.094129056,0.09422351,0.08449145,0.086978264,0.09291897,0.09031953,0.09191883
1997-08-16 12:00:00,0.0970326,0.107361645,0.10643612,0.102023646,0.104856595,0.09589379,0.10048371,0.109269835,0.09849432
1997-09-16 00:00:00,0.1158157,0.10897325,0.097479105,0.11575599,0.12493611,0.11275035,0.10653444,0.11726238,0.11674557
1997-10-16 12:00:00,0.14927354,0.15118638,0.123769894,0.14831895,0.1343516,0.1279163,0.1400182,0.12536035,0.14543904
1997-11-16 00:00:00,0.13766125,0.15749434,0.13177264,0.1299526,0.13555126,0.13610305,0.14891331,0.13689058,0.14524378
1997-12-16 12:00:00,0.13365288,0.13848446,0.13856328,0.13982455,0.15049787,0.13944781,0.1363524,0.14717245,0.15344016
1998-01-16 12:00:00,0.14235725,0.1414658,0.13732876,0.13127774,0.14840269,0.14156726,0.111769155,0.12523702,0.13592957
1998-02-15 00:00:00,0.14118253,0.14920622,0.14030902,0.13247803,0.12668312,0.12605374,0.12867904,0.12218362,0.15224713
1998-03-16 12:00:00,0.11988818,0.12805042,0.11815799,0.12405087,0.13190143,0.12732433,0.12810545,0.1298134,0.1345788
1998-04-16 00:00:00,0.11581615,0.13105667,0.11935569,0.11519806,0.11842613,0.11206881,0.11359655,0.110606275,0.121641226
1998-05-16 12:00:00,0.10363574,0.11624247,0.103414215,0.09849886,0.10709817,0.102062725,0.10514201,0.09788072,0.097925365
1998-06-16 00:00:00,0.09256095,0.10205164,0.095712416,0.09467533,0.09603093,0.09177167,0.09137222,0.08265747,0.08311424
1998-07-16 12:00:00,0.09801999,0.09247263,0.089979485,0.10403408,0.10608776,0.0900261,0.0950192,0.09182363,0.08568837
1998-08-16 12:00:00,0.101635896,0.09757453,0.1079628,0.09184035,0.09811541,0.097461455,0.10377737,0.092091106,0.09101828
1998-09-16 00:00:00,0.10712521,0.11867763,0.11007401,0.10614888,0.11444962,0.120199166,0.122103736,0.11282809,0.10975182
1998-10-16 12:00:00,0.13208307,0.13734987,0.1307238,0.13270465,0.13599841,0.1375445,0.13602379,0.12972416,0.14088035
1998-11-16 00:00:00,0.1476369,0.1547152,0.13591874,0.12701122,0.13995115,0.13773793,0.1397243,0.14144523,0.13408625
1998-12-16 12:00:00,0.15199876,0.16242826,0.15374917,0.13458934,0.13134341,0.119581796,0.13274893,0.13026921,0.1258161
1999-01-16 12:00:00,0.14207959,0.13507704,0.15521863,0.13778926,0.13626972,0.13755499,0.13689075,0.120559774,0.13823514
1999-02-15 00:00:00,0.13643318,0.12905212,0.13867326,0.14775777,0.12046216,0.12373832,0.13444716,0.116024464,0.13445772
1999-03-16 12:00:00,0.1284866,0.12516917,0.12062114,0.12347336,0.112059236,0.1286848,0.11686179,0.11639181,0.13144158
1999-04-16 00:00:00,0.12434405,0.113977976,0.116365165,0.12479169,0.10917589,0.123797,0.12149999,0.1105324,0.116218
1999-05-16 12:00:00,0.104759164,0.10778775,0.10140481,0.111495756,0.10329709,0.105290554,0.10280684,0.087831184,0.09969941
1999-06-16 00:00:00,0.08294647,0.093002535,0.09651737,0.10424396,0.09522352,0.095694534,0.087888755,0.078295745,0.096586525
1999-07-16 12:00:00,0.093098454,0.10203727,0.09094498,0.098007604,0.088973194,0.089532144,0.09193762,0.09372993,0.08687497
1999-08-16 12:00:00,0.10487923,0.1027035,0.09562465,0.10760028,0.10806645,0.103502296,0.10432213,0.09982037,0.09495043
1999-09-16 00:00:00,0.10845957,0.11364827,0.11575054,0.12734832,0.1136206,0.11406121,0.117177874,0.118311115,0.10862141
1999-10-16 12:00:00,0.14257722,0.12791958,0.14874934,0.14552729,0.13397862,0.15432149,0.1281282,0.12493306,0.13229038
1999-11-16 00:00:00,0.1551542,0.14837843,0.15314446,0.14896452,0.13309625,0.13813157,0.1474414,0.12798007,0.14674775
1999-12-16 12:00:00,0.15059203,0.1398389,0.14499925,0.1500588,0.13351473,0.13281994,0.13350037,0.13993645,0.14274494
2000-01-16 12:00:00,0.15023166,0.13575646,0.14538683,0.13567458,0.13801917,0.121936075,0.12604481,0.13362125,0.12855873
2000-02-15 12:00:00,0.13302469,0.12728935,0.13504936,0.13318495,0.14007938,0.13346982,0.13109985,0.14295216,0.12931132
2000-03-16 12:00:00,0.11184289,0.12716205,0.12265251,0.12124403,0.13860144,0.11940146,0.1231072,0.123447485,0.12442623
2000-04-16 00:00:00,0.118651584,0.112581365,0.108708665,0.11556907,0.13575353,0.10944982,0.12158618,0.122605905,0.119162895
2000-05-16 12:00:00,0.10081027,0.116557986,0.1048386,0.112657115,0.10681882,0.09756531,0.10653922,0.1111201,0.09893352
2000-06-16 00:00:00,0.09468289,0.08683922,0.10703117,0.094979905,0.08818815,0.088025495,0.094236836,0.08456521,0.09811134
2000-07-16 12:00:00,0.097808406,0.10181274,0.09176348,0.08647642,0.092071705,0.08833988,0.09387685,0.08791984,0.09847836
2000-08-16 12:00:00,0.09590518,0.101908304,0.09960256,0.088950045,0.101946756,0.10299961,0.090321,0.10336822,0.09760436
2000-09-16 00:00:00,0.1081137,0.12493711,0.10865199,0.11476528,0.117854334,0.11045398,0.11708377,0.1094403,0.11392256
2000-10-16 12:00:00,0.13659279,0.13315155,0.12718494,0.14415759,0.13776796,0.13127501,0.14779414,0.1384812,0.13279742
2000-11-16 00:00:00,0.14662138,0.15868354,0.14812143,0.13227102,0.1571874,0.12989059,0.12470537,0.12510468,0.14543049
2000-12-16 12:00:00,0.15288697,0.14757878,0.13622105,0.15011445,0.1295949,0.15058987,0.11503884,0.14711744,0.14633827
2001-01-16 12:00:00,0.12808003,0.14544752,0.15940012,0.1415265,0.1373074,0.14431834,0.13357757,0.12420658,0.13595545
2001-02-15 00:00:00,0.13809414,0.13893677,0.12165236,0.13016832,0.117654346,0.144343,0.13948861,0.13854776,0.13440564
2001-03-16 12:00:00,0.1338989,0.11997569,0.12921618,0.13016556,0.13126945,0.13736594,0.12619132,0.12758818,0.11599358
2001-04-16 00:00:00,0.11145507,0.10732984,0.11227094,0.118500724,0.11781893,0.11652236,0.12713647,0.10939024,0.11815365
2001-05-16 12:00:00,0.11176749,0.10503814,0.10393382,0.103830785,0.09714578,0.10864762,0.113940395,0.09025428,0.09114995
2001-06-16 00:00:00,0.098428145,0.09990993,0.08951954,0.09496934,0.09302676,0.097080976,0.09467499,0.09789995,0.09773003
2001-07-16 12:00:00,0.097633384,0.10877384,0.09311542,0.09294047,0.087496065,0.09841284,0.09484032,0.10837111,0.09351801
2001-08-16 12:00:00,0.09542256,0.09940845,0.09730908,0.10231344,0.09861626,0.11579053,0.092825726,0.11590602,0.09599655
2001-09-16 00:00:00,0.12339342,0.111470275,0.096252345,0.11289974,0.110060595,0.11113538,0.11757946,0.10665978,0.115767874
2001-10-16 12:00:00,0.13121122,0.13599347,0.13454993,0.13693662,0.14696291,0.1296076,0.13988091,0.14101788,0.15557173
2001-11-16 00:00:00,0.13805239,0.13647889,0.12928446,0.13708253,0.152509,0.14338003,0.14063571,0.15952054,0.11842103
2001-12-16 12:00:00,0.122740135,0.14300162,0.13794567,0.14128487,0.1450859,0.14199919,0.14029278,0.15112972,0.12020177
2002-01-16 12:00:00,0.14272949,0.12331865,0.15000519,0.1310778,0.132083,0.11811046,0.14753608,0.14446765,0.13015285
2002-02-15 00:00:00,0.14057764,0.14410354,0.13477607,0.12182781,0.13604777,0.14126578,0.12809645,0.12508059,0.13181396
2002-03-16 12:00:00,0.13354273,0.12123067,0.12097106,0.11924357,0.13071705,0.14085506,0.1408939,0.11517024,0.14359066
2002-04-16 00:00:00,0.12214228,0.10416541,0.11240083,0.118519045,0.1127289,0.12185404,0.10429055,0.11862144,0.11575345
2002-05-16 12:00:00,0.10630136,0.10418679,0.10835862,0.1025992,0.10629326,0.097096205,0.108522885,0.10173361,0.10370763
2002-06-16 00:00:00,0.10259145,0.099665694,0.08331591,0.09602783,0.09764888,0.09287265,0.08908118,0.096599534,0.098726146
2002-07-16 12:00:00,0.09173758,0.09835152,0.10298628,0.088355914,0.09039422,0.1014833,0.08723978,0.10587275,0.106905505
2002-08-16 12:00:00,0.088727586,0.09313034,0.089647986,0.09995165,0.100897014,0.08863991,0.11182363,0.11171886,0.10935152
2002-09-16 00:00:00,0.11881484,0.11797559,0.12683046,0.11371895,0.11421072,0.10616488,0.10669934,0.120025136,0.10963012
2002-10-16 12:00:00,0.14825636,0.1543703,0.13113017,0.122971736,0.12832054,0.13757211,0.13118675,0.13854232,0.1447391
2002-11-16 00:00:00,0.15307114,0.14869776,0.13724804,0.15976731,0.13256823,0.14784518,0.14473125,0.14182165,0.15569364
2002-12-16 12:00:00,0.14210913,0.1530423,0.1347054,0.15147367,0.13300805,0.15114686,0.11400511,0.14979973,0.14947966
2003-01-16 12:00:00,0.15125047,0.15704133,0.14405867,0.15560797,0.14147869,0.1403691,0.122977875,0.1430614,0.13326874
2003-02-15 00:00:00,0.13802874,0.14736162,0.13500331,0.1391736,0.15124917,0.13358173,0.13845216,0.1454165,0.14344947
2003-03-16 12:00:00,0.1259317,0.14076817,0.13865268,0.1450968,0.11805564,0.11154927,0.123937234,0.12229006,0.128853
2003-04-16 00:00:00,0.116011254,0.12850611,0.10122799,0.11980642,0.11949897,0.11620711,0.12256471,0.13620013,0.11743382
2003-05-16 12:00:00,0.1166431,0.110376894,0.10784543,0.1054701,0.102080755,0.10845023,0.09634455,0.10827686,0.10613479
2003-06-16 00:00:00,0.08902103,0.09545621,0.083003625,0.08349904,0.09304519,0.094416566,0.09082195,0.08862759,0.09603985
2003-07-16 12:00:00,0.08353439,0.0974096,0.08430323,0.09933895,0.0931439,0.096283786,0.091468595,0.091139704,0.09765173
2003-08-16 12:00:00,0.09984146,0.11613182,0.09889074,0.10819674,0.10923023,0.09845375,0.09664099,0.09218467,0.1050039
2003-09-16 00:00:00,0.12599964,0.116153,0.108112074,0.12065295,0.12182286,0.12077155,0.11659143,0.12300265,0.11762928
2003-10-16 12:00:00,0.13562103,0.13056025,0.14023861,0.12576942,0.14814071,0.14012437,0.1339029,0.13149557,0.13165793
2003-11-16 00:00:00,0.13005026,0.17775394,0.12835146,0.15595128,0.14027245,0.14495249,0.14063224,0.14818604,0.1339415
2003-12-16 12:00:00,0.13030575,0.15707189,0.1312626,0.13259149,0.14787012,0.15103507,0.1393432,0.13494755,0.16188268
2004-01-16 12:00:00,0.14217754,0.16168554,0.1363221,0.12253405,0.12911543,0.1280434,0.12573068,0.13608609,0.1314128
2004-02-15 12:00:00,0.13660796,0.1379412,0.1383258,0.13046843,0.13374512,0.14258072,0.13280965,0.12770638,0.13580231
2004-03-16 12:00:00,0.11321625,0.14582555,0.133649,0.11554074,0.12134672,0.121109486,0.12754565,0.13042426,0.13601612
2004-04-16 00:00:00,0.11306046,0.12215493,0.12220749,0.121082015,0.113738604,0.11850143,0.11787676,0.123903446,0.11936592
2004-05-16 12:00:00,0.10957884,0.11493023,0.10628226,0.111106105,0.11269786,0.097114146,0.10166707,0.12630665,0.11130812
2004-06-16 00:00:00,0.08628313,0.09772569,0.092729874,0.10177319,0.0953763,0.09050118,0.09572174,0.093726866,0.0906078
2004-07-16 12:00:00,0.08543024,0.097542934,0.09805282,0.097085655,0.098977946,0.090133816,0.09594115,0.09389009,0.09758396
2004-08-16 12:00:00,0.08707745,0.10538444,0.107208654,0.09623817,0.10370134,0.09795875,0.09716659,0.1041073,0.09958114
2004-09-16 00:00:00,0.13013859,0.096162885,0.11509819,0.118825644,0.11824396,0.12335035,0.12632354,0.12669243,0.1127086
2004-10-16 12:00:00,0.119946845,0.14993392,0.14159845,0.13102949,0.1330848,0.14498274,0.13422997,0.14155269,0.1525783
2004-11-16 00:00:00,0.15491973,0.15400623,0.15336184,0.12811656,0.14352436,0.14035627,0.12790418,0.14738554,0.13818133
2004-12-16 12:00:00,0.15157613,0.14876452,0.12690124,0.1428305,0.1371123,0.13567033,0.119724445,0.15009996,0.14116943
2005-01-16 12:00:00,0.13866432,0.1622772,0.14580366,0.13013127,0.13410202,0.13990757,0.14470577,0.12829968,0.12723237
2005-02-15 00:00:00,0.13777868,0.1402793,0.12352706,0.1334947,0.14142896,0.12546328,0.12874185,0.14034566,0.13735956
2005-03-16 12:00:00,0.120699815,0.1227358,0.12657431,0.12677278,0.1332134,0.12488837,0.13196808,0.12714997,0.13113047
2005-04-16 00:00:00,0.118641034,0.11503132,0.12428133,0.123546585,0.11756444,0.114671804,0.11192262,0.12129086,0.115384445
2005-05-16 12:00:00,0.1069138,0.12182964,0.10419587,0.09838515,0.104141094,0.10464342,0.111025974,0.106063776,0.1013163
2005-06-16 00:00:00,0.091347344,0.10535129,0.08011909,0.09739081,0.096796304,0.09398587,0.09251823,0.09485943,0.09008361
2005-07-16 12:00:00,0.09961731,0.094507255,0.09859478,0.08969673,0.089022085,0.1058558,0.083637424,0.096867755,0.09017966
2005-08-16 12:00:00,0.10586372,0.09347537,0.09874744,0.0916616,0.09940812,0.09306024,0.100961134,0.10498526,0.10070332
2005-09-16 00:00:00,0.124301285,0.10288741,0.1131069,0.112044916,0.11559165,0.11925944,0.1103413,0.118963085,0.12524384
2005-10-16 12:00:00,0.14307396,0.13967554,0.13056572,0.12160037,0.14816092,0.12634254,0.1220911,0.15963511,0.13429387
2005-11-16 00:00:00,0.14454913,0.1483433,0.14471926,0.14988902,0.16414668,0.13899733,0.14827128,0.13589953,0.14288516
2005-12-16 12:00:00,0.16594005,0.14156175,0.14797331,0.14242116,0.137257,0.13917236,0.14404693,0.14231215,0.15064457
2006-01-16 12:00:00,0.15021782,0.1328358,0.124120235,0.15161644,0.13604286,0.15289988,0.13989939,0.13947266,0.14046715
2006-02-15 00:00:00,0.14975494,0.12255022,0.14906214,0.13749176,0.15494779,0.12914866,0.11048043,0.12772772,0.14362894
2006-03-16 12:00:00,0.13055848,0.122364774,0.1283712,0.13427272,0.13325877,0.14236803,0.120546505,0.13478859,0.12570769
2006-04-16 00:00:00,0.10886049,0.11510246,0.11207968,0.11335399,0.12916096,0.123026416,0.12142101,0.11941679,0.11418367
2006-05-16 12:00:00,0.10900983,0.105788656,0.101973854,0.10517273,0.111233346,0.108469054,0.103903405,0.11244811,0.097788446
2006-06-16 00:00:00,0.09927659,0.101193644,0.09075298,0.09564104,0.10033981,0.1069454,0.09529732,0.09277622,0.10865788
2006-07-16 12:00:00,0.09764375,0.10044903,0.09956699,0.0958028,0.094934754,0.08354674,0.09610578,0.095243424,0.09726194
2006-08-16 12:00:00,0.10407039,0.09630109,0.09622468,0.09378456,0.09047364,0.09551296,0.10430394,0.10088961,0.095092826
2006-09-16 00:00:00,0.12638071,0.106950946,0.12405882,0.107709624,0.107065834,0.1214669,0.10741304,0.11646899,0.10360292
2006-10-16 12:00:00,0.13677496,0.1416789,0.14583018,0.14152212,0.1422919,0.1612579,0.13636944,0.12388825,0.12557085
2006-11-16 00:00:00,0.16008346,0.16827124,0.12842843,0.14047675,0.15094303,0.13457504,0.15017954,0.16708322,0.15237431
2006-12-16 12:00:00,0.15510681,0.15583728,0.13301596,0.14345255,0.14564176,0.14327909,0.15019523,0.13754131,0.14514802
2007-01-16 12:00:00,0.13801292,0.15052836,0.14227511,0.13745357,0.13114092,0.12551732,0.14505647,0.13997963,0.13372718
2007-02-15 00:00:00,0.123051696,0.14896421,0.14746109,0.13008496,0.12055501,0.11704588,0.14655772,0.12948418,0.12088166
2007-03-16 12:00:00,0.120043546,0.1358502,0.1327291,0.12486564,0.12090783,0.125825,0.12532134,0.124529086,0.12909074
2007-04-16 00:00:00,0.12454325,0.106405355,0.1349637,0.13010283,0.116317816,0.13013406,0.11828484,0.112447195,0.11764535
2007-05-16 12:00:00,0.108413,0.11254786,0.1021678,0.094103046,0.10662881,0.11402701,0.10013397,0.09997181,0.09855051
2007-06-16 00:00:00,0.08655539,0.09891222,0.098464735,0.085143365,0.0830942,0.08477552,0.10205174,0.09170177,0.103581674
2007-07-16 12:00:00,0.092887215,0.095056,0.10330094,0.09278933,0.08792493,0.09860839,0.08888422,0.10449502,0.103757046
2007-08-16 12:00:00,0.09560341,0.09825871,0.104687795,0.09127157,0.10238308,0.093796775,0.102639444,0.09942497,0.1027509
2007-09-16 00:00:00,0.11292568,0.119993635,0.11353955,0.10133478,0.12875712,0.106558785,0.1015092,0.11541276,0.10739093
2007-10-16 12:00:00,0.13579549,0.13210697,0.123175375,0.140486,0.13313451,0.13909665,0.13719,0.1445955,0.12686494
2007-11-16 00:00:00,0.14319846,0.14937659,0.14684495,0.148162,0.14588809,0.13566676,0.16630861,0.1419934,0.15429851
2007-12-16 12:00:00,0.14298737,0.14837763,0.14269093,0.12817095,0.14268474,0.12611273,0.13874027,0.13630307,0.1313178
2008-01-16 12:00:00,0.12511934,0.1414838,0.14607283,0.13607308,0.13257645,0.14204173,0.13819309,0.13483532,0.1462299
2008-02-15 12:00:00,0.13730323,0.14079249,0.13340458,0.12514924,0.12698966,0.12025586,0.1349111,0.121664695,0.14653492
2008-03-16 12:00:00,0.11473544,0.122858584,0.13752234,0.12405324,0.13842092,0.13044018,0.119462475,0.12375713,0.1251175
2008-04-16 00:00:00,0.10831183,0.10800055,0.11322035,0.115818046,0.122856155,0.120072186,0.12574485,0.121209346,0.11901084
2008-05-16 12:00:00,0.095289424,0.10613253,0.09014243,0.09768798,0.1026973,0.09252083,0.09441436,0.10911786,0.10099734
2008-06-16 00:00:00,0.09231796,0.0992037,0.09517417,0.08500509,0.09661181,0.09490233,0.09227709,0.09766466,0.08739109
2008-07-16 12:00:00,0.10991725,0.08932633,0.09403418,0.09999178,0.09564039,0.096089475,0.09609113,0.10063467,0.08764631
2008-08-16 12:00:00,0.09982708,0.094198264,0.1144215,0.10319763,0.09336078,0.09943243,0.10141634,0.10697305,0.10921965
2008-09-16 00:00:00,0.0999687,0.11406684,0.11778016,0.10801062,0.11846657,0.09558614,0.11057996,0.11990021,0.12033861
2008-10-16 12:00:00,0.12263015,0.13141441,0.14185296,0.14616127,0.14042346,0.14097546,0.12368265,0.14445603,0.15050651
2008-11-16 00:00:00,0.13781737,0.15798259,0.15155156,0.15220957,0.1515328,0.14112069,0.14353289,0.14642745,0.14241287
2008-12-16 12:00:00,0.14367451,0.15133862,0.14123696,0.12700942,0.11746657,0.14887887,0.14217195,0.15320994,0.13181405
2009-01-16 12:00:00,0.13555552,0.13970445,0.13367966,0.14157301,0.15377825,0.15028188,0.13576832,0.14098775,0.15656513
2009-02-15 00:00:00,0.1339721,0.13146235,0.12731692,0.13692272,0.142929,0.12586112,0.13551238,0.14809898,0.12754296
2009-03-16 12:00:00,0.1281411,0.12043602,0.12869063,0.123372406,0.12537609,0.1260971,0.139125,0.12529254,0.12842363
2009-04-16 00:00:00,0.12087028,0.118026234,0.12006136,0.113941744,0.11126228,0.11278013,0.11607822,0.11208511,0.115560174
2009-05-16 12:00:00,0.10903264,0.103632905,0.09785328,0.111895345,0.092512175,0.11290231,0.099644266,0.10914099,0.10368332
2009-06-16 00:00:00,0.090669274,0.10614595,0.09626459,0.08767658,0.09568622,0.08591768,0.09578381,0.09799223,0.09302285
2009-07-16 12:00:00,0.090082414,0.10327287,0.099190645,0.09470255,0.10149391,0.08822193,0.09479205,0.103803225,0.099950425
2009-08-16 12:00:00,0.09766843,0.116478205,0.10168838,0.100633755,0.104012646,0.09886369,0.09523349,0.10452395,0.0935845
2009-09-16 00:00:00,0.1270709,0.11381343,0.11231977,0.12043935,0.116170146,0.10403209,0.11676646,0.10335327,0.11053014
2009-10-16 12:00:00,0.13864392,0.14446583,0.13994604,0.13110696,0.14391351,0.13890435,0.14117289,0.13740897,0.13889875
2009-11-16 00:00:00,0.13153946,0.14403816,0.13615692,0.15139854,0.13672116,0.15571429,0.16048323,0.16354235,0.15441456
2009-12-16 12:00:00,0.1473464,0.13077311,0.14034535,0.15885821,0.14401922,0.1551818,0.13443218,0.14273684,0.13520138
2010-01-16 12:00:00,0.14132842,0.14033519,0.1365909,0.1360366,0.15015864,0.13756695,0.14361902,0.13677174,0.15133893
2010-02-15 00:00:00,0.13358314,0.12954374,0.1326593,0.1533869,0.14205265,0.1311298,0.12633535,0.13382277,0.13111004
2010-03-16 12:00:00,0.12374804,0.13305746,0.14457643,0.14138629,0.1226586,0.131076,0.13131589,0.11917871,0.13343035
2010-04-16 00:00:00,0.112814724,0.12026128,0.12206761,0.111781865,0.11219277,0.11520967,0.12260466,0.11883629,0.11339913
2010-05-16 12:00:00,0.09630205,0.10663152,0.11881896,0.100208774,0.10349975,0.11235587,0.1062503,0.120196424,0.10981627
2010-06-16 00:00:00,0.09662179,0.0907008,0.09741984,0.10058588,0.0956471,0.09682612,0.09563726,0.10391118,0.091942705
2010-07-16 12:00:00,0.09659341,0.09972837,0.10055638,0.0976434,0.103208035,0.09640466,0.09194339,0.109551124,0.09255933
2010-08-16 12:00:00,0.11338955,0.10820594,0.11079976,0.10263682,0.11275162,0.097693495,0.101225585,0.1066106,0.10874389
2010-09-16 00:00:00,0.11462199,0.11854641,0.108867094,0.108441055,0.1255141,0.11547371,0.115913436,0.10889666,0.11117476
2010-10-16 12:00:00,0.1463878,0.12449095,0.13286282,0.15100603,0.12511484,0.13691485,0.15038203,0.13862579,0.14425564
2010-11-16 00:00:00,0.1437995,0.13285345,0.14343333,0.13170047,0.14122166,0.15272519,0.1352403,0.15421066,0.1478229
2010-12-16 12:00:00,0.1453162,0.14292258,0.14884308,0.13878632,0.15051083,0.14663625,0.13560772,0.14693622,0.1367138
2011-01-16 12:00:00,0.15907288,0.14251739,0.15905613,0.14553702,0.13759291,0.13859631,0.13860579,0.15008767,0.1355105
2011-02-15 00:00:00,0.15431798,0.14826554,0.13614035,0.14493155,0.14332965,0.13405399,0.1259843,0.12908797,0.14072536
2011-03-16 12:00:00,0.13629964,0.13421951,0.13425404,0.14017892,0.12056752,0.11722113,0.12821592,0.12840942,0.12841474
2011-04-16 00:00:00,0.11768079,0.11229244,0.12948452,0.11847072,0.10988238,0.1228764,0.11985399,0.12528624,0.11296989
2011-05-16 12:00:00,0.10819444,0.10487892,0.10798196,0.1025325,0.10346276,0.096865214,0.1093475,0.09679844,0.10306129
2011-06-16 00:00:00,0.10052424,0.098410726,0.09789886,0.09718776,0.100551315,0.10815575,0.09481734,0.09364063,0.091911554
2011-07-16 12:00:00,0.102954514,0.10677851,0.09486463,0.09478666,0.09272115,0.087996826,0.08970595,0.105242476,0.09970828
2011-08-16 12:00:00,0.09108097,0.10625061,0.09375893,0.10152999,0.096618704,0.10409517,0.0929348,0.10752325,0.107016765
2011-09-16 00:00:00,0.09828072,0.11260655,0.11495761,0.10906465,0.10555533,0.12508239,0.10094245,0.12041872,0.12180795
2011-10-16 12:00:00,0.13980554,0.15810578,0.13055581,0.12363933,0.12968352,0.14106117,0.13633098,0.12810938,0.12500961
2011-11-16 00:00:00,0.13639617,0.15001586,0.15437365,0.14329323,0.14971392,0.14819008,0.14970109,0.14093883,0.14855696
2011-12-16 12:00:00,0.13216038,0.14244695,0.13884656,0.14971277,0.16046654,0.1311608,0.15105416,0.14011438,0.13312449
2012-01-16 12:00:00,0.15329999,0.14921299,0.1434004,0.13651529,0.15014188,0.15037915,0.16449994,0.12987128,0.13404539
2012-02-15 12:00:00,0.1319279,0.12354725,0.13831005,0.11759994,0.1352916,0.1428801,0.15008494,0.1257073,0.12864313
2012-03-16 12:00:00,0.12093281,0.12696032,0.13569698,0.122200966,0.14099881,0.1119222,0.12981826,0.122784875,0.13424914
2012-04-16 00:00:00,0.1139617,0.11310851,0.11836858,0.12636548,0.114176795,0.11130704,0.12600687,0.110151686,0.10056679
2012-05-16 12:00:00,0.12110336,0.11113438,0.098640665,0.10513064,0.10308808,0.10679174,0.096515544,0.10733183,0.097739786
2012-06-16 00:00:00,0.08300693,0.09117968,0.10042469,0.10785415,0.092655025,0.09297097,0.09068521,0.08457403,0.08891075
2012-07-16 12:00:00,0.10071563,0.09098233,0.09520912,0.10297657,0.08869634,0.09104782,0.09640394,0.095969,0.09730102
2012-08-16 12:00:00,0.09789179,0.086496465,0.0969747,0.09067561,0.100629106,0.098163925,0.092820436,0.09565124,0.09277143
2012-09-16 00:00:00,0.11021023,0.11676328,0.10913553,0.11261902,0.12713946,0.12030717,0.11841191,0.107214145,0.11633054
2012-10-16 12:00:00,0.13790728,0.14147271,0.13060273,0.13651258,0.15515472,0.14490457,0.14633355,0.15998854,0.13033976
2012-11-16 00:00:00,0.15752655,0.13762474,0.153735,0.15560481,0.13349617,0.15704067,0.14107509,0.12781848,0.15462933
2012-12-16 12:00:00,0.1500271,0.12772599,0.14190586,0.15136711,0.15721075,0.14358428,0.13262717,0.13956621,0.13982159
2013-01-16 12:00:00,0.14665024,0.15338789,0.13847724,0.13129883,0.13736759,0.13774525,0.13990667,0.14322628,0.14357357
2013-02-15 00:00:00,0.15253185,0.14303333,0.13451688,0.1479786,0.124871664,0.11746989,0.1317292,0.11335498,0.13427505
2013-03-16 12:00:00,0.1364218,0.118515715,0.14093067,0.14145014,0.13073364,0.11611416,0.13177405,0.11730648,0.11952621
2013-04-16 00:00:00,0.11923105,0.11583688,0.12871099,0.106718354,0.108441204,0.12030087,0.115526825,0.11798617,0.1092975
2013-05-16 12:00:00,0.10400454,0.10698054,0.10840067,0.113194175,0.10174535,0.11106795,0.099592045,0.104550436,0.10805158
2013-06-16 00:00:00,0.09248264,0.09146441,0.090324864,0.098006375,0.10074231,0.099461794,0.08891386,0.08839412,0.096358836
2013-07-16 12:00:00,0.09094558,0.08439956,0.095475756,0.10035513,0.08798374,0.0915408,0.09603296,0.10247165,0.10881597
2013-08-16 12:00:00,0.103274405,0.093805835,0.09220927,0.0999991,0.09474891,0.10762467,0.09342704,0.10855525,0.103430465
2013-09-16 00:00:00,0.11750933,0.11539235,0.095358334,0.114828125,0.10571933,0.10310887,0.11828957,0.11939072,0.12373983
2013-10-16 12:00:00,0.14834052,0.1432519,0.12982745,0.15160118,0.1299884,0.14636575,0.14355016,0.12867507,0.14643675
2013-11-16 00:00:00,0.15105897,0.13582976,0.15740702,0.14383669,0.15692288,0.16258815,0.1631905,0.12897179,0.14409982
2013-12-16 12:00:00,0.15451422,0.13327198,0.1410613,0.14519356,0.1319004,0.15589987,0.13477316,0.1397191,0.13265093
2014-01-16 12:00:00,0.13825718,0.14578445,0.15495697,0.16422175,0.15243961,0.12167103,0.14609875,0.13883732,0.14946687
2014-02-15 00:00:00,0.14237988,0.13643998,0.13991474,0.13451596,0.14242607,0.13356897,0.11614603,0.14774622,0.14577052
2014-03-16 12:00:00,0.11755158,0.12192085,0.14437062,0.13904166,0.12541525,0.121926434,0.14384295,0.1310809,0.1322273
2014-04-16 00:00:00,0.12067594,0.117529534,0.12535234,0.12599179,0.12089789,0.12086615,0.12031707,0.107874,0.12379263
2014-05-16 12:00:00,0.10502361,0.10474241,0.1101694,0.106737085,0.09082095,0.11423923,0.10073186,0.114287026,0.10398983
2014-06-16 00:00:00,0.093520604,0.086999044,0.09090926,0.08852117,0.09671416,0.09547547,0.089137636,0.09448093,0.10766136
2014-07-16 12:00:00,0.09186901,0.09091768,0.09292277,0.096354,0.109532386,0.09574338,0.11045202,0.095481046,0.10155779
2014-08-16 12:00:00,0.09683277,0.10874461,0.09863935,0.097311564,0.090666905,0.091115735,0.10024514,0.096325584,0.10596172
2014-09-16 00:00:00,0.10743024,0.10950909,0.1102456,0.12836309,0.11325976,0.119625345,0.10729095,0.122221045,0.12271939
2014-10-16 12:00:00,0.15612979,0.15301453,0.13007359,0.1565679,0.13178177,0.13364811,0.1365008,0.1284791,0.13162751
2014-11-16 00:00:00,0.13200596,0.15025508,0.15435657,0.15294258,0.13933983,0.1613778,0.15733817,0.15918341,0.14890395
2014-12-16 12:00:00,0.15711702,0.14832094,0.1494907,0.13692151,0.12401477,0.15830983,0.15385935,0.14197257,0.12501492
