time,r9i1p1f1,r1i1p1f1,r5i1p1f1,r6i1p1f1,r8i1p1f1,r3i1p1f1,r7i1p1f1,r4i1p1f1,r10i1p1f1,r2i1p1f1
1979-01-15 12:00:00,14161402000000.0,14140073000000.0,14084302000000.0,13571045000000.0,13819656000000.0,13550261000000.0,13727024000000.0,13702380000000.0,14319534000000.0,14003637000000.0
1979-02-14 00:00:00,14467486000000.0,14737694000000.0,14573405000000.0,14369019000000.0,14614061000000.0,14205808000000.0,14239052000000.0,14108887000000.0,14806969000000.0,14613559000000.0
1979-03-15 12:00:00,14743450000000.0,14965864000000.0,14706879000000.0,14560982000000.0,14775356000000.0,14342035000000.0,14393053000000.0,14436564000000.0,15062140000000.0,15010957000000.0
1979-04-15 00:00:00,14708203000000.0,14995289000000.0,14703329000000.0,14511524000000.0,14720631000000.0,14243120000000.0,14263297000000.0,14450342000000.0,15021139000000.0,15006323000000.0
1979-05-15 12:00:00,13815823000000.0,14079983000000.0,13857634000000.0,13845267000000.0,13877273000000.0,13677796000000.0,13383135000000.0,13870159000000.0,14284239000000.0,13936759000000.0
1979-06-15 00:00:00,12186351000000.0,12273905000000.0,12177633000000.0,12010880000000.0,12114114000000.0,11527398000000.0,11528254000000.0,11902511000000.0,12317507000000.0,12359532000000.0
1979-07-15 12:00:00,10091137000000.0,10403673000000.0,10516731000000.0,9061785000000.0,10276156000000.0,9784812000000.0,9164486000000.0,9763333000000.0,10419041000000.0,9514749000000.0
1979-08-15 12:00:00,7733085500000.0,8428453000000.0,8482708000000.0,6744371600000.0,8669255000000.0,7074388000000.0,7264488400000.0,7605748500000.0,8125782000000.0,6265003600000.0
1979-09-15 00:00:00,6711287500000.0,7077642600000.0,7071957000000.0,5861409300000.0,7639880000000.0,5762911000000.0,6486381000000.0,6820166000000.0,6678936000000.0,5040738700000.0
1979-10-15 12:00:00,8569889500000.0,9356955000000.0,9016972000000.0,7375290000000.0,8817747000000.0,7033232300000.0,8155458000000.0,8149856700000.0,8906750000000.0,7559928000000.0
1979-11-15 00:00:00,10523588000000.0,11063725000000.0,10734629000000.0,9650831000000.0,10707421000000.0,10390377000000.0,10094081000000.0,10357775000000.0,11157301000000.0,10855052000000.0
1979-12-15 12:00:00,13019982000000.0,12771016000000.0,13007188000000.0,12126383000000.0,12772619000000.0,12402466000000.0,12606026000000.0,12674105000000.0,13410192000000.0,13232596000000.0
1980-01-15 12:00:00,14192766000000.0,13770837000000.0,13926911000000.0,13065521000000.0,14091461000000.0,13587272000000.0,13948716000000.0,13914618000000.0,14333721000000.0,14083514000000.0
1980-02-14 00:00:00,14600131000000.0,14448317000000.0,14343781000000.0,13771242000000.0,14543482000000.0,14312060000000.0,14219376000000.0,14440399000000.0,14864517000000.0,14735022000000.0
1980-03-15 12:00:00,14552379000000.0,14633333000000.0,14625120000000.0,14211969000000.0,14530212000000.0,14541484000000.0,14421218000000.0,14716529000000.0,14909820000000.0,14844009000000.0
1980-04-15 00:00:00,14494178000000.0,14371634000000.0,14519314000000.0,14302413000000.0,14616302000000.0,14394918000000.0,14362901000000.0,14648983000000.0,14707390000000.0,14646602000000.0
1980-05-15 12:00:00,13661590000000.0,13605754000000.0,13859638000000.0,13791880000000.0,13581894000000.0,13730624000000.0,13457573000000.0,13831073000000.0,13774803000000.0,14134297000000.0
1980-06-15 00:00:00,12124070000000.0,11820652000000.0,12466837000000.0,11795235000000.0,12067292000000.0,12044620000000.0,11895585000000.0,12292230000000.0,12904461000000.0,12414582000000.0
1980-07-15 12:00:00,10071363000000.0,10027654000000.0,10308916000000.0,9685856000000.0,10277578000000.0,9831371000000.0,9903028000000.0,9407733000000.0,11372036000000.0,9825373000000.0
1980-08-15 12:00:00,7650830000000.0,7643522400000.0,8216761000000.0,7203559000000.0,8362566600000.0,8057531700000.0,7348225600000.0,7447918000000.0,8730883000000.0,7809031700000.0
1980-09-15 00:00:00,6632527400000.0,6364620400000.0,7235959000000.0,6323450000000.0,7226923000000.0,6873989000000.0,6678439000000.0,6420624000000.0,7702504000000.0,6437289000000.0
1980-10-15 12:00:00,8321740300000.0,8205696500000.0,8905257000000.0,8019886700000.0,9013190000000.0,8264695700000.0,7733229600000.0,8341833000000.0,9164540000000.0,8451007000000.0
1980-11-15 00:00:00,10250388000000.0,10724575000000.0,10878359000000.0,10824091000000.0,10621767000000.0,10568887000000.0,10560974000000.0,10860620000000.0,10986877000000.0,10922973000000.0
1980-12-15 12:00:00,12606135000000.0,12552237000000.0,12777318000000.0,12711412000000.0,12464320000000.0,12853948000000.0,12957845000000.0,12693134000000.0,13011488000000.0,13259596000000.0
1981-01-15 12:00:00,14120053000000.0,13801692000000.0,13737681000000.0,13738090000000.0,14082890000000.0,13852853000000.0,14003703000000.0,13949014000000.0,14390696000000.0,14359529000000.0
1981-02-14 00:00:00,14649621000000.0,14363281000000.0,14208964000000.0,14207641000000.0,14500977000000.0,14474769000000.0,14560400000000.0,14627658000000.0,14817705000000.0,14736616000000.0
1981-03-15 12:00:00,14751935000000.0,14468627000000.0,14361479000000.0,14608925000000.0,14621902000000.0,14654459000000.0,14717427000000.0,14607274000000.0,14796299000000.0,14892131000000.0
1981-04-15 00:00:00,14677208000000.0,14538978000000.0,14293194000000.0,14412780000000.0,14637355000000.0,14634438000000.0,14744379000000.0,14505426000000.0,14701719000000.0,14683682000000.0
1981-05-15 12:00:00,13832357000000.0,14030482000000.0,13578453000000.0,13355913000000.0,13863700000000.0,13967008000000.0,13987700000000.0,13837632000000.0,14231314000000.0,13820726000000.0
1981-06-15 00:00:00,11814170000000.0,12326791000000.0,12014571000000.0,11551889000000.0,12607972000000.0,12313160000000.0,12224640000000.0,11976916000000.0,12115715000000.0,12199897000000.0
1981-07-15 12:00:00,9183765000000.0,9849976000000.0,9293271000000.0,9832894000000.0,10622515000000.0,10151422000000.0,10355581000000.0,10227456000000.0,9963090000000.0,10043356000000.0
1981-08-15 12:00:00,7585450000000.0,6983823400000.0,7476046000000.0,7753596700000.0,8124367000000.0,7487276000000.0,7954036000000.0,7506233400000.0,7202624500000.0,7631217400000.0
1981-09-15 00:00:00,6689424700000.0,5855739000000.0,6432415000000.0,6923480000000.0,6368781000000.0,6699056400000.0,6910469000000.0,6098294700000.0,6585957000000.0,6362169300000.0
1981-10-15 12:00:00,7819524300000.0,8405536000000.0,7435885500000.0,7811311300000.0,8819764000000.0,8094483500000.0,9077921000000.0,8405554000000.0,8519443000000.0,7922442600000.0
1981-11-15 00:00:00,10321205000000.0,10733966000000.0,10059696000000.0,10707800000000.0,10363049000000.0,10282396000000.0,10587929000000.0,10715122000000.0,10316017000000.0,10510419000000.0
1981-12-15 12:00:00,12310664000000.0,13024264000000.0,12431436000000.0,12700508000000.0,12724424000000.0,12731737000000.0,12601633000000.0,12649843000000.0,12571705000000.0,12468489000000.0
1982-01-15 12:00:00,13769497000000.0,14074832000000.0,13627605000000.0,13935242000000.0,14146249000000.0,13850929000000.0,13986530000000.0,14038036000000.0,13747138000000.0,13878649000000.0
1982-02-14 00:00:00,14351421000000.0,14446904000000.0,13870655000000.0,14457514000000.0,14592481000000.0,14382709000000.0,14386266000000.0,14657612000000.0,14356477000000.0,14489358000000.0
1982-03-15 12:00:00,14840807000000.0,14511243000000.0,14178525000000.0,14416809000000.0,14816373000000.0,14645866000000.0,14612743000000.0,14747225000000.0,14621895000000.0,14730530000000.0
1982-04-15 00:00:00,14619049000000.0,14506579000000.0,14162499000000.0,14266404000000.0,14719087000000.0,14449578000000.0,14285273000000.0,14722509000000.0,14688687000000.0,14435491000000.0
1982-05-15 12:00:00,13989554000000.0,13898401000000.0,13029138000000.0,13449405000000.0,13818531000000.0,13924798000000.0,13213349000000.0,14263212000000.0,13601787000000.0,13774025000000.0
1982-06-15 00:00:00,12341675000000.0,12329788000000.0,11618222000000.0,11724653000000.0,11670529000000.0,12503890000000.0,11872093000000.0,12094460000000.0,11981256000000.0,11461606000000.0
1982-07-15 12:00:00,9989177000000.0,10179616000000.0,9574638000000.0,9396493000000.0,9607668000000.0,10096784000000.0,9483059000000.0,9919550000000.0,10272538000000.0,9255213000000.0
1982-08-15 12:00:00,8216933600000.0,7830230000000.0,7631932000000.0,6940441700000.0,7797662000000.0,7567696000000.0,6800755700000.0,7037976000000.0,7284332700000.0,6423122500000.0
1982-09-15 00:00:00,7427283000000.0,6412558000000.0,6359981000000.0,5960237600000.0,6582662300000.0,6393387000000.0,5887820300000.0,5446488300000.0,6004812500000.0,5186485500000.0
1982-10-15 12:00:00,8728387500000.0,8817448000000.0,7541506400000.0,7364705500000.0,7920604000000.0,7863037000000.0,7630256300000.0,8454457000000.0,8472066000000.0,7249012000000.0
1982-11-15 00:00:00,10672888000000.0,11018139000000.0,9748632000000.0,9992512000000.0,10147907000000.0,10663880000000.0,10201973000000.0,10578683000000.0,10612503000000.0,9368469000000.0
1982-12-15 12:00:00,12880380000000.0,12842290000000.0,12171960000000.0,12502880000000.0,12480626000000.0,12907339000000.0,12388521000000.0,12922600000000.0,12389454000000.0,12147179000000.0
1983-01-15 12:00:00,13990206000000.0,13847158000000.0,13750633000000.0,13771354000000.0,13410087000000.0,14056809000000.0,13616995000000.0,14023122000000.0,13573605000000.0,13658323000000.0
1983-02-14 00:00:00,14452259000000.0,14478011000000.0,14340214000000.0,14350607000000.0,14073693000000.0,14509610000000.0,14531577000000.0,14532471000000.0,13734953000000.0,14293816000000.0
1983-03-15 12:00:00,14809129000000.0,14642338000000.0,14386339000000.0,14467130000000.0,14437208000000.0,14603670000000.0,14853438000000.0,14613232000000.0,13879178000000.0,14625291000000.0
1983-04-15 00:00:00,14499661000000.0,14385813000000.0,14274656000000.0,14300302000000.0,14181181000000.0,14610009000000.0,14577316000000.0,14510242000000.0,14064824000000.0,14583553000000.0
1983-05-15 12:00:00,13876247000000.0,14019652000000.0,13117323000000.0,13377107000000.0,13666387000000.0,13981247000000.0,13896182000000.0,13531520000000.0,12984264000000.0,13660068000000.0
1983-06-15 00:00:00,12444210000000.0,11846004000000.0,11572331000000.0,11898322000000.0,12196300000000.0,12337988000000.0,11781354000000.0,11850350000000.0,11712249000000.0,11789655000000.0
1983-07-15 12:00:00,10311438000000.0,9216572000000.0,9546748000000.0,9857468000000.0,10353016000000.0,10417388000000.0,9440902000000.0,9643437000000.0,9893778000000.0,9907277000000.0
1983-08-15 12:00:00,8171759300000.0,7808339000000.0,7249627000000.0,7394498000000.0,7991689500000.0,7921686500000.0,6842517300000.0,7493649000000.0,7371883000000.0,7608352000000.0
1983-09-15 00:00:00,7535895000000.0,6714624000000.0,6475333000000.0,6154175400000.0,6860225600000.0,6979385000000.0,6261071400000.0,6222768000000.0,6403427000000.0,6716677000000.0
1983-10-15 12:00:00,8250278300000.0,8709753300000.0,8356430000000.0,8382510500000.0,8810062000000.0,8618447500000.0,7372731000000.0,7781945000000.0,7731592300000.0,8490235000000.0
1983-11-15 00:00:00,10803463000000.0,10642883000000.0,10329193000000.0,10544617000000.0,10598398000000.0,10920348000000.0,10272549000000.0,10881614000000.0,10306722000000.0,10432534000000.0
1983-12-15 12:00:00,13397477000000.0,12720317000000.0,11870579000000.0,12570482000000.0,12871531000000.0,13136554000000.0,12364215000000.0,12574804000000.0,11938633000000.0,12705264000000.0
1984-01-15 12:00:00,14391070000000.0,14000704000000.0,13430491000000.0,13945079000000.0,14136820000000.0,13893459000000.0,13737889000000.0,14128723000000.0,13258908000000.0,13666968000000.0
1984-02-14 00:00:00,14895842000000.0,14478672000000.0,14141897000000.0,14431111000000.0,14553584000000.0,14294059000000.0,14309750000000.0,14535892000000.0,13942974000000.0,14288786000000.0
1984-03-15 12:00:00,15060915000000.0,14603671000000.0,14241259000000.0,14584982000000.0,14784269000000.0,14291659000000.0,14758818000000.0,14777039000000.0,14120219000000.0,14266645000000.0
1984-04-15 00:00:00,15029271000000.0,14575257000000.0,14162732000000.0,14574061000000.0,14403413000000.0,14187056000000.0,14413353000000.0,14357990000000.0,14021665000000.0,14406467000000.0
1984-05-15 12:00:00,14435188000000.0,13678911000000.0,13482987000000.0,13753978000000.0,13727630000000.0,13587014000000.0,13329717000000.0,13562720000000.0,13344038000000.0,13927045000000.0
1984-06-15 00:00:00,12626994000000.0,11947015000000.0,11935045000000.0,12116212000000.0,12159514000000.0,11654299000000.0,11554478000000.0,11865606000000.0,11889738000000.0,12204192000000.0
1984-07-15 12:00:00,11064831000000.0,10249983000000.0,9016073000000.0,9632091000000.0,10587721000000.0,9986942000000.0,9363428000000.0,10044351000000.0,9118832000000.0,10507546000000.0
1984-08-15 12:00:00,8971586000000.0,7375387400000.0,6781900700000.0,6458435400000.0,8278758000000.0,7061235600000.0,6737220300000.0,7227640400000.0,6543491700000.0,7662533000000.0
1984-09-15 00:00:00,7605944600000.0,6632538000000.0,5679480000000.0,4859354400000.0,6923072000000.0,5406745700000.0,5637067500000.0,5736434000000.0,5991141700000.0,6018046000000.0
1984-10-15 12:00:00,9113893000000.0,8522162000000.0,7157451300000.0,7379404500000.0,8789598000000.0,7986631000000.0,6973415000000.0,6940343000000.0,7691233700000.0,8643884000000.0
1984-11-15 00:00:00,11316989000000.0,10075010000000.0,10175661000000.0,10293124000000.0,10902845000000.0,10311315000000.0,10243804000000.0,9859750000000.0,10269284000000.0,10441674000000.0
1984-12-15 12:00:00,13854784000000.0,12372660000000.0,12477226000000.0,12442577000000.0,12700338000000.0,12081542000000.0,12681298000000.0,12139516000000.0,12413923000000.0,12682928000000.0
1985-01-15 12:00:00,14789059000000.0,13742725000000.0,13942649000000.0,13982683000000.0,13883058000000.0,13514507000000.0,14132265000000.0,13252386000000.0,13481300000000.0,13835929000000.0
1985-02-14 00:00:00,15149430000000.0,14362617000000.0,14308828000000.0,14410106000000.0,14473865000000.0,14301917000000.0,14590700000000.0,13986389000000.0,14097708000000.0,14636692000000.0
1985-03-15 12:00:00,15260994000000.0,14614372000000.0,14441731000000.0,14759687000000.0,14781658000000.0,14556137000000.0,14793927000000.0,14123828000000.0,14221234000000.0,14941400000000.0
1985-04-15 00:00:00,14931328000000.0,14340881000000.0,14467260000000.0,14793805000000.0,14681501000000.0,14626121000000.0,14664167000000.0,14183859000000.0,14047183000000.0,14578223000000.0
1985-05-15 12:00:00,14113987000000.0,13683618000000.0,13849254000000.0,13960756000000.0,13755319000000.0,13551004000000.0,13603022000000.0,13350172000000.0,13560541000000.0,13771053000000.0
1985-06-15 00:00:00,12376502000000.0,12167728000000.0,11659723000000.0,12130010000000.0,12052887000000.0,11479342000000.0,12566643000000.0,11587448000000.0,11920645000000.0,12001816000000.0
1985-07-15 12:00:00,10194046000000.0,9385936000000.0,9141064000000.0,9708997000000.0,10216163000000.0,8824145000000.0,10611033000000.0,9268700000000.0,9753463000000.0,10393173000000.0
1985-08-15 12:00:00,7808712400000.0,6997166500000.0,7312969300000.0,7058712700000.0,7653284600000.0,6101467700000.0,7212858000000.0,6660992000000.0,7270659000000.0,7540873000000.0
1985-09-15 00:00:00,7416363000000.0,5992475000000.0,6297806000000.0,4974638500000.0,6481007600000.0,4796226500000.0,5670686000000.0,5720705600000.0,6298011700000.0,5998528000000.0
1985-10-15 12:00:00,8935109000000.0,8002893500000.0,8256977000000.0,7015549000000.0,7676450000000.0,6875290500000.0,7073947500000.0,7146324400000.0,7769265000000.0,8244604000000.0
1985-11-15 00:00:00,11202633000000.0,10283599000000.0,10268198000000.0,9879807000000.0,10776077000000.0,9271394000000.0,10318152000000.0,9986065000000.0,10420024000000.0,9973447000000.0
1985-12-15 12:00:00,13066461000000.0,12765685000000.0,12633443000000.0,12292097000000.0,13317844000000.0,11858189000000.0,12821421000000.0,12702789000000.0,12556836000000.0,12377244000000.0
1986-01-15 12:00:00,14281162000000.0,13824933000000.0,13772056000000.0,13689347000000.0,14414504000000.0,13869485000000.0,13991432000000.0,13906030000000.0,13640430000000.0,13517231000000.0
1986-02-14 00:00:00,14740136000000.0,14421904000000.0,14192405000000.0,14250941000000.0,14782115000000.0,14376210000000.0,14451045000000.0,14379327000000.0,13972672000000.0,13795464000000.0
1986-03-15 12:00:00,14917203000000.0,14629191000000.0,14224525000000.0,14448824000000.0,15067438000000.0,14281276000000.0,14833455000000.0,14584499000000.0,14203495000000.0,14043069000000.0
1986-04-15 00:00:00,14898728000000.0,14430965000000.0,14030898000000.0,14432852000000.0,15030218000000.0,14285883000000.0,14735667000000.0,14450689000000.0,14082539000000.0,14079884000000.0
1986-05-15 12:00:00,14256708000000.0,13663755000000.0,13273005000000.0,13608587000000.0,14299884000000.0,13859847000000.0,13688413000000.0,13650008000000.0,13301400000000.0,13269643000000.0
1986-06-15 00:00:00,12294524000000.0,11678872000000.0,11633286000000.0,11678203000000.0,12051836000000.0,12062042000000.0,11757788000000.0,11926652000000.0,11863869000000.0,11841854000000.0
1986-07-15 12:00:00,10294250000000.0,10138245000000.0,9068910000000.0,9706886000000.0,9845751000000.0,9599695000000.0,9448059000000.0,9529989000000.0,9615379000000.0,9878486000000.0
1986-08-15 12:00:00,7711916300000.0,6951064300000.0,6830317600000.0,6922917000000.0,7619530000000.0,6748838600000.0,6741613300000.0,6342347600000.0,7260028300000.0,7380012000000.0
1986-09-15 00:00:00,6994962400000.0,5730586300000.0,5879443000000.0,5720263600000.0,6612412000000.0,5552047400000.0,5689532500000.0,4727442500000.0,6196355000000.0,5841888000000.0
1986-10-15 12:00:00,8094450500000.0,7302837000000.0,7610932000000.0,7926323300000.0,8041303000000.0,7286647000000.0,6917229400000.0,6567987500000.0,7966274600000.0,8040194500000.0
1986-11-15 00:00:00,10695351000000.0,9741810000000.0,10023363000000.0,10268204000000.0,10520520000000.0,10176965000000.0,10575068000000.0,10087163000000.0,10302077000000.0,10201564000000.0
1986-12-15 12:00:00,13058766000000.0,12360071000000.0,12281877000000.0,12120198000000.0,12962861000000.0,12161996000000.0,12671292000000.0,12345410000000.0,12618398000000.0,12660063000000.0
1987-01-15 12:00:00,14164930000000.0,13299258000000.0,13610699000000.0,13635108000000.0,14565204000000.0,13838307000000.0,14173843000000.0,13547816000000.0,13586659000000.0,13789263000000.0
1987-02-14 00:00:00,14740073000000.0,14149127000000.0,14269798000000.0,14389072000000.0,14602757000000.0,14244576000000.0,14715141000000.0,14196647000000.0,14018618000000.0,14320384000000.0
1987-03-15 12:00:00,14956418000000.0,14599131000000.0,14513267000000.0,14660732000000.0,14779549000000.0,14443646000000.0,14966539000000.0,14351214000000.0,14211281000000.0,14563123000000.0
1987-04-15 00:00:00,14636391000000.0,14587231000000.0,14293792000000.0,14485348000000.0,14696983000000.0,14307066000000.0,14831636000000.0,14072488000000.0,14200127000000.0,14528150000000.0
1987-05-15 12:00:00,13812070000000.0,13791439000000.0,13366819000000.0,13629410000000.0,14046309000000.0,13794516000000.0,13689097000000.0,13330900000000.0,13493619000000.0,13919429000000.0
1987-06-15 00:00:00,12178954000000.0,12438320000000.0,11383105000000.0,11899982000000.0,12318641000000.0,11789253000000.0,12254198000000.0,11376083000000.0,11497999000000.0,12032802000000.0
1987-07-15 12:00:00,9953792000000.0,9616459000000.0,9549090000000.0,9440995000000.0,10237940000000.0,9668527000000.0,10004563000000.0,9248881000000.0,9498560000000.0,9513233000000.0
1987-08-15 12:00:00,7522609000000.0,6450758300000.0,6391539000000.0,6708706400000.0,7423990400000.0,7197454000000.0,7068915300000.0,7218704000000.0,7069637300000.0,7923825600000.0
1987-09-15 00:00:00,6687599000000.0,4787147400000.0,5208450500000.0,5883752000000.0,6386973400000.0,5951475700000.0,5361254000000.0,6266897300000.0,6209059000000.0,6501416600000.0
1987-10-15 12:00:00,7940276000000.0,6608744600000.0,6969885700000.0,7092720000000.0,7743961000000.0,7256754000000.0,7539835000000.0,7350897300000.0,7580340500000.0,8320811000000.0
1987-11-15 00:00:00,10797160000000.0,10209897000000.0,10059790000000.0,10439469000000.0,10436210000000.0,10244099000000.0,10437865000000.0,9996956000000.0,9708635000000.0,10314609000000.0
1987-12-15 12:00:00,13024581000000.0,12395048000000.0,12039409000000.0,12397354000000.0,12944008000000.0,11970080000000.0,12535372000000.0,12450250000000.0,12502161000000.0,12301871000000.0
1988-01-15 12:00:00,14204825000000.0,13857396000000.0,13719946000000.0,14031424000000.0,14494095000000.0,13493629000000.0,13677187000000.0,13708564000000.0,13851181000000.0,13905730000000.0
1988-02-14 00:00:00,14942906000000.0,14656038000000.0,14428318000000.0,14500590000000.0,14727218000000.0,13931990000000.0,14394178000000.0,14208083000000.0,14554239000000.0,14573133000000.0
1988-03-15 12:00:00,15067136000000.0,14666835000000.0,14691076000000.0,14827541000000.0,14924800000000.0,14226723000000.0,14436728000000.0,14326996000000.0,14519030000000.0,14831731000000.0
1988-04-15 00:00:00,14913492000000.0,14445141000000.0,14635592000000.0,14601334000000.0,14760373000000.0,14279803000000.0,14507521000000.0,14255777000000.0,14451244000000.0,14727722000000.0
1988-05-15 12:00:00,14147976000000.0,13399357000000.0,14014394000000.0,13696023000000.0,14108095000000.0,13439701000000.0,13927515000000.0,13698133000000.0,13456604000000.0,14106791000000.0
1988-06-15 00:00:00,12136837000000.0,11504791000000.0,11768827000000.0,11962472000000.0,12306040000000.0,11881029000000.0,11988101000000.0,11772747000000.0,11658133000000.0,12393056000000.0
1988-07-15 12:00:00,10015904000000.0,9444698000000.0,8935210000000.0,9436760000000.0,9777292000000.0,9144048000000.0,9239668000000.0,9564286000000.0,9699354000000.0,10078512000000.0
1988-08-15 12:00:00,7877264700000.0,6452665000000.0,6599702000000.0,7164471000000.0,7528320600000.0,6427502400000.0,6723524000000.0,6416805000000.0,6494670600000.0,7669348000000.0
1988-09-15 00:00:00,6181361000000.0,4781926000000.0,5099328400000.0,5819577000000.0,5998346500000.0,5112997000000.0,5019855000000.0,5922792400000.0,5147442000000.0,6588218700000.0
1988-10-15 12:00:00,8321134000000.0,7604177700000.0,6657452500000.0,7263337000000.0,8481268600000.0,7151082300000.0,7214435700000.0,7182302000000.0,7404476000000.0,8483930000000.0
1988-11-15 00:00:00,10819794000000.0,10267182000000.0,10343332000000.0,10407016000000.0,10126581000000.0,9995235000000.0,10129571000000.0,10005846000000.0,10004529000000.0,10689259000000.0
1988-12-15 12:00:00,12570654000000.0,12679775000000.0,12403847000000.0,12726106000000.0,12617238000000.0,12080172000000.0,12337587000000.0,12628416000000.0,12306411000000.0,12834396000000.0
1989-01-15 12:00:00,13734542000000.0,13905432000000.0,13402003000000.0,13855292000000.0,13881764000000.0,13388501000000.0,13764817000000.0,13774984000000.0,13805313000000.0,13905940000000.0
1989-02-14 00:00:00,14469109000000.0,14504194000000.0,13878726000000.0,14249768000000.0,14758412000000.0,13717422000000.0,14471123000000.0,14320174000000.0,14368592000000.0,14452454000000.0
1989-03-15 12:00:00,14735102000000.0,14590841000000.0,14213913000000.0,14365323000000.0,14983281000000.0,14072106000000.0,14683671000000.0,14719755000000.0,14587251000000.0,14442639000000.0
1989-04-15 00:00:00,14796791000000.0,14494896000000.0,13986978000000.0,14151117000000.0,14888104000000.0,13973409000000.0,14648122000000.0,14797813000000.0,14231886000000.0,14513875000000.0
1989-05-15 12:00:00,13833044000000.0,13659571000000.0,13364699000000.0,13617464000000.0,14075491000000.0,13082403000000.0,13795246000000.0,14184759000000.0,13547554000000.0,13640049000000.0
1989-06-15 00:00:00,12344063000000.0,12182442000000.0,11828502000000.0,11779862000000.0,12200972000000.0,11363450000000.0,12030842000000.0,12536162000000.0,11638182000000.0,11915261000000.0
1989-07-15 12:00:00,9877623000000.0,9414369000000.0,9211572000000.0,9807177000000.0,9430310000000.0,8987970000000.0,9272159000000.0,9756742000000.0,8867765000000.0,10087275000000.0
1989-08-15 12:00:00,7039305000000.0,6901534300000.0,6999139400000.0,7002360000000.0,7263002600000.0,6592404700000.0,6876073000000.0,6262273000000.0,6295105600000.0,7231330300000.0
1989-09-15 00:00:00,5772706000000.0,5970782600000.0,5230530400000.0,5635965500000.0,6071828600000.0,5374221000000.0,5261712400000.0,5117156000000.0,5191805400000.0,5971578500000.0
1989-10-15 12:00:00,8312216000000.0,7558256400000.0,7804868000000.0,7581378500000.0,7773874000000.0,7403082000000.0,7394815400000.0,6901779000000.0,6760512400000.0,7651895300000.0
1989-11-15 00:00:00,10843516000000.0,10392376000000.0,10063199000000.0,10198780000000.0,9747269000000.0,10112259000000.0,9147265000000.0,10423196000000.0,9432932000000.0,10103804000000.0
1989-12-15 12:00:00,13021531000000.0,12581218000000.0,12279056000000.0,12637721000000.0,12411891000000.0,11921892000000.0,11784486000000.0,13090670000000.0,12068250000000.0,12555998000000.0
1990-01-15 12:00:00,14048847000000.0,13698743000000.0,13437431000000.0,13342551000000.0,13899491000000.0,13069023000000.0,13498394000000.0,14076055000000.0,13377784000000.0,13903744000000.0
1990-02-14 00:00:00,14349003000000.0,14400438000000.0,13958520000000.0,13852648000000.0,14405792000000.0,14016372000000.0,14213177000000.0,14773017000000.0,13951564000000.0,14496779000000.0
1990-03-15 12:00:00,14716013000000.0,14740319000000.0,14105620000000.0,14013868000000.0,14481386000000.0,14052428000000.0,14522190000000.0,14902053000000.0,14355163000000.0,14644802000000.0
1990-04-15 00:00:00,14721527000000.0,14593726000000.0,13985053000000.0,13926578000000.0,14434842000000.0,13792731000000.0,14428991000000.0,14810480000000.0,14070326000000.0,14546536000000.0
1990-05-15 12:00:00,13822046000000.0,14013088000000.0,13572936000000.0,13146690000000.0,13793183000000.0,13166769000000.0,13522883000000.0,14350312000000.0,13211118000000.0,13772694000000.0
1990-06-15 00:00:00,12266397000000.0,12020167000000.0,11707485000000.0,11617926000000.0,12347022000000.0,11730946000000.0,11413972000000.0,12528292000000.0,11250489000000.0,12014357000000.0
1990-07-15 12:00:00,10142934000000.0,9309545000000.0,9678244000000.0,9838613000000.0,9286778000000.0,9140762000000.0,8726245300000.0,10967262000000.0,8515380300000.0,9588607000000.0
1990-08-15 12:00:00,7233010000000.0,7564914300000.0,7498785000000.0,6964416300000.0,7081623600000.0,6908870000000.0,6514726000000.0,7706098300000.0,6787498500000.0,6455672400000.0
1990-09-15 00:00:00,6162476400000.0,6099933600000.0,5841134600000.0,4819048700000.0,5846902000000.0,5681908000000.0,4929658000000.0,6165608000000.0,5895616500000.0,5113529000000.0
1990-10-15 12:00:00,7667088000000.0,7899499700000.0,7477294000000.0,8075928400000.0,7332007000000.0,7112171700000.0,6295094000000.0,8338166000000.0,6763114000000.0,6933344400000.0
1990-11-15 00:00:00,10380105000000.0,10279706000000.0,9596683000000.0,10142532000000.0,10345513000000.0,9795992000000.0,9687281000000.0,11228335000000.0,9342583000000.0,10569161000000.0
1990-12-15 12:00:00,12224096000000.0,12373740000000.0,12334657000000.0,12228290000000.0,12327831000000.0,11990754000000.0,12203195000000.0,13372248000000.0,11929324000000.0,12630429000000.0
1991-01-15 12:00:00,13850932000000.0,13946036000000.0,13521916000000.0,13693801000000.0,13765064000000.0,13513127000000.0,13572195000000.0,14184721000000.0,13379517000000.0,13848950000000.0
1991-02-14 00:00:00,14362079000000.0,14622495000000.0,14100784000000.0,14007772000000.0,14276452000000.0,13913622000000.0,14356331000000.0,14565652000000.0,14317741000000.0,14515108000000.0
1991-03-15 12:00:00,14416791000000.0,14793346000000.0,14250814000000.0,14150328000000.0,14467725000000.0,13995491000000.0,14549101000000.0,14766030000000.0,14620227000000.0,14631608000000.0
1991-04-15 00:00:00,14268203000000.0,14772355000000.0,14138904000000.0,14178859000000.0,14462537000000.0,13906831000000.0,14442452000000.0,14602383000000.0,14370836000000.0,14575881000000.0
1991-05-15 12:00:00,13434014000000.0,14082119000000.0,13806648000000.0,13309904000000.0,13631664000000.0,13365553000000.0,13766880000000.0,13958455000000.0,13560054000000.0,13758932000000.0
1991-06-15 00:00:00,11937913000000.0,12340750000000.0,11682293000000.0,11323839000000.0,12018694000000.0,11586903000000.0,11767849000000.0,12212117000000.0,11780869000000.0,12229850000000.0
1991-07-15 12:00:00,9672122000000.0,9835030000000.0,8894795000000.0,9697042000000.0,9421964000000.0,9666594000000.0,9677587000000.0,9925934000000.0,9367825000000.0,10008723000000.0
1991-08-15 12:00:00,7421292000000.0,7496036000000.0,6753427000000.0,7535089000000.0,7231886000000.0,7088037000000.0,6175751000000.0,6654652300000.0,6273049300000.0,7086302000000.0
1991-09-15 00:00:00,6166574300000.0,6073525700000.0,5531579000000.0,6318322600000.0,6133226000000.0,5995437000000.0,3743108000000.0,4993850500000.0,4622705000000.0,5375809600000.0
1991-10-15 12:00:00,7714515000000.0,8402661500000.0,8042720000000.0,8003698000000.0,8419947000000.0,7958922500000.0,7268844000000.0,6530780000000.0,6809371300000.0,7555815300000.0
1991-11-15 00:00:00,10599589000000.0,10843616000000.0,9982882000000.0,10304200000000.0,10650871000000.0,10720391000000.0,9898400000000.0,10329456000000.0,9941362000000.0,10303620000000.0
1991-12-15 12:00:00,12679373000000.0,12624357000000.0,12256803000000.0,12561120000000.0,12622982000000.0,12863947000000.0,12597090000000.0,12634666000000.0,12408282000000.0,12511884000000.0
1992-01-15 12:00:00,13864456000000.0,14283929000000.0,13402419000000.0,13653203000000.0,14116788000000.0,13945181000000.0,13930768000000.0,13528298000000.0,13888290000000.0,13705413000000.0
1992-02-14 00:00:00,14443358000000.0,14603194000000.0,14055952000000.0,14147147000000.0,14557233000000.0,14259568000000.0,14578043000000.0,14336697000000.0,14129335000000.0,14377864000000.0
1992-03-15 12:00:00,14779901000000.0,14934040000000.0,14190989000000.0,14179994000000.0,14695572000000.0,14617270000000.0,14677200000000.0,14591376000000.0,14249556000000.0,14616038000000.0
1992-04-15 00:00:00,14665136000000.0,14602141000000.0,14042041000000.0,14173247000000.0,14640835000000.0,14566514000000.0,14325354000000.0,14509394000000.0,14178645000000.0,14789998000000.0
1992-05-15 12:00:00,13968605000000.0,13926868000000.0,13612101000000.0,13478979000000.0,14397989000000.0,13692498000000.0,13604160000000.0,13735062000000.0,13772337000000.0,13764647000000.0
1992-06-15 00:00:00,12176048000000.0,12556115000000.0,11448300000000.0,11618606000000.0,12189655000000.0,11882342000000.0,11692061000000.0,12046323000000.0,12030401000000.0,11812578000000.0
1992-07-15 12:00:00,9585367000000.0,10746077000000.0,9158423000000.0,8752974500000.0,9718082000000.0,9385636000000.0,9378570000000.0,9288785000000.0,9864340000000.0,9341582000000.0
1992-08-15 12:00:00,7045961500000.0,8410572000000.0,6446716600000.0,6995622000000.0,7356287000000.0,6983393500000.0,6934027600000.0,6866887000000.0,7284597000000.0,7587912000000.0
1992-09-15 00:00:00,6427131000000.0,6229860500000.0,5784426500000.0,6244356000000.0,6126372000000.0,5455075600000.0,5242107000000.0,5841087400000.0,6437818000000.0,6649287000000.0
1992-10-15 12:00:00,7827525500000.0,7943027000000.0,7370038600000.0,7971855700000.0,8322998600000.0,7409446700000.0,7785709000000.0,8066197000000.0,7847791300000.0,8044519000000.0
1992-11-15 00:00:00,10354801000000.0,10980992000000.0,9819986000000.0,10018762000000.0,10451765000000.0,10398912000000.0,10144721000000.0,10653115000000.0,10457633000000.0,10471808000000.0
1992-12-15 12:00:00,12825216000000.0,13167357000000.0,12234315000000.0,12174464000000.0,12613953000000.0,12460742000000.0,12659095000000.0,12716819000000.0,12794713000000.0,12726770000000.0
1993-01-15 12:00:00,14213160000000.0,14419414000000.0,13550664000000.0,13605276000000.0,13905743000000.0,13862545000000.0,13921946000000.0,13744804000000.0,13650727000000.0,13812463000000.0
1993-02-14 00:00:00,14786237000000.0,15052065000000.0,13978066000000.0,14003774000000.0,14291464000000.0,14341768000000.0,14305810000000.0,14242999000000.0,14236746000000.0,14249225000000.0
1993-03-15 12:00:00,14794183000000.0,15087638000000.0,14275815000000.0,14151702000000.0,14518980000000.0,14526873000000.0,14372620000000.0,14238926000000.0,14409391000000.0,14628653000000.0
1993-04-15 00:00:00,14619017000000.0,14981868000000.0,14144103000000.0,14076914000000.0,14368188000000.0,14269000000000.0,14225659000000.0,13996884000000.0,14140109000000.0,14640711000000.0
1993-05-15 12:00:00,14060802000000.0,14136034000000.0,13505898000000.0,13349834000000.0,13520345000000.0,13333623000000.0,13572445000000.0,13297294000000.0,13667142000000.0,14029779000000.0
1993-06-15 00:00:00,12390941000000.0,11863801000000.0,11950018000000.0,11774612000000.0,11980878000000.0,12034692000000.0,11871864000000.0,11643864000000.0,12247818000000.0,12336878000000.0
1993-07-15 12:00:00,10767860000000.0,9435413000000.0,9732020000000.0,9517865000000.0,9739203000000.0,9912196000000.0,9738427000000.0,9205078000000.0,10449974000000.0,10575107000000.0
1993-08-15 12:00:00,7931640000000.0,7378922000000.0,6744381600000.0,7379220400000.0,7537588400000.0,6970772000000.0,7807660000000.0,6290881400000.0,7746038000000.0,8282951400000.0
1993-09-15 00:00:00,6864839400000.0,6161392700000.0,5528246300000.0,6122436000000.0,6652692000000.0,5704964000000.0,6379657000000.0,4731233600000.0,6314883300000.0,7328014300000.0
1993-10-15 12:00:00,8737984000000.0,7139830000000.0,6877897300000.0,7571451700000.0,8136623700000.0,7795282000000.0,8159056400000.0,6771377700000.0,8059437000000.0,9212694000000.0
1993-11-15 00:00:00,11107822000000.0,9984893000000.0,10001702000000.0,10180887000000.0,10664454000000.0,10562862000000.0,10146156000000.0,10057949000000.0,10639530000000.0,11311665000000.0
1993-12-15 12:00:00,13161422000000.0,12852762000000.0,12509590000000.0,12315011000000.0,12936383000000.0,12604402000000.0,12592160000000.0,12039850000000.0,12653647000000.0,12822784000000.0
1994-01-15 12:00:00,14056073000000.0,14064271000000.0,13622341000000.0,13666177000000.0,13801982000000.0,13760285000000.0,13911506000000.0,13340583000000.0,13834349000000.0,13889687000000.0
1994-02-14 00:00:00,14552833000000.0,14879975000000.0,14033787000000.0,14197277000000.0,14263210000000.0,14315038000000.0,14615749000000.0,13903845000000.0,14478091000000.0,14414862000000.0
1994-03-15 12:00:00,14872195000000.0,15022302000000.0,14059366000000.0,14527474000000.0,14329622000000.0,14371365000000.0,14736050000000.0,14514547000000.0,14519391000000.0,14580270000000.0
1994-04-15 00:00:00,14708204000000.0,14780708000000.0,14218377000000.0,14487959000000.0,14239725000000.0,14063128000000.0,14434534000000.0,14372314000000.0,14518325000000.0,14446458000000.0
1994-05-15 12:00:00,14034119000000.0,14176277000000.0,13449923000000.0,13864248000000.0,13648221000000.0,13252473000000.0,13508316000000.0,13492644000000.0,13594005000000.0,13759725000000.0
1994-06-15 00:00:00,12027303000000.0,12466524000000.0,11338949000000.0,11693933000000.0,12211090000000.0,12038478000000.0,11645124000000.0,11778904000000.0,11627865000000.0,12666135000000.0
1994-07-15 12:00:00,9690286000000.0,10519042000000.0,9217365000000.0,9305317000000.0,10482694000000.0,9470967000000.0,9593105000000.0,9605564000000.0,9361611000000.0,11216668000000.0
1994-08-15 12:00:00,7436656700000.0,7069279000000.0,7231854000000.0,7454334000000.0,8271432000000.0,6460616500000.0,6840678000000.0,6789164700000.0,7223619000000.0,8233069600000.0
1994-09-15 00:00:00,6642054700000.0,5638828000000.0,6526736000000.0,6314046500000.0,7179904500000.0,4614838000000.0,5397264000000.0,5464576000000.0,6587251400000.0,6604075300000.0
1994-10-15 12:00:00,8094247600000.0,8468923700000.0,7767077000000.0,8055060000000.0,8322148000000.0,7197679000000.0,7732565400000.0,7472385400000.0,7715331500000.0,8714915400000.0
1994-11-15 00:00:00,10265077000000.0,10852292000000.0,9834789000000.0,10200622000000.0,10370096000000.0,9914410000000.0,10118595000000.0,10347914000000.0,10299709000000.0,10584033000000.0
1994-12-15 12:00:00,12611311000000.0,12907862000000.0,12382209000000.0,12466606000000.0,12708831000000.0,12577977000000.0,12437401000000.0,12562188000000.0,12074443000000.0,12963828000000.0
1995-01-15 12:00:00,13905544000000.0,13575593000000.0,13668444000000.0,13836170000000.0,13850653000000.0,13818908000000.0,13828960000000.0,13723338000000.0,13889046000000.0,14211105000000.0
1995-02-14 00:00:00,14400545000000.0,14088418000000.0,14220450000000.0,14252627000000.0,14190320000000.0,14170467000000.0,14112740000000.0,14337208000000.0,14293735000000.0,14810550000000.0
1995-03-15 12:00:00,14581269000000.0,14336345000000.0,14230378000000.0,14341171000000.0,14351864000000.0,14410533000000.0,14368389000000.0,14673586000000.0,14504906000000.0,14959522000000.0
1995-04-15 00:00:00,14394288000000.0,14299131000000.0,14021504000000.0,14408650000000.0,14271537000000.0,14476153000000.0,14195758000000.0,14527977000000.0,14476693000000.0,14919571000000.0
1995-05-15 12:00:00,13693467000000.0,13434211000000.0,13476986000000.0,13736385000000.0,13452874000000.0,13394634000000.0,13678382000000.0,13582397000000.0,13668935000000.0,14029692000000.0
1995-06-15 00:00:00,11845980000000.0,11803336000000.0,12009465000000.0,12291202000000.0,11614071000000.0,12012312000000.0,12037097000000.0,11820715000000.0,12065492000000.0,12059639000000.0
1995-07-15 12:00:00,9926679000000.0,9493952000000.0,10226351000000.0,9946109000000.0,9508056000000.0,9199916000000.0,10033591000000.0,8766998700000.0,9499993000000.0,9342264000000.0
1995-08-15 12:00:00,7213767000000.0,6948444000000.0,7049014400000.0,7700914600000.0,7349261600000.0,6094092000000.0,6481865000000.0,6346284500000.0,7701360000000.0,6432544000000.0
1995-09-15 00:00:00,5592211000000.0,5693398000000.0,5677052300000.0,6075045600000.0,6333567000000.0,4634582000000.0,4805115000000.0,5413108000000.0,6512136700000.0,4777832300000.0
1995-10-15 12:00:00,8173188000000.0,7319828000000.0,7331756600000.0,7550488000000.0,8201505300000.0,6463464000000.0,7461655300000.0,6653686600000.0,8192474000000.0,7786828000000.0
1995-11-15 00:00:00,10326337000000.0,10218385000000.0,10321068000000.0,10156372000000.0,10062383000000.0,10341057000000.0,10472786000000.0,10003390000000.0,10446491000000.0,10084815000000.0
1995-12-15 12:00:00,12537003000000.0,12705920000000.0,12585980000000.0,12176279000000.0,12252959000000.0,12486391000000.0,12729525000000.0,12153430000000.0,12781472000000.0,12460540000000.0
1996-01-15 12:00:00,13680989000000.0,13570183000000.0,13702625000000.0,13797606000000.0,13727501000000.0,13652814000000.0,13614634000000.0,13355964000000.0,13948242000000.0,13962893000000.0
1996-02-14 00:00:00,14166646000000.0,14251488000000.0,14409955000000.0,14322877000000.0,14166608000000.0,14018589000000.0,14215188000000.0,14297722000000.0,14464744000000.0,14601287000000.0
1996-03-15 12:00:00,14367645000000.0,14519916000000.0,14639197000000.0,14461494000000.0,14454094000000.0,14274111000000.0,14418453000000.0,14299183000000.0,14765040000000.0,14871489000000.0
1996-04-15 00:00:00,14251034000000.0,14308499000000.0,14473469000000.0,14389428000000.0,14202780000000.0,14180353000000.0,14384313000000.0,14011731000000.0,14541851000000.0,14464764000000.0
1996-05-15 12:00:00,13588524000000.0,13586610000000.0,13653584000000.0,13701953000000.0,13103394000000.0,13273263000000.0,13531877000000.0,13371695000000.0,13806223000000.0,13443290000000.0
1996-06-15 00:00:00,11800593000000.0,11939842000000.0,11940791000000.0,12054988000000.0,11598960000000.0,11765509000000.0,11690106000000.0,11819095000000.0,11995225000000.0,11713565000000.0
1996-07-15 12:00:00,8961777000000.0,10163747000000.0,9519346000000.0,9622952000000.0,9344347000000.0,9469872000000.0,8779253400000.0,9696620000000.0,9808904000000.0,9593938000000.0
1996-08-15 12:00:00,6407621400000.0,7650803700000.0,6634149500000.0,6730789000000.0,7436723000000.0,7092821300000.0,6299909600000.0,6204577300000.0,7173648000000.0,5902830700000.0
1996-09-15 00:00:00,5096012000000.0,5893482600000.0,5340143000000.0,5615633000000.0,6081328700000.0,5792322300000.0,4881856300000.0,4784123000000.0,5967733300000.0,4354199300000.0
1996-10-15 12:00:00,6955372000000.0,8295106500000.0,7087421700000.0,7267012300000.0,7935946000000.0,7966504000000.0,6171300700000.0,7053616600000.0,7354431600000.0,6705335000000.0
1996-11-15 00:00:00,9371149000000.0,10305159000000.0,9826075000000.0,10047201000000.0,10083660000000.0,9814127000000.0,9740357000000.0,10013320000000.0,9663430000000.0,9815963000000.0
1996-12-15 12:00:00,11995025000000.0,12747568000000.0,11835665000000.0,12521484000000.0,12288302000000.0,12181607000000.0,11955922000000.0,12481235000000.0,12534501000000.0,12077855000000.0
1997-01-15 12:00:00,13483205000000.0,13973160000000.0,13336897000000.0,13918158000000.0,13541737000000.0,13390474000000.0,13173868000000.0,13889102000000.0,13912880000000.0,13441197000000.0
1997-02-14 00:00:00,14276081000000.0,14586611000000.0,14069759000000.0,14429125000000.0,14246096000000.0,14148363000000.0,13817548000000.0,14265762000000.0,14590995000000.0,14076762000000.0
1997-03-15 12:00:00,14584008000000.0,14651649000000.0,14316297000000.0,14561856000000.0,14277443000000.0,14313080000000.0,13803627000000.0,14190579000000.0,14707478000000.0,14500095000000.0
1997-04-15 00:00:00,14197361000000.0,14519724000000.0,14264048000000.0,14166497000000.0,14381439000000.0,14122933000000.0,13789584000000.0,13989758000000.0,14369203000000.0,14180160000000.0
1997-05-15 12:00:00,13390586000000.0,13637890000000.0,13627422000000.0,13497550000000.0,13769138000000.0,13381363000000.0,12926210000000.0,13062982000000.0,13560678000000.0,13505791000000.0
1997-06-15 00:00:00,11382087000000.0,12275300000000.0,11758177000000.0,12232861000000.0,12124831000000.0,11528405000000.0,11638952000000.0,11786502000000.0,11123848000000.0,11651019000000.0
1997-07-15 12:00:00,9174515000000.0,9414176000000.0,8851739000000.0,9817855000000.0,9226333000000.0,8834351000000.0,8402906400000.0,8913508000000.0,9148079000000.0,9356177000000.0
1997-08-15 12:00:00,6060135000000.0,6695552000000.0,6267991500000.0,6542072500000.0,6313168000000.0,6589387000000.0,5586534000000.0,5894516000000.0,6727123600000.0,6273633400000.0
1997-09-15 00:00:00,5178437700000.0,5416451000000.0,5349981000000.0,4740235700000.0,5036641400000.0,5691937000000.0,3746262700000.0,4479965500000.0,5923364000000.0,4539655700000.0
1997-10-15 12:00:00,6997577000000.0,7174868700000.0,7386594000000.0,7085189000000.0,6661443400000.0,6908186000000.0,5488789400000.0,7091877000000.0,7122784000000.0,6332913500000.0
1997-11-15 00:00:00,9847769000000.0,9979672000000.0,9278755000000.0,10007901000000.0,9783621000000.0,9604262000000.0,9061119000000.0,9107442000000.0,9159324000000.0,9210486000000.0
1997-12-15 12:00:00,11826039000000.0,12238190000000.0,11371190000000.0,12582894000000.0,12088141000000.0,11868305000000.0,11613580000000.0,11945302000000.0,11872701000000.0,11821110000000.0
1998-01-15 12:00:00,13089393000000.0,13568409000000.0,13259397000000.0,13840358000000.0,13624140000000.0,13205368000000.0,12936373000000.0,13687253000000.0,13376921000000.0,13392143000000.0
1998-02-14 00:00:00,13711327000000.0,14133045000000.0,13884531000000.0,14321273000000.0,14222677000000.0,14092599000000.0,13590962000000.0,14429472000000.0,13922962000000.0,13958025000000.0
1998-03-15 12:00:00,14049538000000.0,14499547000000.0,14048653000000.0,14524657000000.0,14465498000000.0,14345565000000.0,14097880000000.0,14589347000000.0,14184620000000.0,14179331000000.0
1998-04-15 00:00:00,13865453000000.0,14433347000000.0,14292864000000.0,14282620000000.0,14398016000000.0,14391307000000.0,14135637000000.0,14601793000000.0,14087211000000.0,14152416000000.0
1998-05-15 12:00:00,12992778000000.0,13901503000000.0,13554005000000.0,13459838000000.0,13458138000000.0,13732596000000.0,13180705000000.0,13816425000000.0,13239291000000.0,13448566000000.0
1998-06-15 00:00:00,11502979000000.0,11766602000000.0,11694960000000.0,11509076000000.0,11330561000000.0,12062571000000.0,11533042000000.0,12007240000000.0,11369515000000.0,11230415000000.0
1998-07-15 12:00:00,8986117000000.0,9851166000000.0,8578502500000.0,8747824000000.0,8670541000000.0,9561472000000.0,9541106000000.0,9133420000000.0,9023343000000.0,8456893000000.0
1998-08-15 12:00:00,5914897700000.0,6440573500000.0,6874855400000.0,5245128000000.0,6149911000000.0,7666204000000.0,5685587000000.0,6070507400000.0,6730706600000.0,6116462300000.0
1998-09-15 00:00:00,4684733500000.0,5225610000000.0,5458782000000.0,3277584300000.0,4747287300000.0,6405349000000.0,2700160300000.0,3573550200000.0,5691802000000.0,4718889300000.0
1998-10-15 12:00:00,6273498600000.0,7809856000000.0,7175543500000.0,5718188500000.0,6896113000000.0,7708125700000.0,7146757000000.0,7072103500000.0,6946315300000.0,6312655000000.0
1998-11-15 00:00:00,9857310000000.0,10050329000000.0,9789877000000.0,8998959000000.0,9709254000000.0,9883684000000.0,9686439000000.0,9631314000000.0,9553793000000.0,9712536000000.0
1998-12-15 12:00:00,12115222000000.0,11949157000000.0,11613826000000.0,11945493000000.0,12231189000000.0,11979146000000.0,12089303000000.0,12515086000000.0,11788635000000.0,11295540000000.0
1999-01-15 12:00:00,13268522000000.0,13749805000000.0,13394687000000.0,13383221000000.0,13569325000000.0,13266857000000.0,13607035000000.0,13943117000000.0,13447166000000.0,13304942000000.0
1999-02-14 00:00:00,13903898000000.0,14306305000000.0,14051149000000.0,14067652000000.0,14277564000000.0,13898082000000.0,14015688000000.0,14411083000000.0,14143755000000.0,13961065000000.0
1999-03-15 12:00:00,14338040000000.0,14343029000000.0,14186283000000.0,14294573000000.0,14488614000000.0,14154194000000.0,14250387000000.0,14549105000000.0,14210286000000.0,14183232000000.0
1999-04-15 00:00:00,13970197000000.0,14283438000000.0,14128417000000.0,14085901000000.0,14304676000000.0,14047112000000.0,14239680000000.0,14143522000000.0,14152921000000.0,13993077000000.0
1999-05-15 12:00:00,13085867000000.0,13501733000000.0,13321164000000.0,13436734000000.0,13575132000000.0,13547356000000.0,13484987000000.0,13367126000000.0,13532986000000.0,13356522000000.0
1999-06-15 00:00:00,11151215000000.0,11940003000000.0,11819984000000.0,11215187000000.0,11544211000000.0,11496831000000.0,11822018000000.0,11749261000000.0,11877301000000.0,11580698000000.0
1999-07-15 12:00:00,8245040000000.0,9429053000000.0,9127553000000.0,8763794000000.0,9174220000000.0,9336263000000.0,9296165000000.0,9185449000000.0,9114174000000.0,8895439000000.0
1999-08-15 12:00:00,5723360000000.0,7325431000000.0,7058276500000.0,5935364300000.0,6399192000000.0,7345049400000.0,6431706000000.0,5833758000000.0,7391740400000.0,5756006400000.0
1999-09-15 00:00:00,4733652000000.0,6400732000000.0,6049322000000.0,4618775000000.0,4411263000000.0,6244324600000.0,5196687000000.0,4219093400000.0,6555438700000.0,3707960800000.0
1999-10-15 12:00:00,6144205500000.0,7641852000000.0,7728065000000.0,6536110000000.0,6630974400000.0,7261849000000.0,7021848000000.0,6570395600000.0,7552921000000.0,6297877500000.0
1999-11-15 00:00:00,9010061000000.0,10073137000000.0,10140420000000.0,9569965000000.0,9820218000000.0,9557098000000.0,9934282000000.0,9807987000000.0,10053388000000.0,9571521000000.0
1999-12-15 12:00:00,11941561000000.0,12369444000000.0,12015446000000.0,11814814000000.0,12182207000000.0,11662822000000.0,12286368000000.0,12459260000000.0,11841242000000.0,11314227000000.0
2000-01-15 12:00:00,12942047000000.0,13538382000000.0,13326843000000.0,13334070000000.0,13544098000000.0,12989413000000.0,13632723000000.0,13865073000000.0,13365133000000.0,13188488000000.0
2000-02-14 00:00:00,13619069000000.0,13933157000000.0,13698409000000.0,13773080000000.0,14076471000000.0,13703671000000.0,14126575000000.0,14467341000000.0,13686406000000.0,13686329000000.0
2000-03-15 12:00:00,13870780000000.0,14204310000000.0,13901610000000.0,14008638000000.0,14447184000000.0,14110659000000.0,14260430000000.0,14700327000000.0,14114750000000.0,13881527000000.0
2000-04-15 00:00:00,13773643000000.0,14105795000000.0,13911109000000.0,13956674000000.0,14471175000000.0,13960638000000.0,14008119000000.0,14685534000000.0,14016311000000.0,13746994000000.0
2000-05-15 12:00:00,12533889000000.0,13316437000000.0,13231830000000.0,12898829000000.0,13283667000000.0,13192105000000.0,12964225000000.0,13783606000000.0,13323142000000.0,12865701000000.0
2000-06-15 00:00:00,10504794000000.0,12002632000000.0,11476362000000.0,11369953000000.0,12062338000000.0,11565881000000.0,11259268000000.0,12072413000000.0,11701570000000.0,11287145000000.0
2000-07-15 12:00:00,7257790000000.0,9526403000000.0,9262137000000.0,8635239400000.0,8986743000000.0,8851609000000.0,9067477000000.0,9543768000000.0,9587009000000.0,8405185500000.0
2000-08-15 12:00:00,4983146000000.0,6833482000000.0,6775737000000.0,4158009600000.0,6684387000000.0,6537443500000.0,5699601000000.0,6617568000000.0,6952934400000.0,5504422600000.0
2000-09-15 00:00:00,3404478800000.0,4757639400000.0,4877085300000.0,2869104200000.0,5075215000000.0,5516492300000.0,4028720500000.0,4357375000000.0,5303647000000.0,3168328200000.0
2000-10-15 12:00:00,4754357400000.0,6742745300000.0,7120463000000.0,4968302000000.0,6776913000000.0,7183686000000.0,6066569500000.0,7055181000000.0,7700501000000.0,5591342000000.0
2000-11-15 00:00:00,8365287000000.0,9662516000000.0,9313805000000.0,8925273000000.0,9831163000000.0,9682577000000.0,9137178000000.0,10016030000000.0,9831016000000.0,9481885000000.0
2000-12-15 12:00:00,10885699000000.0,12144987000000.0,11324849000000.0,11073363000000.0,11902051000000.0,12052686000000.0,12003821000000.0,11976088000000.0,11538126000000.0,11518198000000.0
2001-01-15 12:00:00,12921147000000.0,13591065000000.0,13297680000000.0,12624041000000.0,13241510000000.0,13378909000000.0,13173596000000.0,13131245000000.0,13217491000000.0,13278502000000.0
2001-02-14 00:00:00,13584349000000.0,14222264000000.0,14079568000000.0,13470091000000.0,14258495000000.0,14027212000000.0,13939159000000.0,13823208000000.0,13652284000000.0,14132904000000.0
2001-03-15 12:00:00,14016781000000.0,14567602000000.0,14042327000000.0,13730733000000.0,14373956000000.0,14205296000000.0,14174048000000.0,14078662000000.0,14183637000000.0,14308342000000.0
2001-04-15 00:00:00,13808634000000.0,14364583000000.0,13769034000000.0,13683248000000.0,14297246000000.0,14010362000000.0,13967401000000.0,13964740000000.0,13943968000000.0,13700179000000.0
2001-05-15 12:00:00,12753866000000.0,13240428000000.0,13066777000000.0,12862943000000.0,13284427000000.0,13096595000000.0,12857998000000.0,12982378000000.0,12994072000000.0,12817812000000.0
2001-06-15 00:00:00,10730780000000.0,11830406000000.0,11507969000000.0,10914037000000.0,11808568000000.0,11495094000000.0,11330243000000.0,11793007000000.0,11385975000000.0,11622098000000.0
2001-07-15 12:00:00,7829415000000.0,9614228000000.0,8734925400000.0,8068454700000.0,8898484000000.0,8137834000000.0,8880572000000.0,9082692000000.0,8255563600000.0,8211239000000.0
2001-08-15 12:00:00,3123108000000.0,6924225500000.0,5586038600000.0,4633157000000.0,5551315500000.0,4260443000000.0,5298187700000.0,5592452700000.0,6056889500000.0,4416570700000.0
2001-09-15 00:00:00,1776832600000.0,5241610000000.0,2826922400000.0,3042649300000.0,3264161300000.0,2571091000000.0,3257030400000.0,3055250300000.0,4964262300000.0,2489267300000.0
2001-10-15 12:00:00,5347581400000.0,7268285300000.0,6488357600000.0,4894636400000.0,6044610700000.0,4897726000000.0,5810684400000.0,6286896000000.0,6342137000000.0,5270411400000.0
2001-11-15 00:00:00,8299261500000.0,10140064000000.0,8763852000000.0,8923029000000.0,8954401000000.0,8942491000000.0,9287954000000.0,9382925000000.0,9485648000000.0,8407050400000.0
2001-12-15 12:00:00,10995592000000.0,11822207000000.0,11684843000000.0,10934230000000.0,11229968000000.0,11432487000000.0,11839446000000.0,11682784000000.0,11115006000000.0,10877362000000.0
2002-01-15 12:00:00,13178704000000.0,13395535000000.0,13014132000000.0,12634693000000.0,12963354000000.0,13306153000000.0,13344593000000.0,13226230000000.0,13094999000000.0,13173575000000.0
2002-02-14 00:00:00,13931885000000.0,13903125000000.0,13973288000000.0,13293906000000.0,13932576000000.0,14272034000000.0,14065498000000.0,13908167000000.0,13834916000000.0,13966560000000.0
2002-03-15 12:00:00,14134211000000.0,14170370000000.0,14377243000000.0,13675922000000.0,14404848000000.0,14533572000000.0,14197551000000.0,14114048000000.0,14028491000000.0,14259566000000.0
2002-04-15 00:00:00,13816355000000.0,13849201000000.0,14324940000000.0,13725355000000.0,14451636000000.0,14347166000000.0,13941359000000.0,13826566000000.0,14022247000000.0,14203408000000.0
2002-05-15 12:00:00,12911770000000.0,13048350000000.0,13526916000000.0,12712497000000.0,13689531000000.0,13479742000000.0,13309827000000.0,13250838000000.0,13280565000000.0,13426242000000.0
2002-06-15 00:00:00,11324387000000.0,11880906000000.0,11811238000000.0,11166029000000.0,11423228000000.0,11464868000000.0,11531608000000.0,11740887000000.0,11293772000000.0,11247476000000.0
2002-07-15 12:00:00,8195270500000.0,9040432000000.0,9200309000000.0,8542859300000.0,8576447000000.0,8879868000000.0,9541574000000.0,8956314000000.0,8250399400000.0,8586988000000.0
2002-08-15 12:00:00,4682120000000.0,5792397000000.0,5737066500000.0,5250770500000.0,5017825000000.0,5542234300000.0,5708446700000.0,6571294700000.0,5446256000000.0,5846503000000.0
2002-09-15 00:00:00,2621740000000.0,4420121000000.0,3864151500000.0,1938866600000.0,3336867200000.0,3393818700000.0,2837900700000.0,5025873500000.0,4007724000000.0,2393142500000.0
2002-10-15 12:00:00,5205670000000.0,5815464400000.0,6727718700000.0,6016314000000.0,6704021000000.0,6468694000000.0,6190798000000.0,7692046000000.0,5730061500000.0,6441050000000.0
2002-11-15 00:00:00,8652335300000.0,9229854000000.0,9673386000000.0,8944835000000.0,9749759000000.0,9251011000000.0,9383763000000.0,10179903000000.0,8495763600000.0,9312622000000.0
2002-12-15 12:00:00,11120659000000.0,11430698000000.0,11693407000000.0,11293684000000.0,11691713000000.0,11999348000000.0,11935502000000.0,12029266000000.0,11132505000000.0,11769240000000.0
2003-01-15 12:00:00,12895079000000.0,13019682000000.0,13476327000000.0,13236825000000.0,13425165000000.0,13602710000000.0,13267386000000.0,13487221000000.0,13175806000000.0,13558287000000.0
2003-02-14 00:00:00,13726321000000.0,13860864000000.0,14129029000000.0,13926631000000.0,13998624000000.0,14091084000000.0,13960390000000.0,14047261000000.0,14027187000000.0,14213921000000.0
2003-03-15 12:00:00,13937725000000.0,14028246000000.0,14414785000000.0,13990144000000.0,13944117000000.0,14473948000000.0,14289938000000.0,14338245000000.0,14456511000000.0,14575676000000.0
2003-04-15 00:00:00,13950244000000.0,13918838000000.0,14374032000000.0,13789504000000.0,13909842000000.0,14211612000000.0,13962343000000.0,14289974000000.0,14180285000000.0,14552702000000.0
2003-05-15 12:00:00,13186556000000.0,12904227000000.0,13579615000000.0,13021892000000.0,13115136000000.0,13403265000000.0,13160240000000.0,13544278000000.0,13430285000000.0,13394858000000.0
2003-06-15 00:00:00,11722033000000.0,11230641000000.0,11888921000000.0,11221649000000.0,11571533000000.0,11927338000000.0,11772229000000.0,11728153000000.0,11567647000000.0,11739725000000.0
2003-07-15 12:00:00,8175767000000.0,8182267000000.0,9576009000000.0,9036287000000.0,8754997000000.0,8631938400000.0,9028608000000.0,8831059000000.0,8192457700000.0,9342019000000.0
2003-08-15 12:00:00,4699556000000.0,4121871000000.0,7391769000000.0,6534271000000.0,6818977000000.0,5673763500000.0,5807081000000.0,4973971000000.0,5442136700000.0,6903470000000.0
2003-09-15 00:00:00,3102190900000.0,2689899400000.0,6139880000000.0,5001843000000.0,5523497000000.0,4466192400000.0,3693942100000.0,3869479300000.0,3477783000000.0,4946599600000.0
2003-10-15 12:00:00,5874543000000.0,4822826000000.0,8250941500000.0,7137058000000.0,7655883000000.0,6214560000000.0,6819975000000.0,5894988000000.0,5827024400000.0,7191933000000.0
2003-11-15 00:00:00,9295108000000.0,8225166000000.0,10438254000000.0,9967719000000.0,9933244000000.0,9733998000000.0,9147341000000.0,9231149000000.0,9505812000000.0,9824205000000.0
2003-12-15 12:00:00,11705868000000.0,10922092000000.0,11876636000000.0,12207595000000.0,12033447000000.0,11792840000000.0,11536884000000.0,11667353000000.0,12008634000000.0,11767239000000.0
2004-01-15 12:00:00,13075381000000.0,12968323000000.0,13798790000000.0,13417621000000.0,13466054000000.0,13615065000000.0,12772724000000.0,13330648000000.0,13317930000000.0,13014937000000.0
2004-02-14 00:00:00,13664736000000.0,13774405000000.0,14410456000000.0,13947883000000.0,13839536000000.0,14230093000000.0,13367876000000.0,13887355000000.0,14076983000000.0,13749980000000.0
2004-03-15 12:00:00,13952050000000.0,14021854000000.0,14402739000000.0,14261407000000.0,13995048000000.0,14353311000000.0,13669206000000.0,13930034000000.0,14440643000000.0,14268346000000.0
2004-04-15 00:00:00,13838352000000.0,14073847000000.0,14362400000000.0,14206466000000.0,13971858000000.0,14212997000000.0,13542519000000.0,13767716000000.0,14214489000000.0,14184242000000.0
2004-05-15 12:00:00,13100316000000.0,13022270000000.0,13643332000000.0,13386782000000.0,13260712000000.0,12978752000000.0,12820706000000.0,12978265000000.0,13492883000000.0,13355585000000.0
2004-06-15 00:00:00,11492456000000.0,11165474000000.0,11753995000000.0,11628169000000.0,11965701000000.0,11508914000000.0,10823179000000.0,11260380000000.0,11931529000000.0,11669395000000.0
2004-07-15 12:00:00,8298405300000.0,7834295000000.0,9469832000000.0,9486390000000.0,9531448000000.0,8481173000000.0,7547901700000.0,8714379600000.0,9129605000000.0,8924033000000.0
2004-08-15 12:00:00,4814132000000.0,4777844000000.0,6116852400000.0,6006139500000.0,5600523600000.0,4978045000000.0,4932401400000.0,6391849000000.0,5435909700000.0,5876334000000.0
2004-09-15 00:00:00,3165665000000.0,2471353000000.0,3530895000000.0,3821610000000.0,3413374400000.0,2870265200000.0,3659495000000.0,5010128600000.0,3308694500000.0,4492315600000.0
2004-10-15 12:00:00,5664870500000.0,5272413000000.0,6707330000000.0,7154355400000.0,6266596400000.0,5701620000000.0,5039975300000.0,6158181000000.0,6244350300000.0,6633461600000.0
2004-11-15 00:00:00,9216962000000.0,8835647000000.0,10260136000000.0,9999306000000.0,9309648000000.0,8953247000000.0,8695648400000.0,9263318000000.0,9348334000000.0,9156944000000.0
2004-12-15 12:00:00,11365742000000.0,11663457000000.0,12442284000000.0,11800125000000.0,11163326000000.0,11366293000000.0,11717611000000.0,11300667000000.0,11602152000000.0,11511389000000.0
2005-01-15 12:00:00,12872904000000.0,13242882000000.0,13670415000000.0,13525391000000.0,12886345000000.0,13664241000000.0,13112055000000.0,12862470000000.0,13479184000000.0,13047290000000.0
2005-02-14 00:00:00,13698807000000.0,14137712000000.0,14216727000000.0,14235954000000.0,13595715000000.0,14042635000000.0,13753253000000.0,13482517000000.0,14041146000000.0,13585978000000.0
2005-03-15 12:00:00,14085060000000.0,14270540000000.0,14780086000000.0,14403255000000.0,13985011000000.0,14285632000000.0,13823545000000.0,13721313000000.0,14258859000000.0,13870156000000.0
2005-04-15 00:00:00,13677098000000.0,14069004000000.0,14461363000000.0,14182875000000.0,13989887000000.0,14158877000000.0,13816333000000.0,13621187000000.0,13974363000000.0,13793770000000.0
2005-05-15 12:00:00,12814484000000.0,13166602000000.0,13646858000000.0,13477098000000.0,12928103000000.0,13359282000000.0,12973288000000.0,12630070000000.0,13209348000000.0,12774088000000.0
2005-06-15 00:00:00,11254927000000.0,11616473000000.0,12217723000000.0,12064134000000.0,11742044000000.0,11775144000000.0,11344310000000.0,11214453000000.0,11327167000000.0,10860355000000.0
2005-07-15 12:00:00,8390940000000.0,8358702600000.0,9777384000000.0,9337266000000.0,8600059000000.0,8710374000000.0,8717940000000.0,8895954000000.0,8395373000000.0,7626540700000.0
2005-08-15 12:00:00,4597646600000.0,4935271000000.0,6492145600000.0,6302668400000.0,3598968200000.0,5435924400000.0,5664097700000.0,5825686400000.0,5608609000000.0,3568011600000.0
2005-09-15 00:00:00,3276507400000.0,3148798200000.0,4387195300000.0,4287998700000.0,2010026300000.0,3749152000000.0,3583801600000.0,2421621500000.0,4291111200000.0,1398400500000.0
2005-10-15 12:00:00,5582619000000.0,5491548000000.0,7239235500000.0,6715509000000.0,4845101000000.0,6154428000000.0,6458693400000.0,6037857400000.0,6447641000000.0,4728544600000.0
2005-11-15 00:00:00,9109257000000.0,8935801000000.0,10355674000000.0,9782814000000.0,9049691000000.0,9339309000000.0,9311715000000.0,9032008000000.0,9433092000000.0,8725805400000.0
2005-12-15 12:00:00,11828562000000.0,11960994000000.0,12337938000000.0,11701987000000.0,11619916000000.0,11488517000000.0,11305115000000.0,11214401000000.0,12099508000000.0,11229403000000.0
2006-01-15 12:00:00,13179147000000.0,13258950000000.0,13938943000000.0,13507319000000.0,12979383000000.0,13160799000000.0,12765666000000.0,12789532000000.0,13372220000000.0,12758127000000.0
2006-02-14 00:00:00,13713877000000.0,13928290000000.0,14454483000000.0,13923393000000.0,13819563000000.0,13878944000000.0,13374992000000.0,13633017000000.0,14000434000000.0,13426699000000.0
2006-03-15 12:00:00,14006839000000.0,14343527000000.0,14497207000000.0,14020296000000.0,14049869000000.0,14252152000000.0,13706270000000.0,13900795000000.0,14134051000000.0,13694648000000.0
2006-04-15 00:00:00,13849572000000.0,14118300000000.0,14387922000000.0,13945419000000.0,13578976000000.0,14058978000000.0,13697045000000.0,13734303000000.0,14184052000000.0,13571586000000.0
2006-05-15 12:00:00,12824869000000.0,12929222000000.0,13637238000000.0,13127970000000.0,12471669000000.0,13204732000000.0,12851889000000.0,13084853000000.0,13301881000000.0,12540553000000.0
2006-06-15 00:00:00,11420645000000.0,11190508000000.0,12121512000000.0,11323952000000.0,11118813000000.0,11658452000000.0,11313762000000.0,10654223000000.0,11620564000000.0,11223049000000.0
2006-07-15 12:00:00,8169567300000.0,8624164300000.0,10123502000000.0,8617030000000.0,8792787400000.0,9179479000000.0,8397887000000.0,8296463300000.0,8691378000000.0,8060261000000.0
2006-08-15 12:00:00,2662850400000.0,6125281300000.0,7594167000000.0,6135186700000.0,5660695000000.0,6020797000000.0,3797465700000.0,5582160400000.0,5496005000000.0,4879431500000.0
2006-09-15 00:00:00,1171671700000.0,4376159800000.0,5306051500000.0,4683384000000.0,3230212300000.0,4689781000000.0,1440719300000.0,3950566700000.0,3405465000000.0,2768594800000.0
2006-10-15 12:00:00,4834200600000.0,6502957000000.0,7776289000000.0,6047208600000.0,5664139600000.0,6457606000000.0,5473474400000.0,6007403000000.0,6816689000000.0,5031258000000.0
2006-11-15 00:00:00,9207297000000.0,9366036000000.0,9828714000000.0,9120028000000.0,8739682000000.0,9262103000000.0,9343666000000.0,8578262000000.0,9641036000000.0,8966835000000.0
2006-12-15 12:00:00,11397935000000.0,11427867000000.0,11701423000000.0,11494111000000.0,11206511000000.0,11636857000000.0,11377930000000.0,10688604000000.0,11968284000000.0,10880222000000.0
2007-01-15 12:00:00,13048297000000.0,13012066000000.0,13485776000000.0,13021610000000.0,12355398000000.0,13226301000000.0,13227289000000.0,12974440000000.0,13343897000000.0,12525689000000.0
2007-02-14 00:00:00,13804669000000.0,13912041000000.0,14153964000000.0,13607391000000.0,13346366000000.0,14008514000000.0,14006874000000.0,13733573000000.0,14096404000000.0,13192873000000.0
2007-03-15 12:00:00,13910422000000.0,14363925000000.0,14239855000000.0,14064360000000.0,13775124000000.0,14128865000000.0,14247865000000.0,13922181000000.0,14290985000000.0,13436243000000.0
2007-04-15 00:00:00,13804675000000.0,14252595000000.0,14083886000000.0,13824271000000.0,13762038000000.0,14266695000000.0,13929892000000.0,13885273000000.0,14010781000000.0,13362061000000.0
2007-05-15 12:00:00,12958292000000.0,13394778000000.0,12645533000000.0,12927287000000.0,12714683000000.0,13589138000000.0,12947033000000.0,12932335000000.0,13020911000000.0,12482467000000.0
2007-06-15 00:00:00,11619654000000.0,11571381000000.0,11195861000000.0,11452136000000.0,10871980000000.0,11628766000000.0,11579811000000.0,11476087000000.0,11855789000000.0,11056939000000.0
2007-07-15 12:00:00,8832468000000.0,8498842000000.0,8400189000000.0,8266924000000.0,7903975600000.0,8609915000000.0,8381855000000.0,8165007600000.0,8240514000000.0,7326892300000.0
2007-08-15 12:00:00,5273969000000.0,6195435000000.0,5694084000000.0,2888220500000.0,3279341000000.0,5470585600000.0,4588295400000.0,4553590700000.0,3628477700000.0,3261040400000.0
2007-09-15 00:00:00,2752031000000.0,3279068600000.0,4609947000000.0,1220919300000.0,1059605000000.0,3025256600000.0,1306762700000.0,2510976200000.0,2270570000000.0,1643042800000.0
2007-10-15 12:00:00,5713640300000.0,5911147000000.0,6102041000000.0,4819469000000.0,5267362000000.0,5617769000000.0,5199554000000.0,4921658700000.0,4044994000000.0,3924873400000.0
2007-11-15 00:00:00,9449023000000.0,9207001000000.0,8897874000000.0,8923375000000.0,8825735000000.0,9423577000000.0,8938344000000.0,9070542000000.0,8038017700000.0,7650491000000.0
2007-12-15 12:00:00,11518750000000.0,11237346000000.0,10650974000000.0,10953485000000.0,11500080000000.0,11465947000000.0,11162604000000.0,10975640000000.0,11168240000000.0,10789523000000.0
2008-01-15 12:00:00,12799462000000.0,13413640000000.0,13214832000000.0,12705040000000.0,12524259000000.0,12915464000000.0,13070231000000.0,13144578000000.0,12852564000000.0,12372732000000.0
2008-02-14 00:00:00,13305531000000.0,13944530000000.0,14004599000000.0,13291064000000.0,13212005000000.0,13475856000000.0,13668664000000.0,13810893000000.0,13353581000000.0,13006764000000.0
2008-03-15 12:00:00,13345109000000.0,14103200000000.0,14050105000000.0,13496020000000.0,13749501000000.0,13649928000000.0,14114835000000.0,14019444000000.0,13689648000000.0,13667619000000.0
2008-04-15 00:00:00,13291546000000.0,13834819000000.0,14129864000000.0,13183263000000.0,13657825000000.0,13397073000000.0,14152628000000.0,13776543000000.0,13276485000000.0,13694096000000.0
2008-05-15 12:00:00,12657267000000.0,13318528000000.0,13275362000000.0,12469766000000.0,12770215000000.0,12854946000000.0,13328407000000.0,13092809000000.0,12226266000000.0,12889610000000.0
2008-06-15 00:00:00,11421975000000.0,11838866000000.0,11550337000000.0,11158910000000.0,11185825000000.0,11267314000000.0,11418853000000.0,11192431000000.0,10574377000000.0,11256243000000.0
2008-07-15 12:00:00,8660790000000.0,8458114400000.0,8218858000000.0,8647590500000.0,8972975000000.0,7746958700000.0,8690522000000.0,8759628000000.0,7754629500000.0,8216538000000.0
2008-08-15 12:00:00,5004298600000.0,4425652000000.0,5117158400000.0,3918971000000.0,5358642000000.0,4455875000000.0,4677932400000.0,5471716000000.0,2644439700000.0,2818247500000.0
2008-09-15 00:00:00,1897660700000.0,2810689400000.0,2241104200000.0,1585186100000.0,2992817800000.0,2050957000000.0,1659978500000.0,2323042300000.0,1254974800000.0,1030515700000.0
2008-10-15 12:00:00,6110525000000.0,5081281000000.0,5941455500000.0,4125031400000.0,5125446000000.0,5014596600000.0,6074381400000.0,5808150000000.0,3952114100000.0,4568049000000.0
2008-11-15 00:00:00,9354653000000.0,9114987000000.0,8967625000000.0,8024845000000.0,9128756000000.0,8759775600000.0,8690630400000.0,9197136000000.0,7748741000000.0,9478007000000.0
2008-12-15 12:00:00,11417529000000.0,11212249000000.0,11366033000000.0,10832484000000.0,11567354000000.0,10934429000000.0,10983343000000.0,10782898000000.0,10676783000000.0,10910534000000.0
2009-01-15 12:00:00,13118929000000.0,13464584000000.0,13438292000000.0,12732360000000.0,12750749000000.0,12729811000000.0,13281482000000.0,12576899000000.0,12297818000000.0,12868654000000.0
2009-02-14 00:00:00,14042513000000.0,14018457000000.0,14146244000000.0,13538553000000.0,13390274000000.0,13468071000000.0,13710848000000.0,13470248000000.0,13395607000000.0,13556198000000.0
2009-03-15 12:00:00,14173915000000.0,14094530000000.0,14317879000000.0,13771636000000.0,13565342000000.0,13979032000000.0,14006429000000.0,13593928000000.0,13533571000000.0,13814882000000.0
2009-04-15 00:00:00,14052760000000.0,13911266000000.0,14209697000000.0,13745836000000.0,13559105000000.0,13933025000000.0,14123897000000.0,13595090000000.0,13372967000000.0,13727034000000.0
2009-05-15 12:00:00,12880190000000.0,13045892000000.0,13309965000000.0,13195977000000.0,12595099000000.0,13045642000000.0,13363213000000.0,12446554000000.0,12568290000000.0,12828252000000.0
2009-06-15 00:00:00,11420165000000.0,11675374000000.0,11391348000000.0,11325514000000.0,11147805000000.0,11333612000000.0,11419058000000.0,11131987000000.0,10800471000000.0,11095598000000.0
2009-07-15 12:00:00,8391589000000.0,8346587000000.0,8571106400000.0,8157897000000.0,8708014700000.0,8175883400000.0,8902085000000.0,8603823000000.0,7968571500000.0,8056258000000.0
2009-08-15 12:00:00,3611017300000.0,4197366600000.0,5129742300000.0,4318853300000.0,4769102400000.0,3981464000000.0,5527790700000.0,5865212000000.0,4324021800000.0,3645111000000.0
2009-09-15 00:00:00,1310164100000.0,1507875600000.0,3202473300000.0,1798800700000.0,2670332700000.0,1849670400000.0,3430576600000.0,3582032600000.0,2196669200000.0,1857416100000.0
2009-10-15 12:00:00,4971253000000.0,5277457000000.0,5634718000000.0,5078882000000.0,5940642300000.0,5227897400000.0,6425902300000.0,6018842000000.0,4391388000000.0,4717319600000.0
2009-11-15 00:00:00,8226038000000.0,8668138000000.0,8699376600000.0,8884699000000.0,9165609000000.0,8918766000000.0,9646878000000.0,8762493000000.0,7746404500000.0,8382904000000.0
2009-12-15 12:00:00,10679223000000.0,10632213000000.0,11456723000000.0,10858378000000.0,11399097000000.0,10876837000000.0,11463721000000.0,11265095000000.0,10432645000000.0,11151627000000.0
2010-01-15 12:00:00,12519002000000.0,12875557000000.0,13532675000000.0,12527220000000.0,12926045000000.0,13022583000000.0,12912290000000.0,12983342000000.0,12404618000000.0,13222327000000.0
2010-02-14 00:00:00,13354670000000.0,13658504000000.0,14095875000000.0,13159754000000.0,13596972000000.0,13842988000000.0,13483777000000.0,13699446000000.0,13214780000000.0,13937313000000.0
2010-03-15 12:00:00,13468491000000.0,13996842000000.0,14337973000000.0,13653407000000.0,13843708000000.0,14062975000000.0,13733047000000.0,13954162000000.0,13698603000000.0,14021682000000.0
2010-04-15 00:00:00,13507650000000.0,13795914000000.0,14034527000000.0,13433389000000.0,13431831000000.0,13695836000000.0,13431971000000.0,13867262000000.0,13636785000000.0,13781759000000.0
2010-05-15 12:00:00,12699631000000.0,12920472000000.0,12861330000000.0,12717086000000.0,12624587000000.0,12774768000000.0,12639883000000.0,12813967000000.0,12983081000000.0,12879582000000.0
2010-06-15 00:00:00,11414011000000.0,11549714000000.0,11196264000000.0,10854624000000.0,11168121000000.0,11117747000000.0,11446254000000.0,11418770000000.0,11512050000000.0,11572612000000.0
2010-07-15 12:00:00,7528307000000.0,8710053000000.0,8623720000000.0,7953381000000.0,8413490700000.0,8553544300000.0,8972949000000.0,8827781000000.0,8267013000000.0,9384240000000.0
2010-08-15 12:00:00,3655101000000.0,6079228000000.0,6321525500000.0,2043966900000.0,5022411700000.0,3882561300000.0,5572883600000.0,5921394700000.0,5728664300000.0,3698019300000.0
2010-09-15 00:00:00,1981180300000.0,3463484800000.0,4274790000000.0,920639440000.0,2662387000000.0,2085298400000.0,4093438300000.0,4451987400000.0,4088152000000.0,2048780900000.0
2010-10-15 12:00:00,4524578000000.0,6570848000000.0,5965174000000.0,5118383000000.0,5195394700000.0,5794652000000.0,6502703000000.0,6425742000000.0,6097331000000.0,6234835000000.0
2010-11-15 00:00:00,9015901000000.0,9142234000000.0,9038499000000.0,8204052300000.0,9202880000000.0,8922091000000.0,9521760000000.0,9122655000000.0,8765731000000.0,9304192000000.0
2010-12-15 12:00:00,10805636000000.0,11737158000000.0,11475935000000.0,11068094000000.0,11685327000000.0,11153985000000.0,11150186000000.0,11467049000000.0,11339800000000.0,11276348000000.0
2011-01-15 12:00:00,12964373000000.0,13061763000000.0,13381009000000.0,12870413000000.0,13134499000000.0,12942704000000.0,12703691000000.0,13368480000000.0,12851836000000.0,13043541000000.0
2011-02-14 00:00:00,13508634000000.0,13631486000000.0,13957823000000.0,13666531000000.0,13834706000000.0,13862439000000.0,13134405000000.0,14032854000000.0,13418826000000.0,13840591000000.0
2011-03-15 12:00:00,13911718000000.0,13964452000000.0,14137577000000.0,13834193000000.0,14199990000000.0,14227059000000.0,13300104000000.0,14117176000000.0,13896088000000.0,14242102000000.0
2011-04-15 00:00:00,13856483000000.0,13940830000000.0,13883216000000.0,13484680000000.0,14168626000000.0,13814683000000.0,13147640000000.0,13936309000000.0,13858127000000.0,14038013000000.0
2011-05-15 12:00:00,13032615000000.0,13043068000000.0,13080855000000.0,12759888000000.0,13252829000000.0,13065181000000.0,12247547000000.0,13140207000000.0,13051786000000.0,13214296000000.0
2011-06-15 00:00:00,10896892000000.0,11539063000000.0,11897059000000.0,11161378000000.0,11680500000000.0,11383860000000.0,10561061000000.0,11914692000000.0,10832765000000.0,11683198000000.0
2011-07-15 12:00:00,8055275000000.0,8689273500000.0,9102204000000.0,7718749300000.0,9218464000000.0,8868598000000.0,7768520000000.0,9116171000000.0,8477748000000.0,8100253000000.0
2011-08-15 12:00:00,4663171600000.0,5064689000000.0,6406830000000.0,4139994600000.0,5647869000000.0,5232522000000.0,5005054600000.0,5094795000000.0,5960926000000.0,4415239000000.0
2011-09-15 00:00:00,2256145200000.0,3613736800000.0,3868835200000.0,2552748800000.0,3156771000000.0,3325396300000.0,2280512800000.0,3174579000000.0,4124188900000.0,1804251200000.0
2011-10-15 12:00:00,5205064000000.0,5501498700000.0,7093030000000.0,4794890600000.0,5826871000000.0,5577240500000.0,5612878000000.0,5277990500000.0,6329537000000.0,4599648000000.0
2011-11-15 00:00:00,7799089700000.0,9703568000000.0,9733677000000.0,8594817000000.0,8671229600000.0,8770760000000.0,8493247500000.0,9464262000000.0,9417695000000.0,9208771000000.0
2011-12-15 12:00:00,10586244000000.0,11679424000000.0,11524647000000.0,11044155000000.0,11246611000000.0,11352751000000.0,10847447000000.0,11102251000000.0,11583118000000.0,11282242000000.0
2012-01-15 12:00:00,12923007000000.0,13408091000000.0,13600641000000.0,13131202000000.0,13164337000000.0,13480876000000.0,12739362000000.0,13058334000000.0,13189861000000.0,13189647000000.0
2012-02-14 00:00:00,13520324000000.0,14175938000000.0,14283361000000.0,13720235000000.0,13874392000000.0,14170934000000.0,13416224000000.0,13648813000000.0,13710469000000.0,13858584000000.0
2012-03-15 12:00:00,14013497000000.0,14439649000000.0,14553107000000.0,14050686000000.0,13996229000000.0,14437042000000.0,13633706000000.0,13826297000000.0,13955045000000.0,14036341000000.0
2012-04-15 00:00:00,14019539000000.0,14317477000000.0,14400976000000.0,13945636000000.0,13785478000000.0,14189523000000.0,13633503000000.0,13684250000000.0,13883538000000.0,14046707000000.0
2012-05-15 12:00:00,13165914000000.0,13335550000000.0,13214399000000.0,13121039000000.0,13116400000000.0,13069367000000.0,12296190000000.0,13109712000000.0,13256536000000.0,13323390000000.0
2012-06-15 00:00:00,11004948000000.0,11829414000000.0,11768669000000.0,11490158000000.0,11537723000000.0,11216341000000.0,10722028000000.0,11522724000000.0,11574257000000.0,11794134000000.0
2012-07-15 12:00:00,7580600500000.0,8526355000000.0,9427755000000.0,8834406000000.0,9037385000000.0,8583789000000.0,7425763600000.0,8828334000000.0,9624579000000.0,8929815000000.0
2012-08-15 12:00:00,4393442500000.0,5212374300000.0,5583232600000.0,4853435000000.0,5513149400000.0,4848715000000.0,3879336700000.0,6029315700000.0,7221739000000.0,5120111700000.0
2012-09-15 00:00:00,2123465000000.0,3616460000000.0,3913792000000.0,2195588400000.0,3628525000000.0,3362893000000.0,2502576800000.0,3755282500000.0,5099550000000.0,3079771000000.0
2012-10-15 12:00:00,4679332300000.0,5409146000000.0,6454122600000.0,5421419000000.0,6072068700000.0,5770588500000.0,4540572600000.0,6954583300000.0,7664084500000.0,5936592700000.0
2012-11-15 00:00:00,7529332000000.0,9032738000000.0,9777623000000.0,9631502000000.0,9448832000000.0,9549868000000.0,8379146000000.0,9728183000000.0,10156761000000.0,9459519000000.0
2012-12-15 12:00:00,10973092000000.0,11634361000000.0,11484102000000.0,11912052000000.0,11442351000000.0,11659438000000.0,10817907000000.0,11559191000000.0,11927451000000.0,11951483000000.0
2013-01-15 12:00:00,13221456000000.0,13229081000000.0,13406772000000.0,13438092000000.0,12976883000000.0,13540671000000.0,12567242000000.0,13253596000000.0,13249265000000.0,13853040000000.0
2013-02-14 00:00:00,13872776000000.0,14150938000000.0,14152820000000.0,13948535000000.0,13598835000000.0,14204577000000.0,13150793000000.0,14031435000000.0,13979959000000.0,14396059000000.0
2013-03-15 12:00:00,13910996000000.0,14442425000000.0,14468931000000.0,14229017000000.0,13986274000000.0,14355423000000.0,13657212000000.0,14266301000000.0,14408863000000.0,14533182000000.0
2013-04-15 00:00:00,13811149000000.0,13945354000000.0,14478584000000.0,14064177000000.0,14000662000000.0,14135679000000.0,13585447000000.0,13852171000000.0,14267348000000.0,14375912000000.0
2013-05-15 12:00:00,12820953000000.0,13083662000000.0,13519368000000.0,12872703000000.0,13224806000000.0,13336165000000.0,12885386000000.0,12964340000000.0,13556543000000.0,13455051000000.0
2013-06-15 00:00:00,11537876000000.0,10905331000000.0,12053487000000.0,11680975000000.0,11315645000000.0,11877304000000.0,11254326000000.0,11775389000000.0,11986701000000.0,11401012000000.0
2013-07-15 12:00:00,8546733000000.0,7958367000000.0,8902722000000.0,8630914000000.0,8506375700000.0,9486880000000.0,8648054500000.0,8456248500000.0,9362288000000.0,8987978000000.0
2013-08-15 12:00:00,4434763400000.0,5467471300000.0,5923369000000.0,5792857600000.0,4710896000000.0,5156716400000.0,5771396400000.0,5130879000000.0,6710593300000.0,5598035300000.0
2013-09-15 00:00:00,2432465400000.0,1862389300000.0,4319321000000.0,4192998000000.0,2848338200000.0,2404351700000.0,3777173700000.0,3413175200000.0,5052668300000.0,3804163000000.0
2013-10-15 12:00:00,5485287000000.0,6074419600000.0,6181993000000.0,6330808000000.0,5074067700000.0,5799767000000.0,6223859500000.0,5442441300000.0,6941031000000.0,6524155000000.0
2013-11-15 00:00:00,8977652000000.0,8838459000000.0,9927437000000.0,9702023000000.0,8930764000000.0,9510870000000.0,8783614000000.0,9207703000000.0,9352762000000.0,9414006000000.0
2013-12-15 12:00:00,11072275000000.0,11318340000000.0,11992669000000.0,11916429000000.0,11024035000000.0,11882510000000.0,10842951000000.0,11256786000000.0,11509581000000.0,11699363000000.0
2014-01-15 12:00:00,12961797000000.0,13155699000000.0,13618144000000.0,13105497000000.0,12760595000000.0,13410021000000.0,12943360000000.0,13228086000000.0,13655691000000.0,13307361000000.0
2014-02-14 00:00:00,13513554000000.0,13885216000000.0,14121571000000.0,13780447000000.0,13491337000000.0,14046354000000.0,13703096000000.0,13815671000000.0,14190049000000.0,14204341000000.0
2014-03-15 12:00:00,13729532000000.0,14187979000000.0,14362480000000.0,14197801000000.0,13871435000000.0,14243890000000.0,14092398000000.0,13953697000000.0,14177390000000.0,14360975000000.0
2014-04-15 00:00:00,13519397000000.0,13923726000000.0,14244649000000.0,14069402000000.0,13811323000000.0,13982499000000.0,14004010000000.0,14055750000000.0,14121105000000.0,14304556000000.0
2014-05-15 12:00:00,12576235000000.0,12914654000000.0,13344503000000.0,13237252000000.0,12852610000000.0,12963902000000.0,13131352000000.0,13138829000000.0,13143000000000.0,13359343000000.0
2014-06-15 00:00:00,10781968000000.0,11384312000000.0,11297089000000.0,11589989000000.0,11675325000000.0,11127722000000.0,11583049000000.0,11441770000000.0,11139570000000.0,10990857000000.0
2014-07-15 12:00:00,7877292000000.0,8910363000000.0,8180185700000.0,8775334000000.0,8664197000000.0,8877452000000.0,9387755000000.0,8636634000000.0,8033789000000.0,8038296600000.0
2014-08-15 12:00:00,3466147700000.0,4980161400000.0,4943503000000.0,4956869400000.0,3806681600000.0,5013132000000.0,6011291000000.0,5407601000000.0,4391074000000.0,5400135000000.0
2014-09-15 00:00:00,1759802400000.0,3153344600000.0,2916657100000.0,2442189900000.0,2167084300000.0,1621101100000.0,3533583700000.0,2740299200000.0,2400359300000.0,2911955800000.0
2014-10-15 12:00:00,4936903400000.0,6162476400000.0,5465263000000.0,5552880000000.0,5095552000000.0,5167960000000.0,6372910400000.0,5345272400000.0,4791998600000.0,5637211700000.0
2014-11-15 00:00:00,9065998000000.0,8696496700000.0,8170006000000.0,8921914000000.0,8994351000000.0,8779018000000.0,9576333000000.0,9568174000000.0,9261843000000.0,8864174000000.0
2014-12-15 12:00:00,11207769000000.0,11371066000000.0,11465282000000.0,11274358000000.0,11305059000000.0,11266408000000.0,11511614000000.0,11677433000000.0,11984387000000.0,11308945000000.0
