time,r2i1p1f1,r3i1p1f1,r1i1p1f1
1979-01-16 12:00:00,16013737000000.0,15449793000000.0,15119137000000.0
1979-02-15 00:00:00,16918257000000.0,16378119000000.0,15876035000000.0
1979-03-16 12:00:00,17181051000000.0,16610337000000.0,16302878000000.0
1979-04-16 00:00:00,17193031000000.0,16666681000000.0,16205348000000.0
1979-05-16 12:00:00,16375471000000.0,16119008000000.0,15530207000000.0
1979-06-16 00:00:00,14040049000000.0,13766905000000.0,13281213000000.0
1979-07-16 12:00:00,11028174000000.0,10534308000000.0,10729105000000.0
1979-08-16 12:00:00,9214335000000.0,8011644000000.0,7883352700000.0
1979-09-16 00:00:00,8634889000000.0,7751712400000.0,6876939400000.0
1979-10-16 12:00:00,9968214000000.0,9581355000000.0,9000377000000.0
1979-11-16 00:00:00,11544664000000.0,11160077000000.0,10967808000000.0
1979-12-16 12:00:00,13801575000000.0,13575517000000.0,13559280000000.0
1980-01-16 12:00:00,15797024000000.0,15095312000000.0,14926337000000.0
1980-02-15 12:00:00,16970417000000.0,16151222000000.0,16122409000000.0
1980-03-16 12:00:00,17262056000000.0,16495447000000.0,16397397000000.0
1980-04-16 00:00:00,17057239000000.0,16270893000000.0,16270625000000.0
1980-05-16 12:00:00,16260419000000.0,15516828000000.0,15594892000000.0
1980-06-16 00:00:00,13819795000000.0,13092200000000.0,14372630000000.0
1980-07-16 12:00:00,11224872000000.0,9786072000000.0,11048709000000.0
1980-08-16 12:00:00,9154510000000.0,8333500000000.0,8330434600000.0
1980-09-16 00:00:00,8708612400000.0,7890159000000.0,7902881400000.0
1980-10-16 12:00:00,10043739000000.0,9242512000000.0,9842859000000.0
1980-11-16 00:00:00,11510911000000.0,11306148000000.0,11530600000000.0
1980-12-16 12:00:00,13782229000000.0,13665752000000.0,13813418000000.0
1981-01-16 12:00:00,15352094000000.0,15125621000000.0,15187469000000.0
1981-02-15 00:00:00,16333589000000.0,16048611000000.0,16195485000000.0
1981-03-16 12:00:00,16848815000000.0,16179824000000.0,16456134000000.0
1981-04-16 00:00:00,16910626000000.0,16145090000000.0,16491689000000.0
1981-05-16 12:00:00,16607594000000.0,15505757000000.0,15733826000000.0
1981-06-16 00:00:00,14276662000000.0,12937595000000.0,13454512000000.0
1981-07-16 12:00:00,11677098000000.0,10576764000000.0,10698648000000.0
1981-08-16 12:00:00,9063243000000.0,7759930000000.0,7804907000000.0
1981-09-16 00:00:00,8048701600000.0,7412351000000.0,7200642000000.0
1981-10-16 12:00:00,10090494000000.0,9100808000000.0,9145902000000.0
1981-11-16 00:00:00,12228615000000.0,10833189000000.0,11769024000000.0
1981-12-16 12:00:00,14008923000000.0,13148420000000.0,14037627000000.0
1982-01-16 12:00:00,15692059000000.0,15030833000000.0,15214088000000.0
1982-02-15 00:00:00,16798026000000.0,15808675000000.0,15937422000000.0
1982-03-16 12:00:00,17053011000000.0,15983574000000.0,16051056000000.0
1982-04-16 00:00:00,17192108000000.0,15802590000000.0,16045400000000.0
1982-05-16 12:00:00,16424510000000.0,15121686000000.0,15312410000000.0
1982-06-16 00:00:00,14515734000000.0,12986552000000.0,13214158000000.0
1982-07-16 12:00:00,11568316000000.0,10163776000000.0,11699934000000.0
1982-08-16 12:00:00,9189223000000.0,7850958000000.0,8315049000000.0
1982-09-16 00:00:00,8303133000000.0,7104879400000.0,7243857700000.0
1982-10-16 12:00:00,9936656000000.0,8997212000000.0,9841813000000.0
1982-11-16 00:00:00,11775689000000.0,10842244000000.0,11978350000000.0
1982-12-16 12:00:00,14038658000000.0,13016500000000.0,13792032000000.0
1983-01-16 12:00:00,15608665000000.0,14373888000000.0,15104919000000.0
1983-02-15 00:00:00,16459346000000.0,15277881000000.0,15835599000000.0
1983-03-16 12:00:00,16729626000000.0,15595997000000.0,16239129000000.0
1983-04-16 00:00:00,16940474000000.0,15578301000000.0,16366123000000.0
1983-05-16 12:00:00,16394687000000.0,14827561000000.0,15750077000000.0
1983-06-16 00:00:00,14206324000000.0,12907335000000.0,13509316000000.0
1983-07-16 12:00:00,11339666000000.0,10625764000000.0,11315693000000.0
1983-08-16 12:00:00,8632267700000.0,8601502000000.0,9218067000000.0
1983-09-16 00:00:00,8045307000000.0,7772527700000.0,8344321000000.0
1983-10-16 12:00:00,9985737000000.0,9909243000000.0,10077024000000.0
1983-11-16 00:00:00,11503772000000.0,11366675000000.0,12154430000000.0
1983-12-16 12:00:00,13673613000000.0,13477173000000.0,14373338000000.0
1984-01-16 12:00:00,15350433000000.0,15122449000000.0,15961051000000.0
1984-02-15 12:00:00,16364890000000.0,15730750000000.0,16686982000000.0
1984-03-16 12:00:00,16689127000000.0,15834441000000.0,16937254000000.0
1984-04-16 00:00:00,16471829000000.0,15780284000000.0,16937694000000.0
1984-05-16 12:00:00,15855975000000.0,15101206000000.0,16365715000000.0
1984-06-16 00:00:00,13835613000000.0,12797009000000.0,13915611000000.0
1984-07-16 12:00:00,10552368000000.0,10392485000000.0,11116066000000.0
1984-08-16 12:00:00,7966990000000.0,7881856400000.0,8960587000000.0
1984-09-16 00:00:00,7639924000000.0,7673507000000.0,8371524600000.0
1984-10-16 12:00:00,9239244000000.0,9264411000000.0,10088144000000.0
1984-11-16 00:00:00,11367661000000.0,11161063000000.0,11622195000000.0
1984-12-16 12:00:00,13618425000000.0,13388650000000.0,13872533000000.0
1985-01-16 12:00:00,15478297000000.0,15069292000000.0,15595530000000.0
1985-02-15 00:00:00,16580495000000.0,15885457000000.0,16529435000000.0
1985-03-16 12:00:00,16961749000000.0,16276413000000.0,16903101000000.0
1985-04-16 00:00:00,16978855000000.0,16164312000000.0,16376484000000.0
1985-05-16 12:00:00,16438356000000.0,15410880000000.0,15599897000000.0
1985-06-16 00:00:00,14407402000000.0,13398438000000.0,13492682000000.0
1985-07-16 12:00:00,11490770000000.0,10893858000000.0,11272550000000.0
1985-08-16 12:00:00,8031814000000.0,7758964300000.0,8947292000000.0
1985-09-16 00:00:00,7034228400000.0,6921269000000.0,7921522400000.0
1985-10-16 12:00:00,9517666000000.0,8655988000000.0,9302102000000.0
1985-11-16 00:00:00,11681826000000.0,10937122000000.0,11028562000000.0
1985-12-16 12:00:00,14501011000000.0,13794561000000.0,14037404000000.0
1986-01-16 12:00:00,15947616000000.0,15362598000000.0,15593879000000.0
1986-02-15 00:00:00,16463056000000.0,15957459000000.0,16351763000000.0
1986-03-16 12:00:00,16626355000000.0,16302495000000.0,16883370000000.0
1986-04-16 00:00:00,16651053000000.0,16333250000000.0,16788838000000.0
1986-05-16 12:00:00,15870566000000.0,15471913000000.0,15881708000000.0
1986-06-16 00:00:00,13011770000000.0,13110989000000.0,13526199000000.0
1986-07-16 12:00:00,10980885000000.0,10030298000000.0,10062488000000.0
1986-08-16 12:00:00,7651559000000.0,7468964400000.0,7791065400000.0
1986-09-16 00:00:00,6737216000000.0,6888306500000.0,7302057300000.0
1986-10-16 12:00:00,8032084000000.0,8735852300000.0,9041656000000.0
1986-11-16 00:00:00,10753048000000.0,10976401000000.0,11313250000000.0
1986-12-16 12:00:00,13081399000000.0,13139593000000.0,13464805000000.0
1987-01-16 12:00:00,15126376000000.0,14764336000000.0,15464431000000.0
1987-02-15 00:00:00,15891910000000.0,15424381000000.0,16544627000000.0
1987-03-16 12:00:00,16253895000000.0,15684487000000.0,16966277000000.0
1987-04-16 00:00:00,16313756000000.0,15691699000000.0,16777461000000.0
1987-05-16 12:00:00,15888655000000.0,15068568000000.0,15875716000000.0
1987-06-16 00:00:00,13485863000000.0,12920939000000.0,14135470000000.0
1987-07-16 12:00:00,10161710000000.0,10643343000000.0,10953790000000.0
1987-08-16 12:00:00,7823076400000.0,8458147500000.0,8219255000000.0
1987-09-16 00:00:00,6962437000000.0,8259836600000.0,7617949700000.0
1987-10-16 12:00:00,9054270000000.0,9201393000000.0,9783528000000.0
1987-11-16 00:00:00,10944694000000.0,10777262000000.0,11772262000000.0
1987-12-16 12:00:00,12663416000000.0,13152159000000.0,13744470000000.0
1988-01-16 12:00:00,14587730000000.0,14485602000000.0,15488598000000.0
1988-02-15 12:00:00,15581196000000.0,15306657000000.0,16520239000000.0
1988-03-16 12:00:00,16156329000000.0,15842112000000.0,17014712000000.0
1988-04-16 00:00:00,16170453000000.0,15690858000000.0,16926940000000.0
1988-05-16 12:00:00,15247602000000.0,15176338000000.0,16103522000000.0
1988-06-16 00:00:00,12865792000000.0,12879004000000.0,13894439000000.0
1988-07-16 12:00:00,10596602000000.0,10149452000000.0,11650738000000.0
1988-08-16 12:00:00,8664261000000.0,7575703000000.0,8887903000000.0
1988-09-16 00:00:00,8301195600000.0,7101692000000.0,8041545600000.0
1988-10-16 12:00:00,9304945000000.0,9114915000000.0,9871534000000.0
1988-11-16 00:00:00,10988974000000.0,10970476000000.0,11723365000000.0
1988-12-16 12:00:00,12928572000000.0,13202393000000.0,14014247000000.0
1989-01-16 12:00:00,14941764000000.0,14729865000000.0,15717588000000.0
1989-02-15 00:00:00,16027708000000.0,15718198000000.0,16809581000000.0
1989-03-16 12:00:00,16424748000000.0,16273960000000.0,17191196000000.0
1989-04-16 00:00:00,16211748000000.0,16327337000000.0,17127967000000.0
1989-05-16 12:00:00,15661714000000.0,15437663000000.0,16300907000000.0
1989-06-16 00:00:00,13603831000000.0,12654282000000.0,14186004000000.0
1989-07-16 12:00:00,10667621000000.0,10044113000000.0,11636571000000.0
1989-08-16 12:00:00,8097719400000.0,7934950500000.0,8193765000000.0
1989-09-16 00:00:00,7031086400000.0,6640919600000.0,7451853000000.0
1989-10-16 12:00:00,9070023000000.0,7980399500000.0,8748304700000.0
1989-11-16 00:00:00,11354649000000.0,10783633000000.0,11627487000000.0
1989-12-16 12:00:00,13302165000000.0,13314687000000.0,13870316000000.0
1990-01-16 12:00:00,14882319000000.0,15270463000000.0,15404188000000.0
1990-02-15 00:00:00,15576261000000.0,15895234000000.0,16301376000000.0
1990-03-16 12:00:00,15984829000000.0,16228757000000.0,16779970000000.0
1990-04-16 00:00:00,16058795000000.0,16414935000000.0,16641267000000.0
1990-05-16 12:00:00,15450203000000.0,15891838000000.0,15903465000000.0
1990-06-16 00:00:00,13409189000000.0,13581018000000.0,14200981000000.0
1990-07-16 12:00:00,10118454000000.0,10752953000000.0,11766906000000.0
1990-08-16 12:00:00,7633105300000.0,7400793300000.0,8856768000000.0
1990-09-16 00:00:00,7110078000000.0,6404862600000.0,8096503000000.0
1990-10-16 12:00:00,8965680000000.0,8517176500000.0,10142861000000.0
1990-11-16 00:00:00,10769559000000.0,11178196000000.0,11920948000000.0
1990-12-16 12:00:00,13635834000000.0,13629439000000.0,13923169000000.0
1991-01-16 12:00:00,15096146000000.0,15191668000000.0,15601440000000.0
1991-02-15 00:00:00,15879811000000.0,15980141000000.0,16270648000000.0
1991-03-16 12:00:00,16172462000000.0,16251965000000.0,16702075000000.0
1991-04-16 00:00:00,16352121000000.0,15917131000000.0,16642335000000.0
1991-05-16 12:00:00,15806092000000.0,15192495000000.0,15964679000000.0
1991-06-16 00:00:00,13911477000000.0,13080998000000.0,13780167000000.0
1991-07-16 12:00:00,10409915000000.0,10550381000000.0,11464568000000.0
1991-08-16 12:00:00,7575526400000.0,7664562000000.0,8547592600000.0
1991-09-16 00:00:00,6555933000000.0,7390007000000.0,7248081000000.0
1991-10-16 12:00:00,8756755000000.0,8757406000000.0,9193186000000.0
1991-11-16 00:00:00,11222945000000.0,10561727000000.0,11285366000000.0
1991-12-16 12:00:00,13272576000000.0,13219328000000.0,13573666000000.0
1992-01-16 12:00:00,14764636000000.0,14961930000000.0,15751889000000.0
1992-02-15 12:00:00,15592405000000.0,15829088000000.0,16371449000000.0
1992-03-16 12:00:00,15891362000000.0,16177374000000.0,16652579000000.0
1992-04-16 00:00:00,15933056000000.0,15915108000000.0,16709979000000.0
1992-05-16 12:00:00,15274795000000.0,15270138000000.0,15911684000000.0
1992-06-16 00:00:00,13438099000000.0,12802796000000.0,13491029000000.0
1992-07-16 12:00:00,10978631000000.0,9969942000000.0,11112346000000.0
1992-08-16 12:00:00,7785052400000.0,8099916000000.0,8647255500000.0
1992-09-16 00:00:00,6753425000000.0,7315281000000.0,8039726000000.0
1992-10-16 12:00:00,9194622000000.0,9021294000000.0,9605933000000.0
1992-11-16 00:00:00,11196047000000.0,11104971000000.0,11608800000000.0
1992-12-16 12:00:00,12966146000000.0,13119454000000.0,14205278000000.0
1993-01-16 12:00:00,14929298000000.0,14739339000000.0,15552284000000.0
1993-02-15 00:00:00,15743564000000.0,15606993000000.0,16522521000000.0
1993-03-16 12:00:00,16403713000000.0,16076615000000.0,16832467000000.0
1993-04-16 00:00:00,16354102000000.0,16038789000000.0,16586931000000.0
1993-05-16 12:00:00,15537006000000.0,15535595000000.0,16097359000000.0
1993-06-16 00:00:00,13109217000000.0,13389061000000.0,14073864000000.0
1993-07-16 12:00:00,10226146000000.0,10443209000000.0,11665426000000.0
1993-08-16 12:00:00,7850926500000.0,8317465300000.0,8957895000000.0
1993-09-16 00:00:00,6675228500000.0,7678204000000.0,8230501000000.0
1993-10-16 12:00:00,8924623000000.0,9403497000000.0,9765093000000.0
1993-11-16 00:00:00,11107937000000.0,11161095000000.0,11595033000000.0
1993-12-16 12:00:00,13543060000000.0,13819220000000.0,14107080000000.0
1994-01-16 12:00:00,14961588000000.0,15298065000000.0,15734040000000.0
1994-02-15 00:00:00,16017896000000.0,15939757000000.0,16398455000000.0
1994-03-16 12:00:00,16460119000000.0,16468155000000.0,16780692000000.0
1994-04-16 00:00:00,16638885000000.0,16541336000000.0,16677108000000.0
1994-05-16 12:00:00,15799037000000.0,15770170000000.0,15863130000000.0
1994-06-16 00:00:00,13199823000000.0,13187673000000.0,13739928000000.0
1994-07-16 12:00:00,10524779000000.0,10162178000000.0,11175339000000.0
1994-08-16 12:00:00,8095711400000.0,7551466300000.0,8270851000000.0
1994-09-16 00:00:00,7347809000000.0,7042852000000.0,7471212000000.0
1994-10-16 12:00:00,9347793000000.0,8255476600000.0,9622728000000.0
1994-11-16 00:00:00,11009923000000.0,11055921000000.0,11464499000000.0
1994-12-16 12:00:00,13557178000000.0,13633682000000.0,13942722000000.0
1995-01-16 12:00:00,15266554000000.0,14932884000000.0,15240590000000.0
1995-02-15 00:00:00,16120855000000.0,15796886000000.0,15954836000000.0
1995-03-16 12:00:00,16460636000000.0,16094544000000.0,16190758000000.0
1995-04-16 00:00:00,16202479000000.0,15958646000000.0,16411510000000.0
1995-05-16 12:00:00,15392538000000.0,15344024000000.0,15709747000000.0
1995-06-16 00:00:00,13510737000000.0,13675399000000.0,13325167000000.0
1995-07-16 12:00:00,10415519000000.0,11462236000000.0,10698338000000.0
1995-08-16 12:00:00,8176997500000.0,8190449000000.0,7866418700000.0
1995-09-16 00:00:00,7474288500000.0,7094228000000.0,6868291000000.0
1995-10-16 12:00:00,9205407000000.0,9011524000000.0,8521005400000.0
1995-11-16 00:00:00,10940032000000.0,11304062000000.0,10977945000000.0
1995-12-16 12:00:00,13515816000000.0,13639692000000.0,12945384000000.0
1996-01-16 12:00:00,15229979000000.0,15352166000000.0,15056142000000.0
1996-02-15 12:00:00,15752009000000.0,16117060000000.0,15889069000000.0
1996-03-16 12:00:00,16115835000000.0,16503676000000.0,16264693000000.0
1996-04-16 00:00:00,16052259000000.0,16480845000000.0,16318598000000.0
1996-05-16 12:00:00,15411842000000.0,15742311000000.0,15610285000000.0
1996-06-16 00:00:00,13316848000000.0,13685108000000.0,13226612000000.0
1996-07-16 12:00:00,10639893000000.0,10652057000000.0,10092458000000.0
1996-08-16 12:00:00,8362541400000.0,7435130000000.0,7528306400000.0
1996-09-16 00:00:00,7538555000000.0,6725168500000.0,6369732000000.0
1996-10-16 12:00:00,9223286000000.0,8911232000000.0,8562997000000.0
1996-11-16 00:00:00,10937885000000.0,11023790000000.0,10981145000000.0
1996-12-16 12:00:00,13398003000000.0,13331004000000.0,13586347000000.0
1997-01-16 12:00:00,15042144000000.0,15234387000000.0,15003441000000.0
1997-02-15 00:00:00,16245605000000.0,16316795000000.0,16287992000000.0
1997-03-16 12:00:00,16904159000000.0,16565290000000.0,16800328000000.0
1997-04-16 00:00:00,16856111000000.0,16645505000000.0,16726874000000.0
1997-05-16 12:00:00,16365988000000.0,15969661000000.0,15899046000000.0
1997-06-16 00:00:00,13925119000000.0,13927711000000.0,13405529000000.0
1997-07-16 12:00:00,10485738000000.0,10518843000000.0,10443231000000.0
1997-08-16 12:00:00,7614618400000.0,7792013300000.0,7156751400000.0
1997-09-16 00:00:00,6416561000000.0,6639651000000.0,6270109600000.0
1997-10-16 12:00:00,8666819300000.0,8204812000000.0,7888846700000.0
1997-11-16 00:00:00,11084363000000.0,10501681000000.0,10551661000000.0
1997-12-16 12:00:00,13284183000000.0,13272430000000.0,12850956000000.0
1998-01-16 12:00:00,15360797000000.0,15450579000000.0,15095936000000.0
1998-02-15 00:00:00,16313296000000.0,16031797000000.0,16183806000000.0
1998-03-16 12:00:00,16655472000000.0,16101611000000.0,16479225000000.0
1998-04-16 00:00:00,16771092000000.0,15920481000000.0,16464367000000.0
1998-05-16 12:00:00,16234265000000.0,15239335000000.0,15732358000000.0
1998-06-16 00:00:00,14033487000000.0,12493206000000.0,13217549000000.0
1998-07-16 12:00:00,10404172000000.0,10357607000000.0,10530427000000.0
1998-08-16 12:00:00,6661272000000.0,7640748000000.0,8302758000000.0
1998-09-16 00:00:00,5802744000000.0,6743362400000.0,6908500000000.0
1998-10-16 12:00:00,8195687300000.0,8288026000000.0,9182279000000.0
1998-11-16 00:00:00,11211275000000.0,10335838000000.0,10823773000000.0
1998-12-16 12:00:00,13423362000000.0,12601805000000.0,12850400000000.0
1999-01-16 12:00:00,15145575000000.0,14453377000000.0,14896408000000.0
1999-02-15 00:00:00,16079685000000.0,15176399000000.0,15727217000000.0
1999-03-16 12:00:00,16469595000000.0,15955943000000.0,16447174000000.0
1999-04-16 00:00:00,16415210000000.0,15844708000000.0,16502690000000.0
1999-05-16 12:00:00,15543409000000.0,15052787000000.0,15555762000000.0
1999-06-16 00:00:00,13577385000000.0,12377523000000.0,13391807000000.0
1999-07-16 12:00:00,10437814000000.0,9552903000000.0,9957204000000.0
1999-08-16 12:00:00,7101824000000.0,7506328300000.0,7769325000000.0
1999-09-16 00:00:00,6211505000000.0,6489221000000.0,7137192300000.0
1999-10-16 12:00:00,8652426600000.0,7961201000000.0,8466300000000.0
1999-11-16 00:00:00,11031305000000.0,10308296000000.0,10642237000000.0
1999-12-16 12:00:00,13167623000000.0,12544468000000.0,12743512000000.0
2000-01-16 12:00:00,14596463000000.0,14278466000000.0,14598870000000.0
2000-02-15 12:00:00,15761643000000.0,15339562000000.0,15886302000000.0
2000-03-16 12:00:00,16167780000000.0,15780440000000.0,16393131000000.0
2000-04-16 00:00:00,15942323000000.0,15972791000000.0,16205656000000.0
2000-05-16 12:00:00,15102466000000.0,15276186000000.0,15185135000000.0
2000-06-16 00:00:00,12991570000000.0,12660652000000.0,12784415000000.0
2000-07-16 12:00:00,10198852000000.0,9119210000000.0,9905974000000.0
2000-08-16 12:00:00,7985879300000.0,6905073000000.0,6803676000000.0
2000-09-16 00:00:00,7421090600000.0,6051802000000.0,6047909000000.0
2000-10-16 12:00:00,8952454000000.0,7882655000000.0,7996414400000.0
2000-11-16 00:00:00,11067163000000.0,10154599000000.0,10483065000000.0
2000-12-16 12:00:00,13543305000000.0,12237508000000.0,12469590000000.0
2001-01-16 12:00:00,15008197000000.0,14281330000000.0,14285267000000.0
2001-02-15 00:00:00,15702610000000.0,15181445000000.0,15296914000000.0
2001-03-16 12:00:00,16079801000000.0,15403992000000.0,15641056000000.0
2001-04-16 00:00:00,16126195000000.0,15313556000000.0,15716011000000.0
2001-05-16 12:00:00,15364629000000.0,14543472000000.0,15131525000000.0
2001-06-16 00:00:00,13067735000000.0,12375542000000.0,13155002000000.0
2001-07-16 12:00:00,10392867000000.0,9667604000000.0,10030424000000.0
2001-08-16 12:00:00,7020703000000.0,6787814700000.0,7157852400000.0
2001-09-16 00:00:00,6319889000000.0,6117653500000.0,6763144000000.0
2001-10-16 12:00:00,8915747000000.0,7799878000000.0,8613585000000.0
2001-11-16 00:00:00,10940106000000.0,10110324000000.0,10736707000000.0
2001-12-16 12:00:00,12927899000000.0,12536452000000.0,12888559000000.0
2002-01-16 12:00:00,14891131000000.0,14140469000000.0,14535228000000.0
2002-02-15 00:00:00,15875887000000.0,14829918000000.0,15214613000000.0
2002-03-16 12:00:00,16403729000000.0,15413820000000.0,15782233000000.0
2002-04-16 00:00:00,16421323000000.0,15405589000000.0,15744041000000.0
2002-05-16 12:00:00,15976041000000.0,14648825000000.0,15107823000000.0
2002-06-16 00:00:00,14021726000000.0,12573350000000.0,13232480000000.0
2002-07-16 12:00:00,10624703000000.0,10081399000000.0,10733346000000.0
2002-08-16 12:00:00,7966981400000.0,7332141500000.0,7713429400000.0
2002-09-16 00:00:00,6394119000000.0,6470667600000.0,6369867000000.0
2002-10-16 12:00:00,8414653000000.0,8036278600000.0,8401955300000.0
2002-11-16 00:00:00,11021904000000.0,10439535000000.0,10485617000000.0
2002-12-16 12:00:00,13327384000000.0,12674639000000.0,12971124000000.0
2003-01-16 12:00:00,15332622000000.0,14220602000000.0,14386548000000.0
2003-02-15 00:00:00,16430757000000.0,14985999000000.0,15498308000000.0
2003-03-16 12:00:00,16748926000000.0,15442582000000.0,15974038000000.0
2003-04-16 00:00:00,16715076000000.0,15172345000000.0,16052884000000.0
2003-05-16 12:00:00,16023177000000.0,14522780000000.0,14852922000000.0
2003-06-16 00:00:00,13766616000000.0,12971509000000.0,12906692000000.0
2003-07-16 12:00:00,11177845000000.0,10374921000000.0,10524270000000.0
2003-08-16 12:00:00,7240985600000.0,7753202000000.0,7944820000000.0
2003-09-16 00:00:00,6190175000000.0,7018157000000.0,7272730000000.0
2003-10-16 12:00:00,8520249400000.0,8916144000000.0,9134230000000.0
2003-11-16 00:00:00,10894764000000.0,10736724000000.0,10590645000000.0
2003-12-16 12:00:00,13880405000000.0,12365266000000.0,12751198000000.0
2004-01-16 12:00:00,15557410000000.0,14329671000000.0,14441052000000.0
2004-02-15 12:00:00,16530041000000.0,15209620000000.0,15261921000000.0
2004-03-16 12:00:00,16926630000000.0,15775907000000.0,15931746000000.0
2004-04-16 00:00:00,17043656000000.0,15607953000000.0,15942323000000.0
2004-05-16 12:00:00,16194163000000.0,15133550000000.0,15101184000000.0
2004-06-16 00:00:00,13992297000000.0,12697207000000.0,12373640000000.0
2004-07-16 12:00:00,10489742000000.0,10005359000000.0,9427311000000.0
2004-08-16 12:00:00,6706841000000.0,7793485500000.0,6858446000000.0
2004-09-16 00:00:00,5908643000000.0,7263515000000.0,6425362300000.0
2004-10-16 12:00:00,8334708000000.0,8909492000000.0,8512419700000.0
2004-11-16 00:00:00,10546035000000.0,10897482000000.0,10610258000000.0
2004-12-16 12:00:00,13274060000000.0,12932077000000.0,12560750000000.0
2005-01-16 12:00:00,15010584000000.0,14453449000000.0,14729890000000.0
2005-02-15 00:00:00,16198972000000.0,15225412000000.0,15822717000000.0
2005-03-16 12:00:00,16743796000000.0,15545903000000.0,16163156000000.0
2005-04-16 00:00:00,16636064000000.0,15677027000000.0,15948839000000.0
2005-05-16 12:00:00,15884056000000.0,14669438000000.0,15328197000000.0
2005-06-16 00:00:00,13092253000000.0,12707311000000.0,13054569000000.0
2005-07-16 12:00:00,10057787000000.0,10317774000000.0,10220936000000.0
2005-08-16 12:00:00,7110200000000.0,7439223600000.0,7464029000000.0
2005-09-16 00:00:00,6402416300000.0,6568096600000.0,6439727000000.0
2005-10-16 12:00:00,8420317000000.0,7792089000000.0,8289980000000.0
2005-11-16 00:00:00,10383583000000.0,10427096000000.0,11189885000000.0
2005-12-16 12:00:00,12437711000000.0,12788385000000.0,13540774000000.0
2006-01-16 12:00:00,14303902000000.0,14495766000000.0,15157269000000.0
2006-02-15 00:00:00,15506857000000.0,15349063000000.0,15839286000000.0
2006-03-16 12:00:00,16021492000000.0,15842415000000.0,16271779000000.0
2006-04-16 00:00:00,16059669000000.0,16067540000000.0,16027049000000.0
2006-05-16 12:00:00,15439726000000.0,15113117000000.0,15305024000000.0
2006-06-16 00:00:00,12902503000000.0,13118267000000.0,13252103000000.0
2006-07-16 12:00:00,9757918000000.0,10220404000000.0,9912169000000.0
2006-08-16 12:00:00,7341740700000.0,7355923000000.0,7964589600000.0
2006-09-16 00:00:00,6506979300000.0,5115448000000.0,7320655000000.0
2006-10-16 12:00:00,8346864000000.0,7588953500000.0,9160461000000.0
2006-11-16 00:00:00,10586638000000.0,10781357000000.0,11158556000000.0
2006-12-16 12:00:00,12602267000000.0,12874129000000.0,13256880000000.0
2007-01-16 12:00:00,14688453000000.0,14800715000000.0,14892176000000.0
2007-02-15 00:00:00,15527974000000.0,15406049000000.0,15671128000000.0
2007-03-16 12:00:00,16147477000000.0,15759573000000.0,16001031000000.0
2007-04-16 00:00:00,16240801000000.0,15865938000000.0,16195318000000.0
2007-05-16 12:00:00,15060702000000.0,15160280000000.0,15525602000000.0
2007-06-16 00:00:00,13102691000000.0,13027539000000.0,13159537000000.0
2007-07-16 12:00:00,10070898000000.0,9968731000000.0,10312526000000.0
2007-08-16 12:00:00,7263483300000.0,7455096000000.0,8197086000000.0
2007-09-16 00:00:00,6232623000000.0,6640896000000.0,7452814700000.0
2007-10-16 12:00:00,7755157500000.0,8455091000000.0,9040857000000.0
2007-11-16 00:00:00,10639837000000.0,10682000000000.0,11103365000000.0
2007-12-16 12:00:00,12628463000000.0,12783374000000.0,13590591000000.0
2008-01-16 12:00:00,14266061000000.0,15031039000000.0,15071732000000.0
2008-02-15 12:00:00,15144074000000.0,16444274000000.0,15917046000000.0
2008-03-16 12:00:00,15571788000000.0,17272404000000.0,16156806000000.0
2008-04-16 00:00:00,15296712000000.0,17133553000000.0,15959463000000.0
2008-05-16 12:00:00,14482634000000.0,16081680000000.0,15093027000000.0
2008-06-16 00:00:00,12602397000000.0,13439599000000.0,12980261000000.0
2008-07-16 12:00:00,10106550000000.0,10048976000000.0,9993283000000.0
2008-08-16 12:00:00,7134053000000.0,6925942000000.0,7255944600000.0
2008-09-16 00:00:00,6574825000000.0,6230730000000.0,6491515400000.0
2008-10-16 12:00:00,8177516500000.0,8583093700000.0,7832688700000.0
2008-11-16 00:00:00,10863396000000.0,11136541000000.0,10937484000000.0
2008-12-16 12:00:00,13032906000000.0,13670491000000.0,13152041000000.0
2009-01-16 12:00:00,14633295000000.0,15693457000000.0,14908197000000.0
2009-02-15 00:00:00,15491186000000.0,16539914000000.0,16092003000000.0
2009-03-16 12:00:00,15920309000000.0,17029180000000.0,16615172000000.0
2009-04-16 00:00:00,15764119000000.0,17216866000000.0,16508710000000.0
2009-05-16 12:00:00,14846780000000.0,16417716000000.0,15549788000000.0
2009-06-16 00:00:00,12595111000000.0,13750287000000.0,13625751000000.0
2009-07-16 12:00:00,9703252000000.0,10255369000000.0,10850559000000.0
2009-08-16 12:00:00,6797010700000.0,7500751000000.0,7550273600000.0
2009-09-16 00:00:00,5634999700000.0,7065889700000.0,6863305000000.0
2009-10-16 12:00:00,7580127600000.0,8931927000000.0,8698000000000.0
2009-11-16 00:00:00,10458757000000.0,10918920000000.0,11485965000000.0
2009-12-16 12:00:00,12354010000000.0,12712145000000.0,13540235000000.0
2010-01-16 12:00:00,14624392000000.0,14896555000000.0,15265983000000.0
2010-02-15 00:00:00,15525086000000.0,16016781000000.0,16253496000000.0
2010-03-16 12:00:00,15919882000000.0,16355958000000.0,16317319000000.0
2010-04-16 00:00:00,15850178000000.0,16432936000000.0,16418526000000.0
2010-05-16 12:00:00,15185415000000.0,15350255000000.0,15865787000000.0
2010-06-16 00:00:00,12967637000000.0,13143349000000.0,13519177000000.0
2010-07-16 12:00:00,9772477000000.0,9741161000000.0,10632796000000.0
2010-08-16 12:00:00,6429867000000.0,6633502000000.0,8411657300000.0
2010-09-16 00:00:00,5800809500000.0,6200450000000.0,7463023700000.0
2010-10-16 12:00:00,7977187700000.0,8090605000000.0,8656921300000.0
2010-11-16 00:00:00,10568122000000.0,11049282000000.0,11196722000000.0
2010-12-16 12:00:00,12722152000000.0,12972323000000.0,13230485000000.0
2011-01-16 12:00:00,14620635000000.0,14697722000000.0,14942407000000.0
2011-02-15 00:00:00,15412100000000.0,15789548000000.0,16032441000000.0
2011-03-16 12:00:00,15966602000000.0,16373951000000.0,16530295000000.0
2011-04-16 00:00:00,16043902000000.0,16382648000000.0,16581686000000.0
2011-05-16 12:00:00,15200301000000.0,15695134000000.0,15984792000000.0
2011-06-16 00:00:00,12799963000000.0,13381052000000.0,13552226000000.0
2011-07-16 12:00:00,10285545000000.0,10101279000000.0,10117424000000.0
2011-08-16 12:00:00,6801617000000.0,6631849500000.0,7476636000000.0
2011-09-16 00:00:00,5578607300000.0,5887779400000.0,5808893000000.0
2011-10-16 12:00:00,7736972500000.0,8124380500000.0,7810528600000.0
2011-11-16 00:00:00,10770589000000.0,10780888000000.0,10635939000000.0
2011-12-16 12:00:00,12593550000000.0,13098860000000.0,13104604000000.0
2012-01-16 12:00:00,14418303000000.0,14432383000000.0,14949651000000.0
2012-02-15 12:00:00,15474678000000.0,15348903000000.0,15697440000000.0
2012-03-16 12:00:00,15891715000000.0,15856579000000.0,15950260000000.0
2012-04-16 00:00:00,15974896000000.0,15872195000000.0,16202109000000.0
2012-05-16 12:00:00,15113489000000.0,14773633000000.0,15334086000000.0
2012-06-16 00:00:00,12934061000000.0,12709493000000.0,12543376000000.0
2012-07-16 12:00:00,10109499000000.0,10380773000000.0,9072390000000.0
2012-08-16 12:00:00,6754771400000.0,6942408000000.0,6655913000000.0
2012-09-16 00:00:00,5606129300000.0,5812689300000.0,5500341000000.0
2012-10-16 12:00:00,8092250000000.0,8049624400000.0,7105557300000.0
2012-11-16 00:00:00,10512697000000.0,10899644000000.0,10599963000000.0
2012-12-16 12:00:00,12722194000000.0,13058552000000.0,12196680000000.0
2013-01-16 12:00:00,14552124000000.0,14708671000000.0,14690372000000.0
2013-02-15 00:00:00,15754604000000.0,15686164000000.0,15327920000000.0
2013-03-16 12:00:00,16216993000000.0,16102688000000.0,15802781000000.0
2013-04-16 00:00:00,16059009000000.0,16063211000000.0,15923414000000.0
2013-05-16 12:00:00,15571835000000.0,15160773000000.0,15205889000000.0
2013-06-16 00:00:00,13622162000000.0,13206808000000.0,13093707000000.0
2013-07-16 12:00:00,10606535000000.0,10601000000000.0,10123701000000.0
2013-08-16 12:00:00,7838019600000.0,7417108600000.0,7134805000000.0
2013-09-16 00:00:00,6424164000000.0,6773373700000.0,5369303000000.0
2013-10-16 12:00:00,8089539400000.0,8902297000000.0,7728340700000.0
2013-11-16 00:00:00,10749104000000.0,11327716000000.0,10414460000000.0
2013-12-16 12:00:00,12788189000000.0,13373853000000.0,12575239000000.0
2014-01-16 12:00:00,14789390000000.0,15121798000000.0,14134693000000.0
2014-02-15 00:00:00,15807686000000.0,16232506000000.0,15108824000000.0
2014-03-16 12:00:00,16212643000000.0,16549564000000.0,15699643000000.0
2014-04-16 00:00:00,16200467000000.0,16279406000000.0,15559562000000.0
2014-05-16 12:00:00,15624168000000.0,15336383000000.0,14342964000000.0
2014-06-16 00:00:00,13238608000000.0,13137439000000.0,12395149000000.0
2014-07-16 12:00:00,10047140000000.0,9997857000000.0,9476722000000.0
2014-08-16 12:00:00,7056150000000.0,7673001000000.0,6866339000000.0
2014-09-16 00:00:00,6088177000000.0,6702519000000.0,5725017300000.0
2014-10-16 12:00:00,8441714000000.0,8215216000000.0,7617894000000.0
2014-11-16 00:00:00,10962186000000.0,10594187000000.0,10433960000000.0
2014-12-16 12:00:00,13150732000000.0,12408118000000.0,12329930000000.0
